group,national_team,squad_number,position,player,birth_date,age,caps,goals,professional_club,professional_club_country,professional_club_logo_url,fifpro_world11_apps,fifpro_world11_years,all_star_source,contract_source,contract_start,contract_end,salary,salary_currency,source_url,retrieved_at_utc
A,Czech Republic,1,GK,Matěj Kovář,2000-05-17,26,20,0,PSV Eindhoven,the Netherlands,https://upload.wikimedia.org/wikipedia/en/thumb/0/05/PSV_Eindhoven.svg/250px-PSV_Eindhoven.svg.png,0,,,,,,,,https://en.wikipedia.org/wiki/2026_FIFA_World_Cup_squads,2026-06-11T04:21:10+00:00
A,Czech Republic,2,DF,David Zima,2000-11-08,25,25,1,Slavia Prague,the Czech Republic,https://upload.wikimedia.org/wikipedia/commons/thumb/2/2b/SK_Slavia_Praha_full_logo.svg/250px-SK_Slavia_Praha_full_logo.svg.png,0,,,,,,,,https://en.wikipedia.org/wiki/2026_FIFA_World_Cup_squads,2026-06-11T04:21:10+00:00
A,Czech Republic,3,DF,Tomáš Holeš,1993-03-31,33,41,2,Slavia Prague,the Czech Republic,https://upload.wikimedia.org/wikipedia/commons/thumb/2/2b/SK_Slavia_Praha_full_logo.svg/250px-SK_Slavia_Praha_full_logo.svg.png,0,,,,,,,,https://en.wikipedia.org/wiki/2026_FIFA_World_Cup_squads,2026-06-11T04:21:10+00:00
A,Czech Republic,4,DF,Robin Hranáč,2000-01-29,26,14,1,TSG Hoffenheim,Germany,https://upload.wikimedia.org/wikipedia/commons/thumb/e/e7/Logo_TSG_Hoffenheim.svg/250px-Logo_TSG_Hoffenheim.svg.png,0,,,,,,,,https://en.wikipedia.org/wiki/2026_FIFA_World_Cup_squads,2026-06-11T04:21:10+00:00
A,Czech Republic,5,DF,Vladimír Coufal,1992-08-22,33,62,2,TSG Hoffenheim,Germany,https://upload.wikimedia.org/wikipedia/commons/thumb/e/e7/Logo_TSG_Hoffenheim.svg/250px-Logo_TSG_Hoffenheim.svg.png,0,,,,,,,,https://en.wikipedia.org/wiki/2026_FIFA_World_Cup_squads,2026-06-11T04:21:10+00:00
A,Czech Republic,6,DF,Štěpán Chaloupek,2003-03-08,23,5,0,Slavia Prague,the Czech Republic,https://upload.wikimedia.org/wikipedia/commons/thumb/2/2b/SK_Slavia_Praha_full_logo.svg/250px-SK_Slavia_Praha_full_logo.svg.png,0,,,,,,,,https://en.wikipedia.org/wiki/2026_FIFA_World_Cup_squads,2026-06-11T04:21:10+00:00
A,Czech Republic,7,DF,Ladislav Krejčí,1999-04-20,27,27,5,Wolverhampton Wanderers,England,https://upload.wikimedia.org/wikipedia/en/thumb/c/c9/Wolverhampton_Wanderers_FC_crest.svg/250px-Wolverhampton_Wanderers_FC_crest.svg.png,0,,,,,,,,https://en.wikipedia.org/wiki/2026_FIFA_World_Cup_squads,2026-06-11T04:21:10+00:00
A,Czech Republic,8,MF,Vladimír Darida,1990-08-08,35,79,8,Hradec Králové,the Czech Republic,https://upload.wikimedia.org/wikipedia/en/thumb/d/d5/FC_Hradec_Kralove.png/250px-FC_Hradec_Kralove.png,0,,,,,,,,https://en.wikipedia.org/wiki/2026_FIFA_World_Cup_squads,2026-06-11T04:21:10+00:00
A,Czech Republic,9,FW,Adam Hložek,2002-07-25,23,43,5,TSG Hoffenheim,Germany,https://upload.wikimedia.org/wikipedia/commons/thumb/e/e7/Logo_TSG_Hoffenheim.svg/250px-Logo_TSG_Hoffenheim.svg.png,0,,,,,,,,https://en.wikipedia.org/wiki/2026_FIFA_World_Cup_squads,2026-06-11T04:21:10+00:00
A,Czech Republic,10,FW,Patrik Schick,1996-01-24,30,53,26,Bayer Leverkusen,Germany,https://upload.wikimedia.org/wikipedia/en/thumb/5/59/Bayer_04_Leverkusen_logo.svg/250px-Bayer_04_Leverkusen_logo.svg.png,0,,,,,,,,https://en.wikipedia.org/wiki/2026_FIFA_World_Cup_squads,2026-06-11T04:21:10+00:00
A,Czech Republic,11,FW,Jan Kuchta,1997-01-08,29,31,3,Sparta Prague,the Czech Republic,https://upload.wikimedia.org/wikipedia/commons/thumb/d/dd/AC-Sparta-LOGO2021.svg/250px-AC-Sparta-LOGO2021.svg.png,0,,,,,,,,https://en.wikipedia.org/wiki/2026_FIFA_World_Cup_squads,2026-06-11T04:21:10+00:00
A,Czech Republic,12,MF,Lukáš Červ,2001-04-10,25,17,2,Viktoria Plzeň,the Czech Republic,https://upload.wikimedia.org/wikipedia/en/thumb/e/e3/Viktoria_Plzen_logo.svg/250px-Viktoria_Plzen_logo.svg.png,0,,,,,,,,https://en.wikipedia.org/wiki/2026_FIFA_World_Cup_squads,2026-06-11T04:21:10+00:00
A,Czech Republic,13,FW,Mojmír Chytil,1999-04-29,27,22,6,Slavia Prague,the Czech Republic,https://upload.wikimedia.org/wikipedia/commons/thumb/2/2b/SK_Slavia_Praha_full_logo.svg/250px-SK_Slavia_Praha_full_logo.svg.png,0,,,,,,,,https://en.wikipedia.org/wiki/2026_FIFA_World_Cup_squads,2026-06-11T04:21:10+00:00
A,Czech Republic,14,DF,David Jurásek,2000-08-07,25,18,1,Slavia Prague,the Czech Republic,https://upload.wikimedia.org/wikipedia/commons/thumb/2/2b/SK_Slavia_Praha_full_logo.svg/250px-SK_Slavia_Praha_full_logo.svg.png,0,,,,,,,,https://en.wikipedia.org/wiki/2026_FIFA_World_Cup_squads,2026-06-11T04:21:10+00:00
A,Czech Republic,15,FW,Pavel Šulc,2000-12-29,25,21,5,Lyon,France,https://upload.wikimedia.org/wikipedia/en/thumb/1/1c/Olympique_Lyonnais_logo.svg/250px-Olympique_Lyonnais_logo.svg.png,0,,,,,,,,https://en.wikipedia.org/wiki/2026_FIFA_World_Cup_squads,2026-06-11T04:21:10+00:00
A,Czech Republic,16,GK,Jindřich Staněk,1996-04-27,30,14,0,Slavia Prague,the Czech Republic,https://upload.wikimedia.org/wikipedia/commons/thumb/2/2b/SK_Slavia_Praha_full_logo.svg/250px-SK_Slavia_Praha_full_logo.svg.png,0,,,,,,,,https://en.wikipedia.org/wiki/2026_FIFA_World_Cup_squads,2026-06-11T04:21:10+00:00
A,Czech Republic,17,MF,Lukáš Provod,1996-10-23,29,38,3,Slavia Prague,the Czech Republic,https://upload.wikimedia.org/wikipedia/commons/thumb/2/2b/SK_Slavia_Praha_full_logo.svg/250px-SK_Slavia_Praha_full_logo.svg.png,0,,,,,,,,https://en.wikipedia.org/wiki/2026_FIFA_World_Cup_squads,2026-06-11T04:21:10+00:00
A,Czech Republic,18,MF,Michal Sadílek,1999-05-31,27,35,1,Slavia Prague,the Czech Republic,https://upload.wikimedia.org/wikipedia/commons/thumb/2/2b/SK_Slavia_Praha_full_logo.svg/250px-SK_Slavia_Praha_full_logo.svg.png,0,,,,,,,,https://en.wikipedia.org/wiki/2026_FIFA_World_Cup_squads,2026-06-11T04:21:10+00:00
A,Czech Republic,19,FW,Tomáš Chorý,1995-01-26,31,22,7,Slavia Prague,the Czech Republic,https://upload.wikimedia.org/wikipedia/commons/thumb/2/2b/SK_Slavia_Praha_full_logo.svg/250px-SK_Slavia_Praha_full_logo.svg.png,0,,,,,,,,https://en.wikipedia.org/wiki/2026_FIFA_World_Cup_squads,2026-06-11T04:21:10+00:00
A,Czech Republic,20,DF,Jaroslav Zelený,1992-08-20,33,23,0,Sparta Prague,the Czech Republic,https://upload.wikimedia.org/wikipedia/commons/thumb/d/dd/AC-Sparta-LOGO2021.svg/250px-AC-Sparta-LOGO2021.svg.png,0,,,,,,,,https://en.wikipedia.org/wiki/2026_FIFA_World_Cup_squads,2026-06-11T04:21:10+00:00
A,Czech Republic,21,DF,David Douděra,1998-05-31,28,17,2,Slavia Prague,the Czech Republic,https://upload.wikimedia.org/wikipedia/commons/thumb/2/2b/SK_Slavia_Praha_full_logo.svg/250px-SK_Slavia_Praha_full_logo.svg.png,0,,,,,,,,https://en.wikipedia.org/wiki/2026_FIFA_World_Cup_squads,2026-06-11T04:21:10+00:00
A,Czech Republic,22,MF,Tomáš Souček,1995-02-27,31,90,17,West Ham United,England,https://upload.wikimedia.org/wikipedia/en/thumb/c/c2/West_Ham_United_FC_logo.svg/250px-West_Ham_United_FC_logo.svg.png,0,,,,,,,,https://en.wikipedia.org/wiki/2026_FIFA_World_Cup_squads,2026-06-11T04:21:10+00:00
A,Czech Republic,23,GK,Lukáš Horníček,2002-07-13,23,1,0,Braga,Portugal,https://upload.wikimedia.org/wikipedia/en/thumb/7/79/S.C._Braga_logo.svg/250px-S.C._Braga_logo.svg.png,0,,,,,,,,https://en.wikipedia.org/wiki/2026_FIFA_World_Cup_squads,2026-06-11T04:21:10+00:00
A,Czech Republic,24,MF,Alexandr Sojka,2003-04-02,23,2,0,Viktoria Plzeň,the Czech Republic,https://upload.wikimedia.org/wikipedia/en/thumb/e/e3/Viktoria_Plzen_logo.svg/250px-Viktoria_Plzen_logo.svg.png,0,,,,,,,,https://en.wikipedia.org/wiki/2026_FIFA_World_Cup_squads,2026-06-11T04:21:10+00:00
A,Czech Republic,25,MF,Hugo Sochůrek,2008-06-07,18,1,0,Sparta Prague,the Czech Republic,https://upload.wikimedia.org/wikipedia/commons/thumb/d/dd/AC-Sparta-LOGO2021.svg/250px-AC-Sparta-LOGO2021.svg.png,0,,,,,,,,https://en.wikipedia.org/wiki/2026_FIFA_World_Cup_squads,2026-06-11T04:21:10+00:00
A,Czech Republic,26,FW,Denis Višinský,2003-03-21,23,2,1,Viktoria Plzeň,the Czech Republic,https://upload.wikimedia.org/wikipedia/en/thumb/e/e3/Viktoria_Plzen_logo.svg/250px-Viktoria_Plzen_logo.svg.png,0,,,,,,,,https://en.wikipedia.org/wiki/2026_FIFA_World_Cup_squads,2026-06-11T04:21:10+00:00
A,Mexico,1,GK,Raúl Rangel,2000-02-25,26,14,0,Guadalajara,Mexico,https://upload.wikimedia.org/wikipedia/en/thumb/f/f0/Guadalajara_CD.svg/250px-Guadalajara_CD.svg.png,0,,,,,,,,https://en.wikipedia.org/wiki/2026_FIFA_World_Cup_squads,2026-06-11T04:21:10+00:00
A,Mexico,2,DF,Jorge Sánchez,1997-12-10,28,59,3,PAOK,Greece,https://upload.wikimedia.org/wikipedia/en/thumb/e/e6/PAOK_FC_EMBLEM.png/250px-PAOK_FC_EMBLEM.png,0,,,,,,,,https://en.wikipedia.org/wiki/2026_FIFA_World_Cup_squads,2026-06-11T04:21:10+00:00
A,Mexico,3,DF,César Montes,1997-02-24,29,67,4,Lokomotiv Moscow,Russia,https://upload.wikimedia.org/wikipedia/en/thumb/9/93/FC_Lokomotiv_Moscow_logo.svg/250px-FC_Lokomotiv_Moscow_logo.svg.png,0,,,,,,,,https://en.wikipedia.org/wiki/2026_FIFA_World_Cup_squads,2026-06-11T04:21:10+00:00
A,Mexico,4,DF,Edson Álvarez,1997-10-24,28,98,7,Fenerbahçe,Turkey,https://upload.wikimedia.org/wikipedia/en/thumb/3/39/Fenerbah%C3%A7e.svg/250px-Fenerbah%C3%A7e.svg.png,0,,,,,,,,https://en.wikipedia.org/wiki/2026_FIFA_World_Cup_squads,2026-06-11T04:21:10+00:00
A,Mexico,5,DF,Johan Vásquez,1998-10-22,27,46,3,Genoa,Italy,https://upload.wikimedia.org/wikipedia/en/thumb/2/2c/Genoa_CFC_crest.svg/250px-Genoa_CFC_crest.svg.png,0,,,,,,,,https://en.wikipedia.org/wiki/2026_FIFA_World_Cup_squads,2026-06-11T04:21:10+00:00
A,Mexico,6,MF,Érik Lira,2000-05-08,26,25,0,Cruz Azul,Mexico,https://upload.wikimedia.org/wikipedia/commons/thumb/1/15/Cruz_Azul_2026.png/250px-Cruz_Azul_2026.png,0,,,,,,,,https://en.wikipedia.org/wiki/2026_FIFA_World_Cup_squads,2026-06-11T04:21:10+00:00
A,Mexico,7,MF,Luis Romo,1995-06-05,31,63,4,Guadalajara,Mexico,https://upload.wikimedia.org/wikipedia/en/thumb/f/f0/Guadalajara_CD.svg/250px-Guadalajara_CD.svg.png,0,,,,,,,,https://en.wikipedia.org/wiki/2026_FIFA_World_Cup_squads,2026-06-11T04:21:10+00:00
A,Mexico,8,MF,Álvaro Fidalgo,1997-04-09,29,4,0,Real Betis,Spain,https://upload.wikimedia.org/wikipedia/en/thumb/1/13/Real_betis_logo.svg/250px-Real_betis_logo.svg.png,0,,,,,,,,https://en.wikipedia.org/wiki/2026_FIFA_World_Cup_squads,2026-06-11T04:21:10+00:00
A,Mexico,9,FW,Raúl Jiménez,1991-05-05,35,124,45,Fulham,England,https://upload.wikimedia.org/wikipedia/en/thumb/e/eb/Fulham_FC_%28shield%29.svg/250px-Fulham_FC_%28shield%29.svg.png,0,,,,,,,,https://en.wikipedia.org/wiki/2026_FIFA_World_Cup_squads,2026-06-11T04:21:10+00:00
A,Mexico,10,FW,Alexis Vega,1997-11-25,28,52,7,Toluca,Mexico,https://upload.wikimedia.org/wikipedia/commons/thumb/a/a4/Club_Toluca_Logo.svg/250px-Club_Toluca_Logo.svg.png,0,,,,,,,,https://en.wikipedia.org/wiki/2026_FIFA_World_Cup_squads,2026-06-11T04:21:10+00:00
A,Mexico,11,FW,Santiago Giménez,2001-04-18,25,47,6,Milan,Italy,https://upload.wikimedia.org/wikipedia/commons/thumb/d/d0/Logo_of_AC_Milan.svg/250px-Logo_of_AC_Milan.svg.png,0,,,,,,,,https://en.wikipedia.org/wiki/2026_FIFA_World_Cup_squads,2026-06-11T04:21:10+00:00
A,Mexico,12,GK,Carlos Acevedo,1996-04-19,30,7,0,Santos Laguna,Mexico,https://upload.wikimedia.org/wikipedia/en/thumb/9/96/Santos_Laguna_logo.svg/250px-Santos_Laguna_logo.svg.png,0,,,,,,,,https://en.wikipedia.org/wiki/2026_FIFA_World_Cup_squads,2026-06-11T04:21:10+00:00
A,Mexico,13,GK,Guillermo Ochoa,1985-07-13,40,152,0,AEL Limassol,Cyprus,https://upload.wikimedia.org/wikipedia/commons/thumb/f/fe/AEL_Limassol_logo.svg/250px-AEL_Limassol_logo.svg.png,0,,,,,,,,https://en.wikipedia.org/wiki/2026_FIFA_World_Cup_squads,2026-06-11T04:21:10+00:00
A,Mexico,14,FW,Armando González,2003-04-20,23,7,1,Guadalajara,Mexico,https://upload.wikimedia.org/wikipedia/en/thumb/f/f0/Guadalajara_CD.svg/250px-Guadalajara_CD.svg.png,0,,,,,,,,https://en.wikipedia.org/wiki/2026_FIFA_World_Cup_squads,2026-06-11T04:21:10+00:00
A,Mexico,15,DF,Israel Reyes,2000-05-23,26,34,2,América,Mexico,https://upload.wikimedia.org/wikipedia/en/thumb/c/c1/Club_Am%C3%A9rica_crest.svg/250px-Club_Am%C3%A9rica_crest.svg.png,0,,,,,,,,https://en.wikipedia.org/wiki/2026_FIFA_World_Cup_squads,2026-06-11T04:21:10+00:00
A,Mexico,16,FW,Julián Quiñones,1997-03-24,29,22,2,Al-Qadsiah,Saudi Arabia,https://upload.wikimedia.org/wikipedia/commons/thumb/6/68/QAD_LOGO.png/250px-QAD_LOGO.png,0,,,,,,,,https://en.wikipedia.org/wiki/2026_FIFA_World_Cup_squads,2026-06-11T04:21:10+00:00
A,Mexico,17,MF,Orbelín Pineda,1996-03-24,30,92,12,AEK Athens,Greece,https://upload.wikimedia.org/wikipedia/en/thumb/0/04/AEK_Athens_FC_logo.svg/250px-AEK_Athens_FC_logo.svg.png,0,,,,,,,,https://en.wikipedia.org/wiki/2026_FIFA_World_Cup_squads,2026-06-11T04:21:10+00:00
A,Mexico,18,MF,Obed Vargas,2005-08-05,20,6,0,Atlético Madrid,Spain,https://upload.wikimedia.org/wikipedia/en/thumb/f/f9/Atletico_Madrid_Logo_2024.svg/250px-Atletico_Madrid_Logo_2024.svg.png,0,,,,,,,,https://en.wikipedia.org/wiki/2026_FIFA_World_Cup_squads,2026-06-11T04:21:10+00:00
A,Mexico,19,MF,Gilberto Mora,2008-10-14,17,8,0,Tijuana,Mexico,https://upload.wikimedia.org/wikipedia/en/thumb/2/29/Club_Tijuana_logo.svg/250px-Club_Tijuana_logo.svg.png,0,,,,,,,,https://en.wikipedia.org/wiki/2026_FIFA_World_Cup_squads,2026-06-11T04:21:10+00:00
A,Mexico,20,DF,Mateo Chávez,2004-05-12,22,10,0,AZ,the Netherlands,https://upload.wikimedia.org/wikipedia/commons/thumb/e/e0/AZ_Alkmaar.svg/250px-AZ_Alkmaar.svg.png,0,,,,,,,,https://en.wikipedia.org/wiki/2026_FIFA_World_Cup_squads,2026-06-11T04:21:10+00:00
A,Mexico,21,FW,César Huerta,2000-12-03,25,26,3,Anderlecht,Belgium,https://upload.wikimedia.org/wikipedia/en/thumb/7/77/R.S.C._Anderlecht.svg/250px-R.S.C._Anderlecht.svg.png,0,,,,,,,,https://en.wikipedia.org/wiki/2026_FIFA_World_Cup_squads,2026-06-11T04:21:10+00:00
A,Mexico,22,FW,Guillermo Martínez,1995-03-15,31,12,3,UNAM,Mexico,https://upload.wikimedia.org/wikipedia/en/thumb/b/b7/Club_Universidad_Nacional_logo.svg/250px-Club_Universidad_Nacional_logo.svg.png,0,,,,,,,,https://en.wikipedia.org/wiki/2026_FIFA_World_Cup_squads,2026-06-11T04:21:10+00:00
A,Mexico,23,DF,Jesús Gallardo,1994-08-15,31,121,3,Toluca,Mexico,https://upload.wikimedia.org/wikipedia/commons/thumb/a/a4/Club_Toluca_Logo.svg/250px-Club_Toluca_Logo.svg.png,0,,,,,,,,https://en.wikipedia.org/wiki/2026_FIFA_World_Cup_squads,2026-06-11T04:21:10+00:00
A,Mexico,24,MF,Luis Chávez,1996-01-15,30,45,5,Dynamo Moscow,Russia,https://upload.wikimedia.org/wikipedia/en/thumb/e/e7/Dynamo_Moscow_logo.svg/250px-Dynamo_Moscow_logo.svg.png,0,,,,,,,,https://en.wikipedia.org/wiki/2026_FIFA_World_Cup_squads,2026-06-11T04:21:10+00:00
A,Mexico,25,FW,Roberto Alvarado,1998-09-07,27,67,5,Guadalajara,Mexico,https://upload.wikimedia.org/wikipedia/en/thumb/f/f0/Guadalajara_CD.svg/250px-Guadalajara_CD.svg.png,0,,,,,,,,https://en.wikipedia.org/wiki/2026_FIFA_World_Cup_squads,2026-06-11T04:21:10+00:00
A,Mexico,26,MF,Brian Gutiérrez,2003-06-17,22,7,2,Guadalajara,Mexico,https://upload.wikimedia.org/wikipedia/en/thumb/f/f0/Guadalajara_CD.svg/250px-Guadalajara_CD.svg.png,0,,,,,,,,https://en.wikipedia.org/wiki/2026_FIFA_World_Cup_squads,2026-06-11T04:21:10+00:00
A,South Africa,1,GK,Ronwen Williams,1992-01-21,34,62,0,Mamelodi Sundowns,South Africa,https://upload.wikimedia.org/wikipedia/en/thumb/c/c6/Mamelodi_Sundowns_F.C.svg/250px-Mamelodi_Sundowns_F.C.svg.png,0,,,,,,,,https://en.wikipedia.org/wiki/2026_FIFA_World_Cup_squads,2026-06-11T04:21:10+00:00
A,South Africa,2,DF,Thabang Matuludi,1999-01-14,27,3,0,Polokwane City,South Africa,https://upload.wikimedia.org/wikipedia/en/0/02/Polokwane_City_FC_logo.png,0,,,,,,,,https://en.wikipedia.org/wiki/2026_FIFA_World_Cup_squads,2026-06-11T04:21:10+00:00
A,South Africa,3,DF,Khulumani Ndamane,2004-02-05,22,5,0,Mamelodi Sundowns,South Africa,https://upload.wikimedia.org/wikipedia/en/thumb/c/c6/Mamelodi_Sundowns_F.C.svg/250px-Mamelodi_Sundowns_F.C.svg.png,0,,,,,,,,https://en.wikipedia.org/wiki/2026_FIFA_World_Cup_squads,2026-06-11T04:21:10+00:00
A,South Africa,4,MF,Teboho Mokoena,1997-01-24,29,51,9,Mamelodi Sundowns,South Africa,https://upload.wikimedia.org/wikipedia/en/thumb/c/c6/Mamelodi_Sundowns_F.C.svg/250px-Mamelodi_Sundowns_F.C.svg.png,0,,,,,,,,https://en.wikipedia.org/wiki/2026_FIFA_World_Cup_squads,2026-06-11T04:21:10+00:00
A,South Africa,5,MF,Thalente Mbatha,2000-03-06,26,15,3,Orlando Pirates,South Africa,https://upload.wikimedia.org/wikipedia/en/thumb/9/95/Orlando_Pirates_FC_logo.svg/250px-Orlando_Pirates_FC_logo.svg.png,0,,,,,,,,https://en.wikipedia.org/wiki/2026_FIFA_World_Cup_squads,2026-06-11T04:21:10+00:00
A,South Africa,6,DF,Aubrey Modiba,1995-07-22,30,44,3,Mamelodi Sundowns,South Africa,https://upload.wikimedia.org/wikipedia/en/thumb/c/c6/Mamelodi_Sundowns_F.C.svg/250px-Mamelodi_Sundowns_F.C.svg.png,0,,,,,,,,https://en.wikipedia.org/wiki/2026_FIFA_World_Cup_squads,2026-06-11T04:21:10+00:00
A,South Africa,7,FW,Oswin Appollis,2001-08-25,24,26,8,Orlando Pirates,South Africa,https://upload.wikimedia.org/wikipedia/en/thumb/9/95/Orlando_Pirates_FC_logo.svg/250px-Orlando_Pirates_FC_logo.svg.png,0,,,,,,,,https://en.wikipedia.org/wiki/2026_FIFA_World_Cup_squads,2026-06-11T04:21:10+00:00
A,South Africa,8,FW,Tshepang Moremi,2000-10-02,25,10,1,Orlando Pirates,South Africa,https://upload.wikimedia.org/wikipedia/en/thumb/9/95/Orlando_Pirates_FC_logo.svg/250px-Orlando_Pirates_FC_logo.svg.png,0,,,,,,,,https://en.wikipedia.org/wiki/2026_FIFA_World_Cup_squads,2026-06-11T04:21:10+00:00
A,South Africa,9,FW,Lyle Foster,2000-09-03,25,27,10,Burnley,England,https://upload.wikimedia.org/wikipedia/en/thumb/6/6d/Burnley_FC_Logo.svg/250px-Burnley_FC_Logo.svg.png,0,,,,,,,,https://en.wikipedia.org/wiki/2026_FIFA_World_Cup_squads,2026-06-11T04:21:10+00:00
A,South Africa,10,FW,Relebohile Mofokeng,2004-10-23,21,13,0,Orlando Pirates,South Africa,https://upload.wikimedia.org/wikipedia/en/thumb/9/95/Orlando_Pirates_FC_logo.svg/250px-Orlando_Pirates_FC_logo.svg.png,0,,,,,,,,https://en.wikipedia.org/wiki/2026_FIFA_World_Cup_squads,2026-06-11T04:21:10+00:00
A,South Africa,11,MF,Themba Zwane,1989-08-03,36,54,12,Mamelodi Sundowns,South Africa,https://upload.wikimedia.org/wikipedia/en/thumb/c/c6/Mamelodi_Sundowns_F.C.svg/250px-Mamelodi_Sundowns_F.C.svg.png,0,,,,,,,,https://en.wikipedia.org/wiki/2026_FIFA_World_Cup_squads,2026-06-11T04:21:10+00:00
A,South Africa,12,FW,Thapelo Maseko,2003-11-11,22,10,1,AEL Limassol,Cyprus,https://upload.wikimedia.org/wikipedia/commons/thumb/f/fe/AEL_Limassol_logo.svg/250px-AEL_Limassol_logo.svg.png,0,,,,,,,,https://en.wikipedia.org/wiki/2026_FIFA_World_Cup_squads,2026-06-11T04:21:10+00:00
A,South Africa,13,MF,Sphephelo Sithole,1999-03-03,27,28,1,Tondela,Portugal,https://upload.wikimedia.org/wikipedia/en/thumb/0/00/C.D._Tondela.png/250px-C.D._Tondela.png,0,,,,,,,,https://en.wikipedia.org/wiki/2026_FIFA_World_Cup_squads,2026-06-11T04:21:10+00:00
A,South Africa,14,DF,Mbekezeli Mbokazi,2005-09-19,20,10,1,Chicago Fire FC,the United States,https://upload.wikimedia.org/wikipedia/commons/thumb/0/03/Chicago_Fire_logo%2C_2021.svg/250px-Chicago_Fire_logo%2C_2021.svg.png,0,,,,,,,,https://en.wikipedia.org/wiki/2026_FIFA_World_Cup_squads,2026-06-11T04:21:10+00:00
A,South Africa,15,FW,Iqraam Rayners,1995-12-19,30,14,4,Mamelodi Sundowns,South Africa,https://upload.wikimedia.org/wikipedia/en/thumb/c/c6/Mamelodi_Sundowns_F.C.svg/250px-Mamelodi_Sundowns_F.C.svg.png,0,,,,,,,,https://en.wikipedia.org/wiki/2026_FIFA_World_Cup_squads,2026-06-11T04:21:10+00:00
A,South Africa,16,GK,Sipho Chaine,1996-12-14,29,4,0,Orlando Pirates,South Africa,https://upload.wikimedia.org/wikipedia/en/thumb/9/95/Orlando_Pirates_FC_logo.svg/250px-Orlando_Pirates_FC_logo.svg.png,0,,,,,,,,https://en.wikipedia.org/wiki/2026_FIFA_World_Cup_squads,2026-06-11T04:21:10+00:00
A,South Africa,17,FW,Evidence Makgopa,2000-06-05,26,26,6,Orlando Pirates,South Africa,https://upload.wikimedia.org/wikipedia/en/thumb/9/95/Orlando_Pirates_FC_logo.svg/250px-Orlando_Pirates_FC_logo.svg.png,0,,,,,,,,https://en.wikipedia.org/wiki/2026_FIFA_World_Cup_squads,2026-06-11T04:21:10+00:00
A,South Africa,18,DF,Samukele Kabini,2004-03-15,22,6,0,Molde,Norway,https://upload.wikimedia.org/wikipedia/commons/thumb/5/57/Molde_Fotball_Logo.svg/250px-Molde_Fotball_Logo.svg.png,0,,,,,,,,https://en.wikipedia.org/wiki/2026_FIFA_World_Cup_squads,2026-06-11T04:21:10+00:00
A,South Africa,19,DF,Nkosinathi Sibisi,1995-09-22,30,20,0,Orlando Pirates,South Africa,https://upload.wikimedia.org/wikipedia/en/thumb/9/95/Orlando_Pirates_FC_logo.svg/250px-Orlando_Pirates_FC_logo.svg.png,0,,,,,,,,https://en.wikipedia.org/wiki/2026_FIFA_World_Cup_squads,2026-06-11T04:21:10+00:00
A,South Africa,20,DF,Khuliso Mudau,1995-04-26,31,32,1,Mamelodi Sundowns,South Africa,https://upload.wikimedia.org/wikipedia/en/thumb/c/c6/Mamelodi_Sundowns_F.C.svg/250px-Mamelodi_Sundowns_F.C.svg.png,0,,,,,,,,https://en.wikipedia.org/wiki/2026_FIFA_World_Cup_squads,2026-06-11T04:21:10+00:00
A,South Africa,21,DF,Ime Okon,2004-02-20,22,8,1,Hannover 96,Germany,https://upload.wikimedia.org/wikipedia/commons/thumb/c/cd/Hannover_96_Logo.svg/250px-Hannover_96_Logo.svg.png,0,,,,,,,,https://en.wikipedia.org/wiki/2026_FIFA_World_Cup_squads,2026-06-11T04:21:10+00:00
A,South Africa,22,GK,Ricardo Goss,1994-04-02,32,5,0,Siwelele,South Africa,https://upload.wikimedia.org/wikipedia/en/thumb/1/15/Siwelele_F.C._logo.svg/250px-Siwelele_F.C._logo.svg.png,0,,,,,,,,https://en.wikipedia.org/wiki/2026_FIFA_World_Cup_squads,2026-06-11T04:21:10+00:00
A,South Africa,23,MF,Jayden Adams,2001-05-05,25,5,0,Mamelodi Sundowns,South Africa,https://upload.wikimedia.org/wikipedia/en/thumb/c/c6/Mamelodi_Sundowns_F.C.svg/250px-Mamelodi_Sundowns_F.C.svg.png,0,,,,,,,,https://en.wikipedia.org/wiki/2026_FIFA_World_Cup_squads,2026-06-11T04:21:10+00:00
A,South Africa,24,DF,Olwethu Makhanya,2004-04-30,22,1,0,Philadelphia Union,the United States,https://upload.wikimedia.org/wikipedia/en/thumb/4/46/Philadelphia_Union_2018_logo.svg/250px-Philadelphia_Union_2018_logo.svg.png,0,,,,,,,,https://en.wikipedia.org/wiki/2026_FIFA_World_Cup_squads,2026-06-11T04:21:10+00:00
A,South Africa,25,FW,Kamogelo Sebelebele,2002-07-21,23,3,0,Orlando Pirates,South Africa,https://upload.wikimedia.org/wikipedia/en/thumb/9/95/Orlando_Pirates_FC_logo.svg/250px-Orlando_Pirates_FC_logo.svg.png,0,,,,,,,,https://en.wikipedia.org/wiki/2026_FIFA_World_Cup_squads,2026-06-11T04:21:10+00:00
A,South Africa,26,DF,Bradley Cross,2001-01-30,25,1,0,Kaizer Chiefs,South Africa,https://upload.wikimedia.org/wikipedia/en/thumb/1/16/Kaizer_Chiefs_logo.svg/250px-Kaizer_Chiefs_logo.svg.png,0,,,,,,,,https://en.wikipedia.org/wiki/2026_FIFA_World_Cup_squads,2026-06-11T04:21:10+00:00
A,South Korea,1,GK,Kim Seung-gyu,1990-09-30,35,87,0,FC Tokyo,Japan,https://upload.wikimedia.org/wikipedia/en/thumb/1/15/FC_Tokyo_Logo.svg/330px-FC_Tokyo_Logo.svg.png,0,,,,,,,,https://en.wikipedia.org/wiki/2026_FIFA_World_Cup_squads,2026-06-11T04:21:10+00:00
A,South Korea,2,DF,Lee Han-beom,2002-06-17,23,8,0,Midtjylland,Denmark,https://upload.wikimedia.org/wikipedia/en/thumb/d/dd/FC_Midtjylland_logo.svg/250px-FC_Midtjylland_logo.svg.png,0,,,,,,,,https://en.wikipedia.org/wiki/2026_FIFA_World_Cup_squads,2026-06-11T04:21:10+00:00
A,South Korea,3,MF,Lee Gi-hyuk,2000-07-07,25,3,0,Gangwon FC,South Korea,https://upload.wikimedia.org/wikipedia/en/thumb/f/fe/Gangwon_FC.svg/250px-Gangwon_FC.svg.png,0,,,,,,,,https://en.wikipedia.org/wiki/2026_FIFA_World_Cup_squads,2026-06-11T04:21:10+00:00
A,South Korea,4,DF,Kim Min-jae,1996-11-15,29,79,4,Bayern Munich,Germany,https://upload.wikimedia.org/wikipedia/commons/thumb/8/8d/FC_Bayern_M%C3%BCnchen_logo_%282024%29.svg/250px-FC_Bayern_M%C3%BCnchen_logo_%282024%29.svg.png,0,,,,,,,,https://en.wikipedia.org/wiki/2026_FIFA_World_Cup_squads,2026-06-11T04:21:10+00:00
A,South Korea,5,DF,Kim Tae-hyeon,2000-09-17,25,7,0,Kashima Antlers,Japan,https://upload.wikimedia.org/wikipedia/en/thumb/3/37/Kashima_Antlers.svg/250px-Kashima_Antlers.svg.png,0,,,,,,,,https://en.wikipedia.org/wiki/2026_FIFA_World_Cup_squads,2026-06-11T04:21:10+00:00
A,South Korea,6,MF,Hwang In-beom,1996-09-20,29,73,6,Feyenoord,the Netherlands,https://upload.wikimedia.org/wikipedia/commons/thumb/f/f9/Feyenoord_logo_since_2024.svg/250px-Feyenoord_logo_since_2024.svg.png,0,,,,,,,,https://en.wikipedia.org/wiki/2026_FIFA_World_Cup_squads,2026-06-11T04:21:10+00:00
A,South Korea,7,FW,Son Heung-min,1992-07-08,33,144,56,Los Angeles FC,the United States,https://upload.wikimedia.org/wikipedia/commons/thumb/8/86/Los_Angeles_Football_Club.svg/250px-Los_Angeles_Football_Club.svg.png,0,,,,,,,,https://en.wikipedia.org/wiki/2026_FIFA_World_Cup_squads,2026-06-11T04:21:10+00:00
A,South Korea,8,MF,Paik Seung-ho,1997-03-17,29,27,3,Birmingham City,England,https://upload.wikimedia.org/wikipedia/en/thumb/6/68/Birmingham_City_FC_logo.svg/250px-Birmingham_City_FC_logo.svg.png,0,,,,,,,,https://en.wikipedia.org/wiki/2026_FIFA_World_Cup_squads,2026-06-11T04:21:10+00:00
A,South Korea,9,FW,Cho Gue-sung,1998-01-25,28,44,12,Midtjylland,Denmark,https://upload.wikimedia.org/wikipedia/en/thumb/d/dd/FC_Midtjylland_logo.svg/250px-FC_Midtjylland_logo.svg.png,0,,,,,,,,https://en.wikipedia.org/wiki/2026_FIFA_World_Cup_squads,2026-06-11T04:21:10+00:00
A,South Korea,10,MF,Lee Jae-sung,1992-08-10,33,105,15,Mainz 05,Germany,https://upload.wikimedia.org/wikipedia/commons/thumb/1/1b/1._FSV_Mainz_05_logo.svg/250px-1._FSV_Mainz_05_logo.svg.png,0,,,,,,,,https://en.wikipedia.org/wiki/2026_FIFA_World_Cup_squads,2026-06-11T04:21:10+00:00
A,South Korea,11,MF,Hwang Hee-chan,1996-01-26,30,79,17,Wolverhampton Wanderers,England,https://upload.wikimedia.org/wikipedia/en/thumb/c/c9/Wolverhampton_Wanderers_FC_crest.svg/250px-Wolverhampton_Wanderers_FC_crest.svg.png,0,,,,,,,,https://en.wikipedia.org/wiki/2026_FIFA_World_Cup_squads,2026-06-11T04:21:10+00:00
A,South Korea,12,GK,Song Bum-keun,1997-10-15,28,3,0,Jeonbuk Hyundai Motors,South Korea,https://upload.wikimedia.org/wikipedia/en/thumb/2/23/Jeonbuk_Hyundai_Motors.svg/250px-Jeonbuk_Hyundai_Motors.svg.png,0,,,,,,,,https://en.wikipedia.org/wiki/2026_FIFA_World_Cup_squads,2026-06-11T04:21:10+00:00
A,South Korea,13,DF,Lee Tae-seok,2002-07-28,23,15,1,Austria Wien,Austria,https://upload.wikimedia.org/wikipedia/commons/thumb/6/65/FK_Austria_Wien_Logo.png/250px-FK_Austria_Wien_Logo.png,0,,,,,,,,https://en.wikipedia.org/wiki/2026_FIFA_World_Cup_squads,2026-06-11T04:21:10+00:00
A,South Korea,14,DF,Cho Wi-je,2001-08-25,24,1,0,Jeonbuk Hyundai Motors,South Korea,https://upload.wikimedia.org/wikipedia/en/thumb/2/23/Jeonbuk_Hyundai_Motors.svg/250px-Jeonbuk_Hyundai_Motors.svg.png,0,,,,,,,,https://en.wikipedia.org/wiki/2026_FIFA_World_Cup_squads,2026-06-11T04:21:10+00:00
A,South Korea,15,DF,Kim Moon-hwan,1995-08-01,30,35,0,Daejeon Hana Citizen,South Korea,https://upload.wikimedia.org/wikipedia/en/thumb/4/40/Daejeon_Hana_Citizen.svg/250px-Daejeon_Hana_Citizen.svg.png,0,,,,,,,,https://en.wikipedia.org/wiki/2026_FIFA_World_Cup_squads,2026-06-11T04:21:10+00:00
A,South Korea,16,DF,Park Jin-seob,1995-10-23,30,14,1,Zhejiang,the People's Republic of China,https://upload.wikimedia.org/wikipedia/en/thumb/e/e8/Zhejiang_Professional_F.C.svg/250px-Zhejiang_Professional_F.C.svg.png,0,,,,,,,,https://en.wikipedia.org/wiki/2026_FIFA_World_Cup_squads,2026-06-11T04:21:10+00:00
A,South Korea,17,MF,Bae Jun-ho,2003-08-21,22,13,2,Stoke City,England,https://upload.wikimedia.org/wikipedia/en/thumb/5/5e/Stoke_City_FC_crest_2001.svg/250px-Stoke_City_FC_crest_2001.svg.png,0,,,,,,,,https://en.wikipedia.org/wiki/2026_FIFA_World_Cup_squads,2026-06-11T04:21:10+00:00
A,South Korea,18,FW,Oh Hyeon-gyu,2001-04-12,25,27,6,Beşiktaş,Turkey,https://upload.wikimedia.org/wikipedia/commons/thumb/d/da/BesiktasJK-Logo.svg/250px-BesiktasJK-Logo.svg.png,0,,,,,,,,https://en.wikipedia.org/wiki/2026_FIFA_World_Cup_squads,2026-06-11T04:21:10+00:00
A,South Korea,19,MF,Lee Kang-in,2001-02-19,25,47,11,Paris Saint-Germain,France,https://upload.wikimedia.org/wikipedia/en/thumb/a/a7/Paris_Saint-Germain_F.C..svg/250px-Paris_Saint-Germain_F.C..svg.png,0,,,,,,,,https://en.wikipedia.org/wiki/2026_FIFA_World_Cup_squads,2026-06-11T04:21:10+00:00
A,South Korea,20,MF,Yang Hyun-jun,2002-05-25,24,9,0,Celtic,Scotland,https://upload.wikimedia.org/wikipedia/en/thumb/7/71/Celtic_FC_crest.svg/250px-Celtic_FC_crest.svg.png,0,,,,,,,,https://en.wikipedia.org/wiki/2026_FIFA_World_Cup_squads,2026-06-11T04:21:10+00:00
A,South Korea,21,GK,Jo Hyeon-woo,1991-09-25,34,48,0,Ulsan HD,South Korea,https://upload.wikimedia.org/wikipedia/en/thumb/b/b5/Ulsan_Hyundai_FC.svg/250px-Ulsan_Hyundai_FC.svg.png,0,,,,,,,,https://en.wikipedia.org/wiki/2026_FIFA_World_Cup_squads,2026-06-11T04:21:10+00:00
A,South Korea,22,DF,Seol Young-woo,1998-12-05,27,34,0,Red Star Belgrade,Serbia,https://upload.wikimedia.org/wikipedia/en/thumb/c/c2/Red_Star_Belgrade_crest.svg/250px-Red_Star_Belgrade_crest.svg.png,0,,,,,,,,https://en.wikipedia.org/wiki/2026_FIFA_World_Cup_squads,2026-06-11T04:21:10+00:00
A,South Korea,23,DF,Jens Castrop,2003-07-29,22,7,0,Borussia Mönchengladbach,Germany,https://upload.wikimedia.org/wikipedia/commons/thumb/8/81/Borussia_M%C3%B6nchengladbach_logo.svg/250px-Borussia_M%C3%B6nchengladbach_logo.svg.png,0,,,,,,,,https://en.wikipedia.org/wiki/2026_FIFA_World_Cup_squads,2026-06-11T04:21:10+00:00
A,South Korea,24,MF,Kim Jin-gyu,1997-02-24,29,22,3,Jeonbuk Hyundai Motors,South Korea,https://upload.wikimedia.org/wikipedia/en/thumb/2/23/Jeonbuk_Hyundai_Motors.svg/250px-Jeonbuk_Hyundai_Motors.svg.png,0,,,,,,,,https://en.wikipedia.org/wiki/2026_FIFA_World_Cup_squads,2026-06-11T04:21:10+00:00
A,South Korea,25,MF,Eom Ji-sung,2002-05-09,24,9,2,Swansea City,Wales,https://upload.wikimedia.org/wikipedia/en/thumb/f/f9/Swansea_City_AFC_logo.svg/250px-Swansea_City_AFC_logo.svg.png,0,,,,,,,,https://en.wikipedia.org/wiki/2026_FIFA_World_Cup_squads,2026-06-11T04:21:10+00:00
A,South Korea,26,MF,Lee Dong-gyeong,1997-09-20,28,18,4,Ulsan HD,South Korea,https://upload.wikimedia.org/wikipedia/en/thumb/b/b5/Ulsan_Hyundai_FC.svg/250px-Ulsan_Hyundai_FC.svg.png,0,,,,,,,,https://en.wikipedia.org/wiki/2026_FIFA_World_Cup_squads,2026-06-11T04:21:10+00:00
B,Bosnia and Herzegovina,1,GK,Nikola Vasilj,1995-12-02,30,26,0,FC St. Pauli,Germany,https://upload.wikimedia.org/wikipedia/en/thumb/8/8f/FC_St._Pauli_logo_%282018%29.svg/250px-FC_St._Pauli_logo_%282018%29.svg.png,0,,,,,,,,https://en.wikipedia.org/wiki/2026_FIFA_World_Cup_squads,2026-06-11T04:21:10+00:00
B,Bosnia and Herzegovina,2,DF,Nihad Mujakić,1998-04-15,28,12,1,Gaziantep,Turkey,https://upload.wikimedia.org/wikipedia/en/thumb/c/c6/Gazi%C5%9Fehir_Gaziantep_logo.svg/250px-Gazi%C5%9Fehir_Gaziantep_logo.svg.png,0,,,,,,,,https://en.wikipedia.org/wiki/2026_FIFA_World_Cup_squads,2026-06-11T04:21:10+00:00
B,Bosnia and Herzegovina,3,DF,Dennis Hadžikadunić,1998-07-09,27,32,0,Sampdoria,Italy,https://upload.wikimedia.org/wikipedia/en/thumb/d/d2/U.C._Sampdoria_logo.svg/250px-U.C._Sampdoria_logo.svg.png,0,,,,,,,,https://en.wikipedia.org/wiki/2026_FIFA_World_Cup_squads,2026-06-11T04:21:10+00:00
B,Bosnia and Herzegovina,4,DF,Tarik Muharemović,2003-02-28,23,14,1,Sassuolo,Italy,https://upload.wikimedia.org/wikipedia/en/thumb/1/1c/US_Sassuolo_Calcio_logo.svg/250px-US_Sassuolo_Calcio_logo.svg.png,0,,,,,,,,https://en.wikipedia.org/wiki/2026_FIFA_World_Cup_squads,2026-06-11T04:21:10+00:00
B,Bosnia and Herzegovina,5,DF,Sead Kolašinac,1993-06-20,32,65,0,Atalanta,Italy,https://upload.wikimedia.org/wikipedia/en/thumb/f/f2/Atalanta_BC_new_logo.svg/250px-Atalanta_BC_new_logo.svg.png,0,,,,,,,,https://en.wikipedia.org/wiki/2026_FIFA_World_Cup_squads,2026-06-11T04:21:10+00:00
B,Bosnia and Herzegovina,6,MF,Benjamin Tahirović,2003-03-03,23,28,2,Brøndby,Denmark,https://upload.wikimedia.org/wikipedia/en/thumb/b/b5/Brondby_IF_logo.svg/250px-Brondby_IF_logo.svg.png,0,,,,,,,,https://en.wikipedia.org/wiki/2026_FIFA_World_Cup_squads,2026-06-11T04:21:10+00:00
B,Bosnia and Herzegovina,7,DF,Amar Dedić,2002-08-18,23,28,1,Benfica,Portugal,https://upload.wikimedia.org/wikipedia/en/thumb/a/a2/SL_Benfica_logo.svg/250px-SL_Benfica_logo.svg.png,0,,,,,,,,https://en.wikipedia.org/wiki/2026_FIFA_World_Cup_squads,2026-06-11T04:21:10+00:00
B,Bosnia and Herzegovina,8,MF,Armin Gigović,2002-04-06,24,20,1,Young Boys,Switzerland,https://upload.wikimedia.org/wikipedia/commons/thumb/c/c2/BSC_Young_Boys.svg/250px-BSC_Young_Boys.svg.png,0,,,,,,,,https://en.wikipedia.org/wiki/2026_FIFA_World_Cup_squads,2026-06-11T04:21:10+00:00
B,Bosnia and Herzegovina,9,FW,Samed Baždar,2004-01-31,22,13,1,Jagiellonia Białystok,Poland,https://upload.wikimedia.org/wikipedia/en/thumb/9/90/Jagiellonia_Bia%C5%82ystok_logo.svg/250px-Jagiellonia_Bia%C5%82ystok_logo.svg.png,0,,,,,,,,https://en.wikipedia.org/wiki/2026_FIFA_World_Cup_squads,2026-06-11T04:21:10+00:00
B,Bosnia and Herzegovina,10,FW,Ermedin Demirović,1998-03-25,28,40,4,VfB Stuttgart,Germany,https://upload.wikimedia.org/wikipedia/commons/thumb/e/eb/VfB_Stuttgart_1893_Logo.svg/250px-VfB_Stuttgart_1893_Logo.svg.png,0,,,,,,,,https://en.wikipedia.org/wiki/2026_FIFA_World_Cup_squads,2026-06-11T04:21:10+00:00
B,Bosnia and Herzegovina,11,FW,Edin Džeko,1986-03-17,40,148,73,Schalke 04,Germany,https://upload.wikimedia.org/wikipedia/commons/thumb/6/6d/FC_Schalke_04_Logo.svg/250px-FC_Schalke_04_Logo.svg.png,0,,,,,,,,https://en.wikipedia.org/wiki/2026_FIFA_World_Cup_squads,2026-06-11T04:21:10+00:00
B,Bosnia and Herzegovina,12,GK,Mladen Jurkas,2007-10-07,18,0,0,Borac Banja Luka,Bosnia and Herzegovina,https://upload.wikimedia.org/wikipedia/en/thumb/2/21/FK_Borac_Logo.svg/250px-FK_Borac_Logo.svg.png,0,,,,,,,,https://en.wikipedia.org/wiki/2026_FIFA_World_Cup_squads,2026-06-11T04:21:10+00:00
B,Bosnia and Herzegovina,13,MF,Ivan Bašić,2002-04-30,24,17,0,Astana,Kazakhstan,https://upload.wikimedia.org/wikipedia/en/thumb/9/96/FC_Astana_Logo.svg/250px-FC_Astana_Logo.svg.png,0,,,,,,,,https://en.wikipedia.org/wiki/2026_FIFA_World_Cup_squads,2026-06-11T04:21:10+00:00
B,Bosnia and Herzegovina,14,MF,Ivan Šunjić,1996-10-09,29,11,0,Pafos,Cyprus,https://upload.wikimedia.org/wikipedia/en/thumb/9/9b/Pafos_FC_crest.svg/250px-Pafos_FC_crest.svg.png,0,,,,,,,,https://en.wikipedia.org/wiki/2026_FIFA_World_Cup_squads,2026-06-11T04:21:10+00:00
B,Bosnia and Herzegovina,15,MF,Amar Memić,2001-01-20,25,13,1,Viktoria Plzeň,the Czech Republic,https://upload.wikimedia.org/wikipedia/en/thumb/e/e3/Viktoria_Plzen_logo.svg/250px-Viktoria_Plzen_logo.svg.png,0,,,,,,,,https://en.wikipedia.org/wiki/2026_FIFA_World_Cup_squads,2026-06-11T04:21:10+00:00
B,Bosnia and Herzegovina,16,MF,Amir Hadžiahmetović,1997-03-08,29,36,0,Hull City,England,https://upload.wikimedia.org/wikipedia/en/thumb/5/54/Hull_City_A.F.C._logo.svg/250px-Hull_City_A.F.C._logo.svg.png,0,,,,,,,,https://en.wikipedia.org/wiki/2026_FIFA_World_Cup_squads,2026-06-11T04:21:10+00:00
B,Bosnia and Herzegovina,17,MF,Dženis Burnić,1998-05-22,28,20,0,Karlsruher SC,Germany,https://upload.wikimedia.org/wikipedia/commons/thumb/c/c8/Karlsruher_SC_Logo_2.svg/250px-Karlsruher_SC_Logo_2.svg.png,0,,,,,,,,https://en.wikipedia.org/wiki/2026_FIFA_World_Cup_squads,2026-06-11T04:21:10+00:00
B,Bosnia and Herzegovina,18,DF,Nikola Katić,1996-10-10,29,17,2,Schalke 04,Germany,https://upload.wikimedia.org/wikipedia/commons/thumb/6/6d/FC_Schalke_04_Logo.svg/250px-FC_Schalke_04_Logo.svg.png,0,,,,,,,,https://en.wikipedia.org/wiki/2026_FIFA_World_Cup_squads,2026-06-11T04:21:10+00:00
B,Bosnia and Herzegovina,19,FW,Kerim Alajbegović,2007-09-21,18,10,1,Red Bull Salzburg,Austria,https://upload.wikimedia.org/wikipedia/en/thumb/7/77/FC_Red_Bull_Salzburg_logo.svg/250px-FC_Red_Bull_Salzburg_logo.svg.png,0,,,,,,,,https://en.wikipedia.org/wiki/2026_FIFA_World_Cup_squads,2026-06-11T04:21:10+00:00
B,Bosnia and Herzegovina,20,FW,Esmir Bajraktarević,2005-03-10,21,16,1,PSV Eindhoven,the Netherlands,https://upload.wikimedia.org/wikipedia/en/thumb/0/05/PSV_Eindhoven.svg/250px-PSV_Eindhoven.svg.png,0,,,,,,,,https://en.wikipedia.org/wiki/2026_FIFA_World_Cup_squads,2026-06-11T04:21:10+00:00
B,Bosnia and Herzegovina,21,DF,Stjepan Radeljić,1997-09-05,28,5,0,Rijeka,Croatia,https://upload.wikimedia.org/wikipedia/commons/thumb/a/ad/HNK_Rijeka.svg/250px-HNK_Rijeka.svg.png,0,,,,,,,,https://en.wikipedia.org/wiki/2026_FIFA_World_Cup_squads,2026-06-11T04:21:10+00:00
B,Bosnia and Herzegovina,22,GK,Martin Zlomislić,1998-08-16,27,3,0,Rijeka,Croatia,https://upload.wikimedia.org/wikipedia/commons/thumb/a/ad/HNK_Rijeka.svg/250px-HNK_Rijeka.svg.png,0,,,,,,,,https://en.wikipedia.org/wiki/2026_FIFA_World_Cup_squads,2026-06-11T04:21:10+00:00
B,Bosnia and Herzegovina,23,FW,Haris Tabaković,1994-06-20,31,10,4,Borussia Mönchengladbach,Germany,https://upload.wikimedia.org/wikipedia/commons/thumb/8/81/Borussia_M%C3%B6nchengladbach_logo.svg/250px-Borussia_M%C3%B6nchengladbach_logo.svg.png,0,,,,,,,,https://en.wikipedia.org/wiki/2026_FIFA_World_Cup_squads,2026-06-11T04:21:10+00:00
B,Bosnia and Herzegovina,24,DF,Nidal Čelik,2006-07-17,19,2,0,Lens,France,https://upload.wikimedia.org/wikipedia/en/thumb/c/cc/RC_Lens_logo.svg/250px-RC_Lens_logo.svg.png,0,,,,,,,,https://en.wikipedia.org/wiki/2026_FIFA_World_Cup_squads,2026-06-11T04:21:10+00:00
B,Bosnia and Herzegovina,25,FW,Jovo Lukić,1998-11-28,27,3,0,Universitatea Cluj,Romania,https://upload.wikimedia.org/wikipedia/commons/thumb/d/d0/Cfmuniversitateacluj.png/250px-Cfmuniversitateacluj.png,0,,,,,,,,https://en.wikipedia.org/wiki/2026_FIFA_World_Cup_squads,2026-06-11T04:21:10+00:00
B,Bosnia and Herzegovina,26,MF,Ermin Mahmić,2005-03-14,21,2,0,Slovan Liberec,the Czech Republic,https://upload.wikimedia.org/wikipedia/en/thumb/f/ff/Slovan_Liberec_logo_since_2024.png/250px-Slovan_Liberec_logo_since_2024.png,0,,,,,,,,https://en.wikipedia.org/wiki/2026_FIFA_World_Cup_squads,2026-06-11T04:21:10+00:00
B,Canada,1,GK,Dayne St. Clair,1997-05-09,29,20,0,Inter Miami CF,the United States,https://upload.wikimedia.org/wikipedia/en/thumb/5/5c/Inter_Miami_CF_logo.svg/250px-Inter_Miami_CF_logo.svg.png,0,,,,,,,,https://en.wikipedia.org/wiki/2026_FIFA_World_Cup_squads,2026-06-11T04:21:10+00:00
B,Canada,2,DF,Alistair Johnston,1998-10-08,27,58,1,Celtic,Scotland,https://upload.wikimedia.org/wikipedia/en/thumb/7/71/Celtic_FC_crest.svg/250px-Celtic_FC_crest.svg.png,0,,,,,,,,https://en.wikipedia.org/wiki/2026_FIFA_World_Cup_squads,2026-06-11T04:21:10+00:00
B,Canada,3,DF,Alfie Jones,1997-10-07,28,2,0,Middlesbrough,England,https://upload.wikimedia.org/wikipedia/en/thumb/2/2c/Middlesbrough_FC_crest.svg/250px-Middlesbrough_FC_crest.svg.png,0,,,,,,,,https://en.wikipedia.org/wiki/2026_FIFA_World_Cup_squads,2026-06-11T04:21:10+00:00
B,Canada,4,DF,Luc de Fougerolles,2005-10-12,20,13,0,Dender,Belgium,https://upload.wikimedia.org/wikipedia/en/9/98/FCVDenderEH.png,0,,,,,,,,https://en.wikipedia.org/wiki/2026_FIFA_World_Cup_squads,2026-06-11T04:21:10+00:00
B,Canada,5,DF,Joel Waterman,1996-01-24,30,17,0,Chicago Fire FC,the United States,https://upload.wikimedia.org/wikipedia/commons/thumb/0/03/Chicago_Fire_logo%2C_2021.svg/250px-Chicago_Fire_logo%2C_2021.svg.png,0,,,,,,,,https://en.wikipedia.org/wiki/2026_FIFA_World_Cup_squads,2026-06-11T04:21:10+00:00
B,Canada,6,MF,Mathieu Choinière,1999-02-07,27,23,0,Los Angeles FC,the United States,https://upload.wikimedia.org/wikipedia/commons/thumb/8/86/Los_Angeles_Football_Club.svg/250px-Los_Angeles_Football_Club.svg.png,0,,,,,,,,https://en.wikipedia.org/wiki/2026_FIFA_World_Cup_squads,2026-06-11T04:21:10+00:00
B,Canada,7,MF,Stephen Eustáquio,1996-12-21,29,56,4,Los Angeles FC,the United States,https://upload.wikimedia.org/wikipedia/commons/thumb/8/86/Los_Angeles_Football_Club.svg/250px-Los_Angeles_Football_Club.svg.png,0,,,,,,,,https://en.wikipedia.org/wiki/2026_FIFA_World_Cup_squads,2026-06-11T04:21:10+00:00
B,Canada,8,MF,Ismaël Koné,2002-06-16,23,40,4,Sassuolo,Italy,https://upload.wikimedia.org/wikipedia/en/thumb/1/1c/US_Sassuolo_Calcio_logo.svg/250px-US_Sassuolo_Calcio_logo.svg.png,0,,,,,,,,https://en.wikipedia.org/wiki/2026_FIFA_World_Cup_squads,2026-06-11T04:21:10+00:00
B,Canada,9,FW,Cyle Larin,1995-04-17,31,90,30,Southampton,England,https://upload.wikimedia.org/wikipedia/en/thumb/c/c9/FC_Southampton.svg/250px-FC_Southampton.svg.png,0,,,,,,,,https://en.wikipedia.org/wiki/2026_FIFA_World_Cup_squads,2026-06-11T04:21:10+00:00
B,Canada,10,FW,Jonathan David,2000-01-14,26,77,39,Juventus,Italy,https://upload.wikimedia.org/wikipedia/commons/thumb/e/ed/Juventus_FC_-_logo_black_%28Italy%2C_2020%29.svg/250px-Juventus_FC_-_logo_black_%28Italy%2C_2020%29.svg.png,0,,,,,,,,https://en.wikipedia.org/wiki/2026_FIFA_World_Cup_squads,2026-06-11T04:21:10+00:00
B,Canada,11,MF,Liam Millar,1999-09-27,26,41,1,Hull City,England,https://upload.wikimedia.org/wikipedia/en/thumb/5/54/Hull_City_A.F.C._logo.svg/250px-Hull_City_A.F.C._logo.svg.png,0,,,,,,,,https://en.wikipedia.org/wiki/2026_FIFA_World_Cup_squads,2026-06-11T04:21:10+00:00
B,Canada,12,FW,Tani Oluwaseyi,2000-05-15,26,24,2,Villarreal,Spain,https://upload.wikimedia.org/wikipedia/en/thumb/b/b9/Villarreal_CF_logo-en.svg/250px-Villarreal_CF_logo-en.svg.png,0,,,,,,,,https://en.wikipedia.org/wiki/2026_FIFA_World_Cup_squads,2026-06-11T04:21:10+00:00
B,Canada,13,DF,Derek Cornelius,1997-11-25,28,44,1,Rangers,Scotland,https://upload.wikimedia.org/wikipedia/en/thumb/4/43/Rangers_FC.svg/250px-Rangers_FC.svg.png,0,,,,,,,,https://en.wikipedia.org/wiki/2026_FIFA_World_Cup_squads,2026-06-11T04:21:10+00:00
B,Canada,14,MF,Jacob Shaffelburg,1999-11-26,26,31,6,Los Angeles FC,the United States,https://upload.wikimedia.org/wikipedia/commons/thumb/8/86/Los_Angeles_Football_Club.svg/250px-Los_Angeles_Football_Club.svg.png,0,,,,,,,,https://en.wikipedia.org/wiki/2026_FIFA_World_Cup_squads,2026-06-11T04:21:10+00:00
B,Canada,15,DF,Moïse Bombito,2000-03-30,26,20,0,Nice,France,https://upload.wikimedia.org/wikipedia/en/thumb/2/2e/OGC_Nice_logo.svg/250px-OGC_Nice_logo.svg.png,0,,,,,,,,https://en.wikipedia.org/wiki/2026_FIFA_World_Cup_squads,2026-06-11T04:21:10+00:00
B,Canada,16,GK,Maxime Crépeau,1994-05-11,32,32,0,Orlando City SC,the United States,https://upload.wikimedia.org/wikipedia/en/thumb/6/6a/Orlando_City_2014.svg/250px-Orlando_City_2014.svg.png,0,,,,,,,,https://en.wikipedia.org/wiki/2026_FIFA_World_Cup_squads,2026-06-11T04:21:10+00:00
B,Canada,17,FW,Tajon Buchanan,1999-02-08,27,60,8,Villarreal,Spain,https://upload.wikimedia.org/wikipedia/en/thumb/b/b9/Villarreal_CF_logo-en.svg/250px-Villarreal_CF_logo-en.svg.png,0,,,,,,,,https://en.wikipedia.org/wiki/2026_FIFA_World_Cup_squads,2026-06-11T04:21:10+00:00
B,Canada,18,GK,Owen Goodman,2003-11-27,22,0,0,Barnsley,England,https://upload.wikimedia.org/wikipedia/en/thumb/c/c9/Barnsley_FC.svg/250px-Barnsley_FC.svg.png,0,,,,,,,,https://en.wikipedia.org/wiki/2026_FIFA_World_Cup_squads,2026-06-11T04:21:10+00:00
B,Canada,19,DF,Alphonso Davies,2000-11-02,25,58,15,Bayern Munich,Germany,https://upload.wikimedia.org/wikipedia/commons/thumb/8/8d/FC_Bayern_M%C3%BCnchen_logo_%282024%29.svg/250px-FC_Bayern_M%C3%BCnchen_logo_%282024%29.svg.png,1,2020,https://en.wikipedia.org/wiki/FIFPRO_World_11,,,,,,https://en.wikipedia.org/wiki/2026_FIFA_World_Cup_squads,2026-06-11T04:21:10+00:00
B,Canada,20,FW,Ali Ahmed,2000-10-10,25,24,1,Norwich City,England,https://upload.wikimedia.org/wikipedia/en/thumb/1/17/Norwich_City_FC_logo.svg/250px-Norwich_City_FC_logo.svg.png,0,,,,,,,,https://en.wikipedia.org/wiki/2026_FIFA_World_Cup_squads,2026-06-11T04:21:10+00:00
B,Canada,21,MF,Jonathan Osorio,1992-06-12,33,90,10,Toronto FC,Canada,https://upload.wikimedia.org/wikipedia/en/thumb/7/7c/Toronto_FC_Logo.svg/330px-Toronto_FC_Logo.svg.png,0,,,,,,,,https://en.wikipedia.org/wiki/2026_FIFA_World_Cup_squads,2026-06-11T04:21:10+00:00
B,Canada,22,DF,Richie Laryea,1995-01-07,31,75,1,Toronto FC,Canada,https://upload.wikimedia.org/wikipedia/en/thumb/7/7c/Toronto_FC_Logo.svg/330px-Toronto_FC_Logo.svg.png,0,,,,,,,,https://en.wikipedia.org/wiki/2026_FIFA_World_Cup_squads,2026-06-11T04:21:10+00:00
B,Canada,23,DF,Niko Sigur,2003-09-09,22,19,2,Hajduk Split,Croatia,https://upload.wikimedia.org/wikipedia/commons/thumb/4/4a/HNK_Hajduk_Split_logo.svg/250px-HNK_Hajduk_Split_logo.svg.png,0,,,,,,,,https://en.wikipedia.org/wiki/2026_FIFA_World_Cup_squads,2026-06-11T04:21:10+00:00
B,Canada,24,FW,Promise David,2001-07-03,24,10,3,Union Saint-Gilloise,Belgium,https://upload.wikimedia.org/wikipedia/en/thumb/1/11/Royale_Union_Saint-Gilloise_logo.svg/250px-Royale_Union_Saint-Gilloise_logo.svg.png,0,,,,,,,,https://en.wikipedia.org/wiki/2026_FIFA_World_Cup_squads,2026-06-11T04:21:10+00:00
B,Canada,25,MF,Nathan Saliba,2004-02-07,22,15,2,Anderlecht,Belgium,https://upload.wikimedia.org/wikipedia/en/thumb/7/77/R.S.C._Anderlecht.svg/250px-R.S.C._Anderlecht.svg.png,0,,,,,,,,https://en.wikipedia.org/wiki/2026_FIFA_World_Cup_squads,2026-06-11T04:21:10+00:00
B,Canada,26,MF,Jayden Nelson,2002-02-07,24,14,3,Austin FC,the United States,https://upload.wikimedia.org/wikipedia/en/thumb/8/85/Austin_FC_logo.svg/250px-Austin_FC_logo.svg.png,0,,,,,,,,https://en.wikipedia.org/wiki/2026_FIFA_World_Cup_squads,2026-06-11T04:21:10+00:00
B,Qatar,1,GK,Mahmud Abunada,2000-02-05,26,5,0,Al-Rayyan,Qatar,https://upload.wikimedia.org/wikipedia/en/thumb/8/80/Al-Rayyan_SC_logo.svg/250px-Al-Rayyan_SC_logo.svg.png,0,,,,,,,,https://en.wikipedia.org/wiki/2026_FIFA_World_Cup_squads,2026-06-11T04:21:10+00:00
B,Qatar,2,DF,Pedro Miguel,1990-08-06,35,99,3,Al-Sadd,Qatar,https://upload.wikimedia.org/wikipedia/en/thumb/c/c1/Al_Sadd_SC_logo.svg/250px-Al_Sadd_SC_logo.svg.png,0,,,,,,,,https://en.wikipedia.org/wiki/2026_FIFA_World_Cup_squads,2026-06-11T04:21:10+00:00
B,Qatar,3,DF,Lucas Mendes,1990-07-03,35,25,1,Al-Wakrah,Qatar,https://upload.wikimedia.org/wikipedia/en/thumb/2/26/Al-Wakrah_SC_logo.svg/250px-Al-Wakrah_SC_logo.svg.png,0,,,,,,,,https://en.wikipedia.org/wiki/2026_FIFA_World_Cup_squads,2026-06-11T04:21:10+00:00
B,Qatar,4,DF,Issa Laye,1997-12-22,28,4,0,Al-Arabi,Qatar,https://upload.wikimedia.org/wikipedia/en/thumb/2/22/Al-Arabi_SC_Qatar_logo.svg/250px-Al-Arabi_SC_Qatar_logo.svg.png,0,,,,,,,,https://en.wikipedia.org/wiki/2026_FIFA_World_Cup_squads,2026-06-11T04:21:10+00:00
B,Qatar,5,DF,Jassem Gaber,2002-02-20,24,32,1,Al-Rayyan,Qatar,https://upload.wikimedia.org/wikipedia/en/thumb/8/80/Al-Rayyan_SC_logo.svg/250px-Al-Rayyan_SC_logo.svg.png,0,,,,,,,,https://en.wikipedia.org/wiki/2026_FIFA_World_Cup_squads,2026-06-11T04:21:10+00:00
B,Qatar,6,MF,Abdulaziz Hatem,1990-01-01,36,117,11,Al-Rayyan,Qatar,https://upload.wikimedia.org/wikipedia/en/thumb/8/80/Al-Rayyan_SC_logo.svg/250px-Al-Rayyan_SC_logo.svg.png,0,,,,,,,,https://en.wikipedia.org/wiki/2026_FIFA_World_Cup_squads,2026-06-11T04:21:10+00:00
B,Qatar,7,FW,Ahmed Alaaeldin,1993-01-31,33,68,9,Al-Rayyan,Qatar,https://upload.wikimedia.org/wikipedia/en/thumb/8/80/Al-Rayyan_SC_logo.svg/250px-Al-Rayyan_SC_logo.svg.png,0,,,,,,,,https://en.wikipedia.org/wiki/2026_FIFA_World_Cup_squads,2026-06-11T04:21:10+00:00
B,Qatar,8,FW,Edmilson Junior,1994-08-19,31,16,0,Al-Duhail,Qatar,https://upload.wikimedia.org/wikipedia/en/thumb/8/81/Al-Duhail_SC_%28logo%29.svg/250px-Al-Duhail_SC_%28logo%29.svg.png,0,,,,,,,,https://en.wikipedia.org/wiki/2026_FIFA_World_Cup_squads,2026-06-11T04:21:10+00:00
B,Qatar,9,FW,Mohammed Muntari,1993-12-20,32,67,16,Al-Gharafa,Qatar,https://upload.wikimedia.org/wikipedia/en/thumb/7/79/Al-Gharafa_SC_logo.svg/250px-Al-Gharafa_SC_logo.svg.png,0,,,,,,,,https://en.wikipedia.org/wiki/2026_FIFA_World_Cup_squads,2026-06-11T04:21:10+00:00
B,Qatar,10,FW,Hassan Al-Haydos,1990-12-11,35,186,41,Al-Sadd,Qatar,https://upload.wikimedia.org/wikipedia/en/thumb/c/c1/Al_Sadd_SC_logo.svg/250px-Al_Sadd_SC_logo.svg.png,0,,,,,,,,https://en.wikipedia.org/wiki/2026_FIFA_World_Cup_squads,2026-06-11T04:21:10+00:00
B,Qatar,11,FW,Akram Afif,1996-11-18,29,125,39,Al-Sadd,Qatar,https://upload.wikimedia.org/wikipedia/en/thumb/c/c1/Al_Sadd_SC_logo.svg/250px-Al_Sadd_SC_logo.svg.png,0,,,,,,,,https://en.wikipedia.org/wiki/2026_FIFA_World_Cup_squads,2026-06-11T04:21:10+00:00
B,Qatar,12,MF,Karim Boudiaf,1990-09-16,35,118,5,Al-Duhail,Qatar,https://upload.wikimedia.org/wikipedia/en/thumb/8/81/Al-Duhail_SC_%28logo%29.svg/250px-Al-Duhail_SC_%28logo%29.svg.png,0,,,,,,,,https://en.wikipedia.org/wiki/2026_FIFA_World_Cup_squads,2026-06-11T04:21:10+00:00
B,Qatar,13,DF,Ayoub Al-Oui,2005-03-11,21,6,0,Al-Gharafa,Qatar,https://upload.wikimedia.org/wikipedia/en/thumb/7/79/Al-Gharafa_SC_logo.svg/250px-Al-Gharafa_SC_logo.svg.png,0,,,,,,,,https://en.wikipedia.org/wiki/2026_FIFA_World_Cup_squads,2026-06-11T04:21:10+00:00
B,Qatar,14,DF,Homam Ahmed,1999-08-25,26,68,3,Cultural Leonesa,Spain,https://upload.wikimedia.org/wikipedia/en/thumb/5/5c/Logo_of_Cultural_y_Deportiva_Leonesa.svg/250px-Logo_of_Cultural_y_Deportiva_Leonesa.svg.png,0,,,,,,,,https://en.wikipedia.org/wiki/2026_FIFA_World_Cup_squads,2026-06-11T04:21:10+00:00
B,Qatar,15,FW,Yusuf Abdurisag,1999-08-06,26,39,3,Al-Wakrah,Qatar,https://upload.wikimedia.org/wikipedia/en/thumb/2/26/Al-Wakrah_SC_logo.svg/250px-Al-Wakrah_SC_logo.svg.png,0,,,,,,,,https://en.wikipedia.org/wiki/2026_FIFA_World_Cup_squads,2026-06-11T04:21:10+00:00
B,Qatar,16,DF,Boualem Khoukhi,1990-07-09,35,116,20,Al-Sadd,Qatar,https://upload.wikimedia.org/wikipedia/en/thumb/c/c1/Al_Sadd_SC_logo.svg/250px-Al_Sadd_SC_logo.svg.png,0,,,,,,,,https://en.wikipedia.org/wiki/2026_FIFA_World_Cup_squads,2026-06-11T04:21:10+00:00
B,Qatar,17,MF,Ahmed Al-Ganehi,2000-09-22,25,13,1,Al-Gharafa,Qatar,https://upload.wikimedia.org/wikipedia/en/thumb/7/79/Al-Gharafa_SC_logo.svg/250px-Al-Gharafa_SC_logo.svg.png,0,,,,,,,,https://en.wikipedia.org/wiki/2026_FIFA_World_Cup_squads,2026-06-11T04:21:10+00:00
B,Qatar,18,DF,Sultan Al-Brake,1996-04-07,30,17,0,Al-Duhail,Qatar,https://upload.wikimedia.org/wikipedia/en/thumb/8/81/Al-Duhail_SC_%28logo%29.svg/250px-Al-Duhail_SC_%28logo%29.svg.png,0,,,,,,,,https://en.wikipedia.org/wiki/2026_FIFA_World_Cup_squads,2026-06-11T04:21:10+00:00
B,Qatar,19,FW,Almoez Ali,1996-08-19,29,115,55,Al-Duhail,Qatar,https://upload.wikimedia.org/wikipedia/en/thumb/8/81/Al-Duhail_SC_%28logo%29.svg/250px-Al-Duhail_SC_%28logo%29.svg.png,0,,,,,,,,https://en.wikipedia.org/wiki/2026_FIFA_World_Cup_squads,2026-06-11T04:21:10+00:00
B,Qatar,20,MF,Ahmed Fathy,1993-01-25,33,48,0,Al-Arabi,Qatar,https://upload.wikimedia.org/wikipedia/en/thumb/2/22/Al-Arabi_SC_Qatar_logo.svg/250px-Al-Arabi_SC_Qatar_logo.svg.png,0,,,,,,,,https://en.wikipedia.org/wiki/2026_FIFA_World_Cup_squads,2026-06-11T04:21:10+00:00
B,Qatar,21,GK,Salah Zakaria,1999-04-24,27,8,0,Al-Duhail,Qatar,https://upload.wikimedia.org/wikipedia/en/thumb/8/81/Al-Duhail_SC_%28logo%29.svg/250px-Al-Duhail_SC_%28logo%29.svg.png,0,,,,,,,,https://en.wikipedia.org/wiki/2026_FIFA_World_Cup_squads,2026-06-11T04:21:10+00:00
B,Qatar,22,GK,Meshaal Barsham,1998-02-14,28,52,0,Al-Sadd,Qatar,https://upload.wikimedia.org/wikipedia/en/thumb/c/c1/Al_Sadd_SC_logo.svg/250px-Al_Sadd_SC_logo.svg.png,0,,,,,,,,https://en.wikipedia.org/wiki/2026_FIFA_World_Cup_squads,2026-06-11T04:21:10+00:00
B,Qatar,23,MF,Assim Madibo,1996-10-22,29,51,0,Al-Wakrah,Qatar,https://upload.wikimedia.org/wikipedia/en/thumb/2/26/Al-Wakrah_SC_logo.svg/250px-Al-Wakrah_SC_logo.svg.png,0,,,,,,,,https://en.wikipedia.org/wiki/2026_FIFA_World_Cup_squads,2026-06-11T04:21:10+00:00
B,Qatar,24,FW,Tahsin Jamshid,2006-06-16,19,3,0,Al-Duhail,Qatar,https://upload.wikimedia.org/wikipedia/en/thumb/8/81/Al-Duhail_SC_%28logo%29.svg/250px-Al-Duhail_SC_%28logo%29.svg.png,0,,,,,,,,https://en.wikipedia.org/wiki/2026_FIFA_World_Cup_squads,2026-06-11T04:21:10+00:00
B,Qatar,25,DF,Al-Hashmi Al-Hussain,2003-08-15,22,8,0,Al-Arabi,Qatar,https://upload.wikimedia.org/wikipedia/en/thumb/2/22/Al-Arabi_SC_Qatar_logo.svg/250px-Al-Arabi_SC_Qatar_logo.svg.png,0,,,,,,,,https://en.wikipedia.org/wiki/2026_FIFA_World_Cup_squads,2026-06-11T04:21:10+00:00
B,Qatar,26,FW,Mohamed Manai,2002-10-25,23,10,0,Al-Shamal,Qatar,https://upload.wikimedia.org/wikipedia/en/thumb/8/8f/Al-Shamal_SC_logo.svg/250px-Al-Shamal_SC_logo.svg.png,0,,,,,,,,https://en.wikipedia.org/wiki/2026_FIFA_World_Cup_squads,2026-06-11T04:21:10+00:00
B,Switzerland,1,GK,Gregor Kobel,1997-12-06,28,21,0,Borussia Dortmund,Germany,https://upload.wikimedia.org/wikipedia/commons/thumb/6/67/Borussia_Dortmund_logo.svg/250px-Borussia_Dortmund_logo.svg.png,0,,,,,,,,https://en.wikipedia.org/wiki/2026_FIFA_World_Cup_squads,2026-06-11T04:21:10+00:00
B,Switzerland,2,DF,Miro Muheim,1998-03-24,28,10,0,Hamburger SV,Germany,https://upload.wikimedia.org/wikipedia/commons/thumb/f/f7/Hamburger_SV_logo.svg/250px-Hamburger_SV_logo.svg.png,0,,,,,,,,https://en.wikipedia.org/wiki/2026_FIFA_World_Cup_squads,2026-06-11T04:21:10+00:00
B,Switzerland,3,DF,Silvan Widmer,1993-03-05,33,60,5,Mainz 05,Germany,https://upload.wikimedia.org/wikipedia/commons/thumb/1/1b/1._FSV_Mainz_05_logo.svg/250px-1._FSV_Mainz_05_logo.svg.png,0,,,,,,,,https://en.wikipedia.org/wiki/2026_FIFA_World_Cup_squads,2026-06-11T04:21:10+00:00
B,Switzerland,4,DF,Nico Elvedi,1996-09-30,29,67,3,Borussia Mönchengladbach,Germany,https://upload.wikimedia.org/wikipedia/commons/thumb/8/81/Borussia_M%C3%B6nchengladbach_logo.svg/250px-Borussia_M%C3%B6nchengladbach_logo.svg.png,0,,,,,,,,https://en.wikipedia.org/wiki/2026_FIFA_World_Cup_squads,2026-06-11T04:21:10+00:00
B,Switzerland,5,DF,Manuel Akanji,1995-07-19,30,81,4,Inter Milan,Italy,https://upload.wikimedia.org/wikipedia/commons/thumb/0/05/FC_Internazionale_Milano_2021.svg/250px-FC_Internazionale_Milano_2021.svg.png,0,,,,,,,,https://en.wikipedia.org/wiki/2026_FIFA_World_Cup_squads,2026-06-11T04:21:10+00:00
B,Switzerland,6,MF,Denis Zakaria,1996-11-20,29,65,3,Monaco,France,https://upload.wikimedia.org/wikipedia/en/thumb/c/cf/LogoASMonacoFC2021.svg/250px-LogoASMonacoFC2021.svg.png,0,,,,,,,,https://en.wikipedia.org/wiki/2026_FIFA_World_Cup_squads,2026-06-11T04:21:10+00:00
B,Switzerland,7,FW,Breel Embolo,1997-02-14,29,86,24,Rennes,France,https://upload.wikimedia.org/wikipedia/en/thumb/9/9e/Stade_Rennais_FC.svg/250px-Stade_Rennais_FC.svg.png,0,,,,,,,,https://en.wikipedia.org/wiki/2026_FIFA_World_Cup_squads,2026-06-11T04:21:10+00:00
B,Switzerland,8,MF,Remo Freuler,1992-04-15,34,88,11,Bologna,Italy,https://upload.wikimedia.org/wikipedia/commons/thumb/5/5b/Bologna_F.C._1909_logo.svg/250px-Bologna_F.C._1909_logo.svg.png,0,,,,,,,,https://en.wikipedia.org/wiki/2026_FIFA_World_Cup_squads,2026-06-11T04:21:10+00:00
B,Switzerland,9,MF,Johan Manzambi,2005-10-14,20,12,3,SC Freiburg,Germany,https://upload.wikimedia.org/wikipedia/en/thumb/6/6d/SC_Freiburg_logo.svg/250px-SC_Freiburg_logo.svg.png,0,,,,,,,,https://en.wikipedia.org/wiki/2026_FIFA_World_Cup_squads,2026-06-11T04:21:10+00:00
B,Switzerland,10,MF,Granit Xhaka,1992-09-27,33,146,17,Sunderland,England,https://upload.wikimedia.org/wikipedia/en/thumb/7/77/Logo_Sunderland.svg/330px-Logo_Sunderland.svg.png,0,,,,,,,,https://en.wikipedia.org/wiki/2026_FIFA_World_Cup_squads,2026-06-11T04:21:10+00:00
B,Switzerland,11,FW,Dan Ndoye,2000-10-25,25,31,8,Nottingham Forest,England,https://upload.wikimedia.org/wikipedia/en/thumb/e/e5/Nottingham_Forest_F.C._logo.svg/120px-Nottingham_Forest_F.C._logo.svg.png,0,,,,,,,,https://en.wikipedia.org/wiki/2026_FIFA_World_Cup_squads,2026-06-11T04:21:10+00:00
B,Switzerland,12,GK,Yvon Mvogo,1994-06-06,32,13,0,Lorient,France,https://upload.wikimedia.org/wikipedia/en/thumb/4/4c/FC_Lorient_logo.svg/250px-FC_Lorient_logo.svg.png,0,,,,,,,,https://en.wikipedia.org/wiki/2026_FIFA_World_Cup_squads,2026-06-11T04:21:10+00:00
B,Switzerland,13,DF,Ricardo Rodriguez,1992-08-25,33,138,9,Real Betis,Spain,https://upload.wikimedia.org/wikipedia/en/thumb/1/13/Real_betis_logo.svg/250px-Real_betis_logo.svg.png,0,,,,,,,,https://en.wikipedia.org/wiki/2026_FIFA_World_Cup_squads,2026-06-11T04:21:10+00:00
B,Switzerland,14,MF,Ardon Jashari,2002-07-30,23,8,0,Milan,Italy,https://upload.wikimedia.org/wikipedia/commons/thumb/d/d0/Logo_of_AC_Milan.svg/250px-Logo_of_AC_Milan.svg.png,0,,,,,,,,https://en.wikipedia.org/wiki/2026_FIFA_World_Cup_squads,2026-06-11T04:21:10+00:00
B,Switzerland,15,MF,Djibril Sow,1997-02-06,29,52,0,Sevilla,Spain,https://upload.wikimedia.org/wikipedia/en/thumb/3/3b/Sevilla_FC_logo.svg/250px-Sevilla_FC_logo.svg.png,0,,,,,,,,https://en.wikipedia.org/wiki/2026_FIFA_World_Cup_squads,2026-06-11T04:21:10+00:00
B,Switzerland,16,FW,Christian Fassnacht,1993-11-11,32,23,5,Young Boys,Switzerland,https://upload.wikimedia.org/wikipedia/commons/thumb/c/c2/BSC_Young_Boys.svg/250px-BSC_Young_Boys.svg.png,0,,,,,,,,https://en.wikipedia.org/wiki/2026_FIFA_World_Cup_squads,2026-06-11T04:21:10+00:00
B,Switzerland,17,FW,Rubén Vargas,1998-08-05,27,61,11,Sevilla,Spain,https://upload.wikimedia.org/wikipedia/en/thumb/3/3b/Sevilla_FC_logo.svg/250px-Sevilla_FC_logo.svg.png,0,,,,,,,,https://en.wikipedia.org/wiki/2026_FIFA_World_Cup_squads,2026-06-11T04:21:10+00:00
B,Switzerland,18,DF,Eray Cömert,1998-02-04,28,22,0,Valencia,Spain,https://upload.wikimedia.org/wikipedia/en/thumb/c/ce/Valenciacf.svg/250px-Valenciacf.svg.png,0,,,,,,,,https://en.wikipedia.org/wiki/2026_FIFA_World_Cup_squads,2026-06-11T04:21:10+00:00
B,Switzerland,19,FW,Noah Okafor,2000-05-24,26,25,2,Leeds United,England,https://upload.wikimedia.org/wikipedia/en/thumb/5/54/Leeds_United_F.C._logo.svg/250px-Leeds_United_F.C._logo.svg.png,0,,,,,,,,https://en.wikipedia.org/wiki/2026_FIFA_World_Cup_squads,2026-06-11T04:21:10+00:00
B,Switzerland,20,MF,Michel Aebischer,1997-01-06,29,40,2,Pisa,Italy,https://upload.wikimedia.org/wikipedia/en/thumb/6/6b/Pisa_SC_crest.svg/250px-Pisa_SC_crest.svg.png,0,,,,,,,,https://en.wikipedia.org/wiki/2026_FIFA_World_Cup_squads,2026-06-11T04:21:10+00:00
B,Switzerland,21,GK,Marvin Keller,2002-07-03,23,1,0,Young Boys,Switzerland,https://upload.wikimedia.org/wikipedia/commons/thumb/c/c2/BSC_Young_Boys.svg/250px-BSC_Young_Boys.svg.png,0,,,,,,,,https://en.wikipedia.org/wiki/2026_FIFA_World_Cup_squads,2026-06-11T04:21:10+00:00
B,Switzerland,22,MF,Fabian Rieder,2002-02-16,24,28,1,FC Augsburg,Germany,https://upload.wikimedia.org/wikipedia/en/thumb/c/c5/FC_Augsburg_logo.svg/250px-FC_Augsburg_logo.svg.png,0,,,,,,,,https://en.wikipedia.org/wiki/2026_FIFA_World_Cup_squads,2026-06-11T04:21:10+00:00
B,Switzerland,23,FW,Zeki Amdouni,2000-12-04,25,29,11,Burnley,England,https://upload.wikimedia.org/wikipedia/en/thumb/6/6d/Burnley_FC_Logo.svg/250px-Burnley_FC_Logo.svg.png,0,,,,,,,,https://en.wikipedia.org/wiki/2026_FIFA_World_Cup_squads,2026-06-11T04:21:10+00:00
B,Switzerland,24,DF,Aurèle Amenda,2003-07-31,22,7,0,Eintracht Frankfurt,Germany,https://upload.wikimedia.org/wikipedia/en/thumb/7/7e/Eintracht_Frankfurt_crest.svg/250px-Eintracht_Frankfurt_crest.svg.png,0,,,,,,,,https://en.wikipedia.org/wiki/2026_FIFA_World_Cup_squads,2026-06-11T04:21:10+00:00
B,Switzerland,25,DF,Luca Jaquez,2003-06-02,23,3,0,VfB Stuttgart,Germany,https://upload.wikimedia.org/wikipedia/commons/thumb/e/eb/VfB_Stuttgart_1893_Logo.svg/250px-VfB_Stuttgart_1893_Logo.svg.png,0,,,,,,,,https://en.wikipedia.org/wiki/2026_FIFA_World_Cup_squads,2026-06-11T04:21:10+00:00
B,Switzerland,26,FW,Cedric Itten,1996-12-27,29,15,5,Fortuna Düsseldorf,Germany,https://upload.wikimedia.org/wikipedia/commons/thumb/9/94/Fortuna_D%C3%BCsseldorf.svg/250px-Fortuna_D%C3%BCsseldorf.svg.png,0,,,,,,,,https://en.wikipedia.org/wiki/2026_FIFA_World_Cup_squads,2026-06-11T04:21:10+00:00
C,Brazil,1,GK,Alisson,1992-10-02,33,78,0,Liverpool,England,https://upload.wikimedia.org/wikipedia/en/thumb/0/0c/Liverpool_FC.svg/250px-Liverpool_FC.svg.png,2,"2019, 2020",https://en.wikipedia.org/wiki/FIFPRO_World_11,,,,,,https://en.wikipedia.org/wiki/2026_FIFA_World_Cup_squads,2026-06-11T04:21:10+00:00
C,Brazil,2,MF,Éderson Silva,1999-07-07,26,3,0,Atalanta,Italy,https://upload.wikimedia.org/wikipedia/en/thumb/f/f2/Atalanta_BC_new_logo.svg/250px-Atalanta_BC_new_logo.svg.png,0,,,,,,,,https://en.wikipedia.org/wiki/2026_FIFA_World_Cup_squads,2026-06-11T04:21:10+00:00
C,Brazil,3,DF,Gabriel Magalhães,1997-12-19,28,17,1,Arsenal,England,https://upload.wikimedia.org/wikipedia/en/thumb/5/53/Arsenal_FC.svg/250px-Arsenal_FC.svg.png,0,,,,,,,,https://en.wikipedia.org/wiki/2026_FIFA_World_Cup_squads,2026-06-11T04:21:10+00:00
C,Brazil,4,DF,Marquinhos,1994-05-14,32,105,7,Paris Saint-Germain,France,https://upload.wikimedia.org/wikipedia/en/thumb/a/a7/Paris_Saint-Germain_F.C..svg/250px-Paris_Saint-Germain_F.C..svg.png,0,,,,,,,,https://en.wikipedia.org/wiki/2026_FIFA_World_Cup_squads,2026-06-11T04:21:10+00:00
C,Brazil,5,MF,Casemiro,1992-02-23,34,86,9,Manchester United,England,https://upload.wikimedia.org/wikipedia/en/thumb/7/7a/Manchester_United_FC_crest.svg/250px-Manchester_United_FC_crest.svg.png,1,2022,https://en.wikipedia.org/wiki/FIFPRO_World_11,,,,,,https://en.wikipedia.org/wiki/2026_FIFA_World_Cup_squads,2026-06-11T04:21:10+00:00
C,Brazil,6,DF,Alex Sandro,1991-01-26,35,45,2,Flamengo,Brazil,https://upload.wikimedia.org/wikipedia/commons/thumb/9/96/Clube_de_Regatas_do_Flamengo_logo.svg/250px-Clube_de_Regatas_do_Flamengo_logo.svg.png,0,,,,,,,,https://en.wikipedia.org/wiki/2026_FIFA_World_Cup_squads,2026-06-11T04:21:10+00:00
C,Brazil,7,FW,Vinícius Júnior,2000-07-12,25,49,9,Real Madrid,Spain,https://upload.wikimedia.org/wikipedia/en/thumb/5/56/Real_Madrid_CF.svg/250px-Real_Madrid_CF.svg.png,2,"2023, 2024",https://en.wikipedia.org/wiki/FIFPRO_World_11,,,,,,https://en.wikipedia.org/wiki/2026_FIFA_World_Cup_squads,2026-06-11T04:21:10+00:00
C,Brazil,8,MF,Bruno Guimarães,1997-11-16,28,43,3,Newcastle United,England,https://upload.wikimedia.org/wikipedia/en/thumb/5/56/Newcastle_United_Logo.svg/250px-Newcastle_United_Logo.svg.png,0,,,,,,,,https://en.wikipedia.org/wiki/2026_FIFA_World_Cup_squads,2026-06-11T04:21:10+00:00
C,Brazil,9,FW,Matheus Cunha,1999-05-27,27,23,1,Manchester United,England,https://upload.wikimedia.org/wikipedia/en/thumb/7/7a/Manchester_United_FC_crest.svg/250px-Manchester_United_FC_crest.svg.png,0,,,,,,,,https://en.wikipedia.org/wiki/2026_FIFA_World_Cup_squads,2026-06-11T04:21:10+00:00
C,Brazil,10,FW,Neymar,1992-02-05,34,128,79,Santos,Brazil,https://upload.wikimedia.org/wikipedia/commons/thumb/0/0e/Santos_Futebol_Clube_logo_%28with_stars_and_crown%29.png/250px-Santos_Futebol_Clube_logo_%28with_stars_and_crown%29.png,2,"2015, 2017",https://en.wikipedia.org/wiki/FIFPRO_World_11,,,,,,https://en.wikipedia.org/wiki/2026_FIFA_World_Cup_squads,2026-06-11T04:21:10+00:00
C,Brazil,11,FW,Raphinha,1996-12-14,29,39,11,Barcelona,Spain,https://upload.wikimedia.org/wikipedia/en/thumb/4/47/FC_Barcelona_%28crest%29.svg/250px-FC_Barcelona_%28crest%29.svg.png,0,,,,,,,,https://en.wikipedia.org/wiki/2026_FIFA_World_Cup_squads,2026-06-11T04:21:10+00:00
C,Brazil,12,GK,Weverton,1987-12-13,38,11,0,Grêmio,Brazil,https://upload.wikimedia.org/wikipedia/commons/thumb/0/08/Gremio_logo.svg/250px-Gremio_logo.svg.png,0,,,,,,,,https://en.wikipedia.org/wiki/2026_FIFA_World_Cup_squads,2026-06-11T04:21:10+00:00
C,Brazil,13,DF,Danilo Luiz,1991-07-15,34,70,1,Flamengo,Brazil,https://upload.wikimedia.org/wikipedia/commons/thumb/9/96/Clube_de_Regatas_do_Flamengo_logo.svg/250px-Clube_de_Regatas_do_Flamengo_logo.svg.png,0,,,,,,,,https://en.wikipedia.org/wiki/2026_FIFA_World_Cup_squads,2026-06-11T04:21:10+00:00
C,Brazil,14,DF,Bremer,1997-03-18,29,8,1,Juventus,Italy,https://upload.wikimedia.org/wikipedia/commons/thumb/e/ed/Juventus_FC_-_logo_black_%28Italy%2C_2020%29.svg/250px-Juventus_FC_-_logo_black_%28Italy%2C_2020%29.svg.png,0,,,,,,,,https://en.wikipedia.org/wiki/2026_FIFA_World_Cup_squads,2026-06-11T04:21:10+00:00
C,Brazil,15,DF,Léo Pereira,1996-01-31,30,4,0,Flamengo,Brazil,https://upload.wikimedia.org/wikipedia/commons/thumb/9/96/Clube_de_Regatas_do_Flamengo_logo.svg/250px-Clube_de_Regatas_do_Flamengo_logo.svg.png,0,,,,,,,,https://en.wikipedia.org/wiki/2026_FIFA_World_Cup_squads,2026-06-11T04:21:10+00:00
C,Brazil,16,DF,Douglas Santos,1994-03-22,32,7,0,Zenit Saint Petersburg,Russia,https://upload.wikimedia.org/wikipedia/en/thumb/e/eb/FC_Zenit_Saint_Petersburg_crest.svg/250px-FC_Zenit_Saint_Petersburg_crest.svg.png,0,,,,,,,,https://en.wikipedia.org/wiki/2026_FIFA_World_Cup_squads,2026-06-11T04:21:10+00:00
C,Brazil,17,MF,Fabinho,1993-10-23,32,33,0,Al-Ittihad,Saudi Arabia,https://upload.wikimedia.org/wikipedia/en/thumb/8/87/Al-Ittihad_Club_%28Jeddah%29_logo.svg/250px-Al-Ittihad_Club_%28Jeddah%29_logo.svg.png,0,,,,,,,,https://en.wikipedia.org/wiki/2026_FIFA_World_Cup_squads,2026-06-11T04:21:10+00:00
C,Brazil,18,MF,Danilo Santos,2001-04-29,25,4,2,Botafogo,Brazil,https://upload.wikimedia.org/wikipedia/commons/thumb/5/52/Botafogo_de_Futebol_e_Regatas_logo.svg/250px-Botafogo_de_Futebol_e_Regatas_logo.svg.png,0,,,,,,,,https://en.wikipedia.org/wiki/2026_FIFA_World_Cup_squads,2026-06-11T04:21:10+00:00
C,Brazil,19,FW,Endrick,2006-07-21,19,17,4,Lyon,France,https://upload.wikimedia.org/wikipedia/en/thumb/1/1c/Olympique_Lyonnais_logo.svg/250px-Olympique_Lyonnais_logo.svg.png,0,,,,,,,,https://en.wikipedia.org/wiki/2026_FIFA_World_Cup_squads,2026-06-11T04:21:10+00:00
C,Brazil,20,MF,Lucas Paquetá,1997-08-27,28,63,13,Flamengo,Brazil,https://upload.wikimedia.org/wikipedia/commons/thumb/9/96/Clube_de_Regatas_do_Flamengo_logo.svg/250px-Clube_de_Regatas_do_Flamengo_logo.svg.png,0,,,,,,,,https://en.wikipedia.org/wiki/2026_FIFA_World_Cup_squads,2026-06-11T04:21:10+00:00
C,Brazil,21,FW,Luiz Henrique,2001-01-02,25,15,2,Zenit Saint Petersburg,Russia,https://upload.wikimedia.org/wikipedia/en/thumb/e/eb/FC_Zenit_Saint_Petersburg_crest.svg/250px-FC_Zenit_Saint_Petersburg_crest.svg.png,0,,,,,,,,https://en.wikipedia.org/wiki/2026_FIFA_World_Cup_squads,2026-06-11T04:21:10+00:00
C,Brazil,22,FW,Gabriel Martinelli,2001-06-18,24,23,4,Arsenal,England,https://upload.wikimedia.org/wikipedia/en/thumb/5/53/Arsenal_FC.svg/250px-Arsenal_FC.svg.png,0,,,,,,,,https://en.wikipedia.org/wiki/2026_FIFA_World_Cup_squads,2026-06-11T04:21:10+00:00
C,Brazil,23,GK,Ederson Moraes,1993-08-17,32,32,0,Fenerbahçe,Turkey,https://upload.wikimedia.org/wikipedia/en/thumb/3/39/Fenerbah%C3%A7e.svg/250px-Fenerbah%C3%A7e.svg.png,0,,,,,,,,https://en.wikipedia.org/wiki/2026_FIFA_World_Cup_squads,2026-06-11T04:21:10+00:00
C,Brazil,24,DF,Roger Ibañez,1998-11-23,27,7,0,Al-Ahli,Saudi Arabia,https://upload.wikimedia.org/wikipedia/en/thumb/4/45/Al_Ahli_Saudi_FC_logo.svg/250px-Al_Ahli_Saudi_FC_logo.svg.png,0,,,,,,,,https://en.wikipedia.org/wiki/2026_FIFA_World_Cup_squads,2026-06-11T04:21:10+00:00
C,Brazil,25,FW,Igor Thiago,2001-06-26,24,4,2,Brentford,England,https://upload.wikimedia.org/wikipedia/en/thumb/2/2a/Brentford_FC_crest.svg/250px-Brentford_FC_crest.svg.png,0,,,,,,,,https://en.wikipedia.org/wiki/2026_FIFA_World_Cup_squads,2026-06-11T04:21:10+00:00
C,Brazil,26,FW,Rayan,2006-08-03,19,2,1,Bournemouth,England,https://upload.wikimedia.org/wikipedia/en/thumb/e/e5/AFC_Bournemouth_%282013%29.svg/250px-AFC_Bournemouth_%282013%29.svg.png,0,,,,,,,,https://en.wikipedia.org/wiki/2026_FIFA_World_Cup_squads,2026-06-11T04:21:10+00:00
C,Haiti,1,GK,Johny Placide,1988-01-29,38,81,0,Bastia,France,https://upload.wikimedia.org/wikipedia/en/thumb/d/d7/SC_Bastia_logo_2024.svg/250px-SC_Bastia_logo_2024.svg.png,0,,,,,,,,https://en.wikipedia.org/wiki/2026_FIFA_World_Cup_squads,2026-06-11T04:21:10+00:00
C,Haiti,2,DF,Carlens Arcus,1996-06-28,29,53,1,Angers,France,https://upload.wikimedia.org/wikipedia/commons/thumb/f/f6/Angers_Sporting_Club_de_l%27Ouest_logo.svg/250px-Angers_Sporting_Club_de_l%27Ouest_logo.svg.png,0,,,,,,,,https://en.wikipedia.org/wiki/2026_FIFA_World_Cup_squads,2026-06-11T04:21:10+00:00
C,Haiti,3,DF,Keeto Thermoncy,2006-03-29,20,1,0,Young Boys,Switzerland,https://upload.wikimedia.org/wikipedia/commons/thumb/c/c2/BSC_Young_Boys.svg/250px-BSC_Young_Boys.svg.png,0,,,,,,,,https://en.wikipedia.org/wiki/2026_FIFA_World_Cup_squads,2026-06-11T04:21:10+00:00
C,Haiti,4,DF,Ricardo Adé,1990-05-21,36,59,2,LDU Quito,Ecuador,https://upload.wikimedia.org/wikipedia/commons/thumb/e/e1/Liga_de_Quito_deportiva.png/250px-Liga_de_Quito_deportiva.png,0,,,,,,,,https://en.wikipedia.org/wiki/2026_FIFA_World_Cup_squads,2026-06-11T04:21:10+00:00
C,Haiti,5,DF,Hannes Delcroix,1999-02-28,27,7,0,Lugano,Switzerland,https://upload.wikimedia.org/wikipedia/commons/thumb/1/1c/Logo_FC_Lugano_2025.svg/250px-Logo_FC_Lugano_2025.svg.png,0,,,,,,,,https://en.wikipedia.org/wiki/2026_FIFA_World_Cup_squads,2026-06-11T04:21:10+00:00
C,Haiti,6,MF,Carl Sainté,2002-08-09,23,26,0,El Paso Locomotive FC,the United States,https://upload.wikimedia.org/wikipedia/en/thumb/0/00/El_Paso_Locomotive_FC_logo.svg/250px-El_Paso_Locomotive_FC_logo.svg.png,0,,,,,,,,https://en.wikipedia.org/wiki/2026_FIFA_World_Cup_squads,2026-06-11T04:21:10+00:00
C,Haiti,7,FW,Derrick Etienne Jr.,1996-11-25,29,48,8,Toronto FC,Canada,https://upload.wikimedia.org/wikipedia/en/thumb/7/7c/Toronto_FC_Logo.svg/330px-Toronto_FC_Logo.svg.png,0,,,,,,,,https://en.wikipedia.org/wiki/2026_FIFA_World_Cup_squads,2026-06-11T04:21:10+00:00
C,Haiti,8,DF,Martin Expérience,1999-03-09,27,21,0,Nancy,France,https://upload.wikimedia.org/wikipedia/en/thumb/4/4d/AS_Nancy_logo.svg/250px-AS_Nancy_logo.svg.png,0,,,,,,,,https://en.wikipedia.org/wiki/2026_FIFA_World_Cup_squads,2026-06-11T04:21:10+00:00
C,Haiti,9,FW,Duckens Nazon,1994-04-07,32,78,44,Esteghlal,Iran,https://upload.wikimedia.org/wikipedia/en/thumb/5/54/Esteghlal_F.C._Logo.svg/250px-Esteghlal_F.C._Logo.svg.png,0,,,,,,,,https://en.wikipedia.org/wiki/2026_FIFA_World_Cup_squads,2026-06-11T04:21:10+00:00
C,Haiti,10,MF,Jean-Ricner Bellegarde,1998-06-27,27,10,0,Wolverhampton Wanderers,England,https://upload.wikimedia.org/wikipedia/en/thumb/c/c9/Wolverhampton_Wanderers_FC_crest.svg/250px-Wolverhampton_Wanderers_FC_crest.svg.png,0,,,,,,,,https://en.wikipedia.org/wiki/2026_FIFA_World_Cup_squads,2026-06-11T04:21:10+00:00
C,Haiti,11,FW,Louicius Deedson,2001-02-11,25,32,10,FC Dallas,the United States,https://upload.wikimedia.org/wikipedia/en/thumb/c/c9/FC_Dallas_logo.svg/250px-FC_Dallas_logo.svg.png,0,,,,,,,,https://en.wikipedia.org/wiki/2026_FIFA_World_Cup_squads,2026-06-11T04:21:10+00:00
C,Haiti,12,GK,Alexandre Pierre,2001-02-25,25,15,0,Sochaux,France,https://upload.wikimedia.org/wikipedia/en/thumb/7/7c/FC_Sochaux-Montbeliard_logo.svg/250px-FC_Sochaux-Montbeliard_logo.svg.png,0,,,,,,,,https://en.wikipedia.org/wiki/2026_FIFA_World_Cup_squads,2026-06-11T04:21:10+00:00
C,Haiti,13,DF,Duke Lacroix,1993-10-14,32,16,3,Colorado Springs Switchbacks FC,the United States,https://upload.wikimedia.org/wikipedia/commons/thumb/6/68/2025_Colorado_Springs_Switchbacks_FC_Logo.png/250px-2025_Colorado_Springs_Switchbacks_FC_Logo.png,0,,,,,,,,https://en.wikipedia.org/wiki/2026_FIFA_World_Cup_squads,2026-06-11T04:21:10+00:00
C,Haiti,14,MF,Leverton Pierre,1998-03-09,28,33,0,Vizela,Portugal,https://upload.wikimedia.org/wikipedia/en/thumb/a/a2/F.C._Vizela_logo.svg/250px-F.C._Vizela_logo.svg.png,0,,,,,,,,https://en.wikipedia.org/wiki/2026_FIFA_World_Cup_squads,2026-06-11T04:21:10+00:00
C,Haiti,15,FW,Ruben Providence,2001-07-07,24,15,3,Almere City,the Netherlands,https://upload.wikimedia.org/wikipedia/en/thumb/8/8f/Almere_City_FC_logo.svg/250px-Almere_City_FC_logo.svg.png,0,,,,,,,,https://en.wikipedia.org/wiki/2026_FIFA_World_Cup_squads,2026-06-11T04:21:10+00:00
C,Haiti,16,FW,Lenny Joseph,2000-10-12,25,2,1,Ferencváros,Hungary,https://upload.wikimedia.org/wikipedia/commons/thumb/3/37/Ferencvarosi_TC.svg/250px-Ferencvarosi_TC.svg.png,0,,,,,,,,https://en.wikipedia.org/wiki/2026_FIFA_World_Cup_squads,2026-06-11T04:21:10+00:00
C,Haiti,17,MF,Danley Jean Jacques,2000-05-20,26,30,6,Philadelphia Union,the United States,https://upload.wikimedia.org/wikipedia/en/thumb/4/46/Philadelphia_Union_2018_logo.svg/250px-Philadelphia_Union_2018_logo.svg.png,0,,,,,,,,https://en.wikipedia.org/wiki/2026_FIFA_World_Cup_squads,2026-06-11T04:21:10+00:00
C,Haiti,18,FW,Wilson Isidor,2000-08-27,25,4,2,Sunderland,England,https://upload.wikimedia.org/wikipedia/en/thumb/7/77/Logo_Sunderland.svg/330px-Logo_Sunderland.svg.png,0,,,,,,,,https://en.wikipedia.org/wiki/2026_FIFA_World_Cup_squads,2026-06-11T04:21:10+00:00
C,Haiti,19,FW,Yassin Fortuné,1999-01-30,27,4,0,Vizela,Portugal,https://upload.wikimedia.org/wikipedia/en/thumb/a/a2/F.C._Vizela_logo.svg/250px-F.C._Vizela_logo.svg.png,0,,,,,,,,https://en.wikipedia.org/wiki/2026_FIFA_World_Cup_squads,2026-06-11T04:21:10+00:00
C,Haiti,20,FW,Frantzdy Pierrot,1995-03-29,31,51,34,Çaykur Rizespor,Turkey,https://upload.wikimedia.org/wikipedia/en/thumb/5/5f/Caykur_Rizespor_logo.svg/250px-Caykur_Rizespor_logo.svg.png,0,,,,,,,,https://en.wikipedia.org/wiki/2026_FIFA_World_Cup_squads,2026-06-11T04:21:10+00:00
C,Haiti,21,FW,Josué Casimir,2001-09-24,24,7,0,Auxerre,France,https://upload.wikimedia.org/wikipedia/en/thumb/5/51/AJAuxerreLogo.svg/250px-AJAuxerreLogo.svg.png,0,,,,,,,,https://en.wikipedia.org/wiki/2026_FIFA_World_Cup_squads,2026-06-11T04:21:10+00:00
C,Haiti,22,DF,Jean-Kévin Duverne,1997-07-12,28,17,1,Gent,Belgium,https://upload.wikimedia.org/wikipedia/en/thumb/f/f4/KAA_Gent_logo.svg/250px-KAA_Gent_logo.svg.png,0,,,,,,,,https://en.wikipedia.org/wiki/2026_FIFA_World_Cup_squads,2026-06-11T04:21:10+00:00
C,Haiti,23,GK,Josué Duverger,2000-04-27,26,6,0,Cosmos Koblenz,Germany,https://upload.wikimedia.org/wikipedia/en/5/51/FC_Cosmos_Koblenz_logo.jpg,0,,,,,,,,https://en.wikipedia.org/wiki/2026_FIFA_World_Cup_squads,2026-06-11T04:21:10+00:00
C,Haiti,24,DF,Wilguens Paugain,2001-08-24,24,8,0,Zulte Waregem,Belgium,https://upload.wikimedia.org/wikipedia/en/thumb/6/67/Zulte-Waregem_logo.svg/250px-Zulte-Waregem_logo.svg.png,0,,,,,,,,https://en.wikipedia.org/wiki/2026_FIFA_World_Cup_squads,2026-06-11T04:21:10+00:00
C,Haiti,25,MF,Dominique Simon,2000-07-29,25,2,0,Tatran Prešov,Slovakia,https://upload.wikimedia.org/wikipedia/en/thumb/7/7e/1FC_Tatran.png/250px-1FC_Tatran.png,0,,,,,,,,https://en.wikipedia.org/wiki/2026_FIFA_World_Cup_squads,2026-06-11T04:21:10+00:00
C,Haiti,26,MF,Woodensky Pierre,2004-12-30,21,1,0,Violette,Haiti,https://upload.wikimedia.org/wikipedia/en/b/b9/Violette_AC_2.png,0,,,,,,,,https://en.wikipedia.org/wiki/2026_FIFA_World_Cup_squads,2026-06-11T04:21:10+00:00
C,Morocco,1,GK,Yassine Bounou,1991-04-05,35,90,0,Al-Hilal,Saudi Arabia,https://upload.wikimedia.org/wikipedia/commons/thumb/5/55/Al_Hilal_SFC_Logo.svg/250px-Al_Hilal_SFC_Logo.svg.png,0,,,,,,,,https://en.wikipedia.org/wiki/2026_FIFA_World_Cup_squads,2026-06-11T04:21:10+00:00
C,Morocco,2,DF,Achraf Hakimi,1998-11-04,27,96,11,Paris Saint-Germain,France,https://upload.wikimedia.org/wikipedia/en/thumb/a/a7/Paris_Saint-Germain_F.C..svg/250px-Paris_Saint-Germain_F.C..svg.png,2,"2022, 2025",https://en.wikipedia.org/wiki/FIFPRO_World_11,,,,,,https://en.wikipedia.org/wiki/2026_FIFA_World_Cup_squads,2026-06-11T04:21:10+00:00
C,Morocco,3,DF,Noussair Mazraoui,1997-11-14,28,45,2,Manchester United,England,https://upload.wikimedia.org/wikipedia/en/thumb/7/7a/Manchester_United_FC_crest.svg/250px-Manchester_United_FC_crest.svg.png,0,,,,,,,,https://en.wikipedia.org/wiki/2026_FIFA_World_Cup_squads,2026-06-11T04:21:10+00:00
C,Morocco,4,MF,Sofyan Amrabat,1996-08-21,29,75,0,Real Betis,Spain,https://upload.wikimedia.org/wikipedia/en/thumb/1/13/Real_betis_logo.svg/250px-Real_betis_logo.svg.png,0,,,,,,,,https://en.wikipedia.org/wiki/2026_FIFA_World_Cup_squads,2026-06-11T04:21:10+00:00
C,Morocco,5,DF,Marwane Saâdane,1992-01-17,34,8,0,Al-Fateh,Saudi Arabia,https://upload.wikimedia.org/wikipedia/commons/thumb/e/e8/Al_Fateh_SC_Logo.svg/250px-Al_Fateh_SC_Logo.svg.png,0,,,,,,,,https://en.wikipedia.org/wiki/2026_FIFA_World_Cup_squads,2026-06-11T04:21:10+00:00
C,Morocco,6,MF,Ayyoub Bouaddi,2007-10-02,18,3,0,Lille,France,https://upload.wikimedia.org/wikipedia/en/thumb/3/3f/Lille_OSC_2018_logo.svg/250px-Lille_OSC_2018_logo.svg.png,0,,,,,,,,https://en.wikipedia.org/wiki/2026_FIFA_World_Cup_squads,2026-06-11T04:21:10+00:00
C,Morocco,7,MF,Chemsdine Talbi,2005-05-09,21,5,0,Sunderland,England,https://upload.wikimedia.org/wikipedia/en/thumb/7/77/Logo_Sunderland.svg/330px-Logo_Sunderland.svg.png,0,,,,,,,,https://en.wikipedia.org/wiki/2026_FIFA_World_Cup_squads,2026-06-11T04:21:10+00:00
C,Morocco,8,MF,Azzedine Ounahi,2000-04-19,26,49,9,Girona,Spain,https://upload.wikimedia.org/wikipedia/en/thumb/f/f7/Girona_FC_Logo.svg/250px-Girona_FC_Logo.svg.png,0,,,,,,,,https://en.wikipedia.org/wiki/2026_FIFA_World_Cup_squads,2026-06-11T04:21:10+00:00
C,Morocco,9,FW,Soufiane Rahimi,1996-06-02,30,37,12,Al Ain,the United Arab Emirates,https://upload.wikimedia.org/wikipedia/en/thumb/6/62/Al_Ain_FC_logo_2024.png/250px-Al_Ain_FC_logo_2024.png,0,,,,,,,,https://en.wikipedia.org/wiki/2026_FIFA_World_Cup_squads,2026-06-11T04:21:10+00:00
C,Morocco,10,FW,Brahim Díaz,1999-08-03,26,26,14,Real Madrid,Spain,https://upload.wikimedia.org/wikipedia/en/thumb/5/56/Real_Madrid_CF.svg/250px-Real_Madrid_CF.svg.png,0,,,,,,,,https://en.wikipedia.org/wiki/2026_FIFA_World_Cup_squads,2026-06-11T04:21:10+00:00
C,Morocco,11,MF,Ismael Saibari,2001-01-28,25,31,9,PSV Eindhoven,the Netherlands,https://upload.wikimedia.org/wikipedia/en/thumb/0/05/PSV_Eindhoven.svg/250px-PSV_Eindhoven.svg.png,0,,,,,,,,https://en.wikipedia.org/wiki/2026_FIFA_World_Cup_squads,2026-06-11T04:21:10+00:00
C,Morocco,12,GK,Munir Mohamedi,1989-05-10,37,53,0,RS Berkane,Morocco,https://upload.wikimedia.org/wikipedia/en/thumb/d/de/RS_Berkane_%28logo%29.png/250px-RS_Berkane_%28logo%29.png,0,,,,,,,,https://en.wikipedia.org/wiki/2026_FIFA_World_Cup_squads,2026-06-11T04:21:10+00:00
C,Morocco,13,DF,Zakaria El Ouahdi,2001-12-31,24,3,0,Genk,Belgium,https://upload.wikimedia.org/wikipedia/commons/thumb/7/77/Logo_KRC_Genk.png/250px-Logo_KRC_Genk.png,0,,,,,,,,https://en.wikipedia.org/wiki/2026_FIFA_World_Cup_squads,2026-06-11T04:21:10+00:00
C,Morocco,14,DF,Issa Diop,1997-01-09,29,4,0,Fulham,England,https://upload.wikimedia.org/wikipedia/en/thumb/e/eb/Fulham_FC_%28shield%29.svg/250px-Fulham_FC_%28shield%29.svg.png,0,,,,,,,,https://en.wikipedia.org/wiki/2026_FIFA_World_Cup_squads,2026-06-11T04:21:10+00:00
C,Morocco,15,MF,Samir El Mourabet,2005-10-06,20,4,0,Strasbourg,France,https://upload.wikimedia.org/wikipedia/en/thumb/8/80/Racing_Club_de_Strasbourg_logo.svg/250px-Racing_Club_de_Strasbourg_logo.svg.png,0,,,,,,,,https://en.wikipedia.org/wiki/2026_FIFA_World_Cup_squads,2026-06-11T04:21:10+00:00
C,Morocco,16,MF,Gessime Yassine,2005-11-22,20,5,0,Strasbourg,France,https://upload.wikimedia.org/wikipedia/en/thumb/8/80/Racing_Club_de_Strasbourg_logo.svg/250px-Racing_Club_de_Strasbourg_logo.svg.png,0,,,,,,,,https://en.wikipedia.org/wiki/2026_FIFA_World_Cup_squads,2026-06-11T04:21:10+00:00
C,Morocco,17,FW,Amine Sbaï,2000-11-05,25,2,0,Angers,France,https://upload.wikimedia.org/wikipedia/commons/thumb/f/f6/Angers_Sporting_Club_de_l%27Ouest_logo.svg/250px-Angers_Sporting_Club_de_l%27Ouest_logo.svg.png,0,,,,,,,,https://en.wikipedia.org/wiki/2026_FIFA_World_Cup_squads,2026-06-11T04:21:10+00:00
C,Morocco,18,DF,Chadi Riad,2003-06-17,22,6,1,Crystal Palace,England,https://upload.wikimedia.org/wikipedia/en/thumb/a/a2/Crystal_Palace_FC_logo_%282022%29.svg/250px-Crystal_Palace_FC_logo_%282022%29.svg.png,0,,,,,,,,https://en.wikipedia.org/wiki/2026_FIFA_World_Cup_squads,2026-06-11T04:21:10+00:00
C,Morocco,19,DF,Youssef Belammari,1998-09-20,27,19,0,Al Ahly,Egypt,https://upload.wikimedia.org/wikipedia/en/thumb/7/70/Al_Ahly_SC_logo.svg/250px-Al_Ahly_SC_logo.svg.png,0,,,,,,,,https://en.wikipedia.org/wiki/2026_FIFA_World_Cup_squads,2026-06-11T04:21:10+00:00
C,Morocco,20,FW,Ayoub El Kaabi,1993-06-25,32,71,35,Olympiacos,Greece,https://upload.wikimedia.org/wikipedia/en/thumb/a/a2/Olympiacos_FC_crest.svg/250px-Olympiacos_FC_crest.svg.png,0,,,,,,,,https://en.wikipedia.org/wiki/2026_FIFA_World_Cup_squads,2026-06-11T04:21:10+00:00
C,Morocco,21,FW,Ayoube Amaimouni,2004-11-30,21,2,0,Eintracht Frankfurt,Germany,https://upload.wikimedia.org/wikipedia/en/thumb/7/7e/Eintracht_Frankfurt_crest.svg/250px-Eintracht_Frankfurt_crest.svg.png,0,,,,,,,,https://en.wikipedia.org/wiki/2026_FIFA_World_Cup_squads,2026-06-11T04:21:10+00:00
C,Morocco,22,GK,Ahmed Reda Tagnaouti,1996-04-05,30,3,0,AS FAR,Morocco,https://upload.wikimedia.org/wikipedia/commons/thumb/c/c5/AS_FAR_logo.png/250px-AS_FAR_logo.png,0,,,,,,,,https://en.wikipedia.org/wiki/2026_FIFA_World_Cup_squads,2026-06-11T04:21:10+00:00
C,Morocco,23,MF,Bilal El Khannouss,2004-05-10,22,37,3,VfB Stuttgart,Germany,https://upload.wikimedia.org/wikipedia/commons/thumb/e/eb/VfB_Stuttgart_1893_Logo.svg/250px-VfB_Stuttgart_1893_Logo.svg.png,0,,,,,,,,https://en.wikipedia.org/wiki/2026_FIFA_World_Cup_squads,2026-06-11T04:21:10+00:00
C,Morocco,24,MF,Neil El Aynaoui,2001-07-02,24,16,2,Roma,Italy,https://upload.wikimedia.org/wikipedia/en/thumb/f/f7/AS_Roma_logo_%282017%29.svg/250px-AS_Roma_logo_%282017%29.svg.png,0,,,,,,,,https://en.wikipedia.org/wiki/2026_FIFA_World_Cup_squads,2026-06-11T04:21:10+00:00
C,Morocco,25,DF,Redouane Halhal,2003-03-05,23,3,0,Mechelen,Belgium,https://upload.wikimedia.org/wikipedia/en/thumb/2/28/KV_Mechelen_logo.svg/250px-KV_Mechelen_logo.svg.png,0,,,,,,,,https://en.wikipedia.org/wiki/2026_FIFA_World_Cup_squads,2026-06-11T04:21:10+00:00
C,Morocco,26,DF,Anass Salah-Eddine,2002-01-18,24,9,0,PSV Eindhoven,the Netherlands,https://upload.wikimedia.org/wikipedia/en/thumb/0/05/PSV_Eindhoven.svg/250px-PSV_Eindhoven.svg.png,0,,,,,,,,https://en.wikipedia.org/wiki/2026_FIFA_World_Cup_squads,2026-06-11T04:21:10+00:00
C,Scotland,1,GK,Angus Gunn,1996-01-22,30,22,0,Nottingham Forest,England,https://upload.wikimedia.org/wikipedia/en/thumb/e/e5/Nottingham_Forest_F.C._logo.svg/120px-Nottingham_Forest_F.C._logo.svg.png,0,,,,,,,,https://en.wikipedia.org/wiki/2026_FIFA_World_Cup_squads,2026-06-11T04:21:10+00:00
C,Scotland,2,DF,Aaron Hickey,2002-06-10,24,21,0,Brentford,England,https://upload.wikimedia.org/wikipedia/en/thumb/2/2a/Brentford_FC_crest.svg/250px-Brentford_FC_crest.svg.png,0,,,,,,,,https://en.wikipedia.org/wiki/2026_FIFA_World_Cup_squads,2026-06-11T04:21:10+00:00
C,Scotland,3,DF,Andy Robertson,1994-03-11,32,94,4,Liverpool,England,https://upload.wikimedia.org/wikipedia/en/thumb/0/0c/Liverpool_FC.svg/250px-Liverpool_FC.svg.png,0,,,,,,,,https://en.wikipedia.org/wiki/2026_FIFA_World_Cup_squads,2026-06-11T04:21:10+00:00
C,Scotland,4,MF,Scott McTominay,1996-12-08,29,70,15,Napoli,Italy,https://upload.wikimedia.org/wikipedia/commons/thumb/4/4d/SSC_Napoli_2025_%28white_and_azure%29.svg/250px-SSC_Napoli_2025_%28white_and_azure%29.svg.png,0,,,,,,,,https://en.wikipedia.org/wiki/2026_FIFA_World_Cup_squads,2026-06-11T04:21:10+00:00
C,Scotland,5,DF,Grant Hanley,1991-11-20,34,68,2,Hibernian,Scotland,https://upload.wikimedia.org/wikipedia/en/thumb/3/37/Hibernian_FC_logo.svg/250px-Hibernian_FC_logo.svg.png,0,,,,,,,,https://en.wikipedia.org/wiki/2026_FIFA_World_Cup_squads,2026-06-11T04:21:10+00:00
C,Scotland,6,DF,Kieran Tierney,1997-06-05,29,56,2,Celtic,Scotland,https://upload.wikimedia.org/wikipedia/en/thumb/7/71/Celtic_FC_crest.svg/250px-Celtic_FC_crest.svg.png,0,,,,,,,,https://en.wikipedia.org/wiki/2026_FIFA_World_Cup_squads,2026-06-11T04:21:10+00:00
C,Scotland,7,MF,John McGinn,1994-10-18,31,86,20,Aston Villa,England,https://upload.wikimedia.org/wikipedia/en/thumb/9/9a/Aston_Villa_FC_new_crest.svg/250px-Aston_Villa_FC_new_crest.svg.png,0,,,,,,,,https://en.wikipedia.org/wiki/2026_FIFA_World_Cup_squads,2026-06-11T04:21:10+00:00
C,Scotland,8,MF,Tyler Fletcher,2007-03-19,19,2,0,Manchester United,England,https://upload.wikimedia.org/wikipedia/en/thumb/7/7a/Manchester_United_FC_crest.svg/250px-Manchester_United_FC_crest.svg.png,0,,,,,,,,https://en.wikipedia.org/wiki/2026_FIFA_World_Cup_squads,2026-06-11T04:21:10+00:00
C,Scotland,9,FW,Lyndon Dykes,1995-10-07,30,51,10,Charlton Athletic,England,https://upload.wikimedia.org/wikipedia/en/thumb/f/f5/Charlton_Athletic_FC_crest.svg/250px-Charlton_Athletic_FC_crest.svg.png,0,,,,,,,,https://en.wikipedia.org/wiki/2026_FIFA_World_Cup_squads,2026-06-11T04:21:10+00:00
C,Scotland,10,FW,Ché Adams,1996-07-13,29,47,13,Torino,Italy,https://upload.wikimedia.org/wikipedia/en/thumb/2/2e/Torino_FC_Logo.svg/250px-Torino_FC_Logo.svg.png,0,,,,,,,,https://en.wikipedia.org/wiki/2026_FIFA_World_Cup_squads,2026-06-11T04:21:10+00:00
C,Scotland,11,MF,Ryan Christie,1995-02-22,31,68,10,Bournemouth,England,https://upload.wikimedia.org/wikipedia/en/thumb/e/e5/AFC_Bournemouth_%282013%29.svg/250px-AFC_Bournemouth_%282013%29.svg.png,0,,,,,,,,https://en.wikipedia.org/wiki/2026_FIFA_World_Cup_squads,2026-06-11T04:21:10+00:00
C,Scotland,12,GK,Liam Kelly,1996-01-23,30,3,0,Rangers,Scotland,https://upload.wikimedia.org/wikipedia/en/thumb/4/43/Rangers_FC.svg/250px-Rangers_FC.svg.png,0,,,,,,,,https://en.wikipedia.org/wiki/2026_FIFA_World_Cup_squads,2026-06-11T04:21:10+00:00
C,Scotland,13,DF,Jack Hendry,1995-05-07,31,38,3,Al-Ettifaq,Saudi Arabia,https://upload.wikimedia.org/wikipedia/en/thumb/3/34/Al-Ettifaq_FC_logo.svg/250px-Al-Ettifaq_FC_logo.svg.png,0,,,,,,,,https://en.wikipedia.org/wiki/2026_FIFA_World_Cup_squads,2026-06-11T04:21:10+00:00
C,Scotland,14,FW,Ross Stewart,1996-07-11,29,3,0,Southampton,England,https://upload.wikimedia.org/wikipedia/en/thumb/c/c9/FC_Southampton.svg/250px-FC_Southampton.svg.png,0,,,,,,,,https://en.wikipedia.org/wiki/2026_FIFA_World_Cup_squads,2026-06-11T04:21:10+00:00
C,Scotland,15,DF,John Souttar,1996-09-25,29,24,2,Rangers,Scotland,https://upload.wikimedia.org/wikipedia/en/thumb/4/43/Rangers_FC.svg/250px-Rangers_FC.svg.png,0,,,,,,,,https://en.wikipedia.org/wiki/2026_FIFA_World_Cup_squads,2026-06-11T04:21:10+00:00
C,Scotland,16,DF,Dominic Hyam,1995-12-20,30,4,0,Wrexham,Wales,https://upload.wikimedia.org/wikipedia/en/thumb/0/0d/Wrexham_A.F.C._Logo.svg/250px-Wrexham_A.F.C._Logo.svg.png,0,,,,,,,,https://en.wikipedia.org/wiki/2026_FIFA_World_Cup_squads,2026-06-11T04:21:10+00:00
C,Scotland,17,FW,Ben Gannon-Doak,2005-11-11,20,14,1,Bournemouth,England,https://upload.wikimedia.org/wikipedia/en/thumb/e/e5/AFC_Bournemouth_%282013%29.svg/250px-AFC_Bournemouth_%282013%29.svg.png,0,,,,,,,,https://en.wikipedia.org/wiki/2026_FIFA_World_Cup_squads,2026-06-11T04:21:10+00:00
C,Scotland,18,FW,George Hirst,1999-02-15,27,10,1,Ipswich Town,England,https://upload.wikimedia.org/wikipedia/en/thumb/4/43/Ipswich_Town.svg/250px-Ipswich_Town.svg.png,0,,,,,,,,https://en.wikipedia.org/wiki/2026_FIFA_World_Cup_squads,2026-06-11T04:21:10+00:00
C,Scotland,19,MF,Lewis Ferguson,1999-08-24,26,24,1,Bologna,Italy,https://upload.wikimedia.org/wikipedia/commons/thumb/5/5b/Bologna_F.C._1909_logo.svg/250px-Bologna_F.C._1909_logo.svg.png,0,,,,,,,,https://en.wikipedia.org/wiki/2026_FIFA_World_Cup_squads,2026-06-11T04:21:10+00:00
C,Scotland,20,FW,Lawrence Shankland,1995-08-10,30,20,7,Heart of Midlothian,Scotland,https://upload.wikimedia.org/wikipedia/en/thumb/6/61/Heart_of_Midlothian_FC_logo.svg/250px-Heart_of_Midlothian_FC_logo.svg.png,0,,,,,,,,https://en.wikipedia.org/wiki/2026_FIFA_World_Cup_squads,2026-06-11T04:21:10+00:00
C,Scotland,21,GK,Craig Gordon,1982-12-31,43,84,0,Heart of Midlothian,Scotland,https://upload.wikimedia.org/wikipedia/en/thumb/6/61/Heart_of_Midlothian_FC_logo.svg/250px-Heart_of_Midlothian_FC_logo.svg.png,0,,,,,,,,https://en.wikipedia.org/wiki/2026_FIFA_World_Cup_squads,2026-06-11T04:21:10+00:00
C,Scotland,22,DF,Nathan Patterson,2001-10-16,24,26,1,Everton,England,https://upload.wikimedia.org/wikipedia/en/thumb/7/7c/Everton_FC_logo.svg/250px-Everton_FC_logo.svg.png,0,,,,,,,,https://en.wikipedia.org/wiki/2026_FIFA_World_Cup_squads,2026-06-11T04:21:10+00:00
C,Scotland,23,MF,Kenny McLean,1992-01-08,34,58,3,Norwich City,England,https://upload.wikimedia.org/wikipedia/en/thumb/1/17/Norwich_City_FC_logo.svg/250px-Norwich_City_FC_logo.svg.png,0,,,,,,,,https://en.wikipedia.org/wiki/2026_FIFA_World_Cup_squads,2026-06-11T04:21:10+00:00
C,Scotland,24,DF,Anthony Ralston,1998-11-16,27,27,1,Celtic,Scotland,https://upload.wikimedia.org/wikipedia/en/thumb/7/71/Celtic_FC_crest.svg/250px-Celtic_FC_crest.svg.png,0,,,,,,,,https://en.wikipedia.org/wiki/2026_FIFA_World_Cup_squads,2026-06-11T04:21:10+00:00
C,Scotland,25,FW,Findlay Curtis,2006-06-09,20,3,1,Kilmarnock,Scotland,https://upload.wikimedia.org/wikipedia/en/thumb/3/38/Kilmarnock_FC_crest.svg/250px-Kilmarnock_FC_crest.svg.png,0,,,,,,,,https://en.wikipedia.org/wiki/2026_FIFA_World_Cup_squads,2026-06-11T04:21:10+00:00
C,Scotland,26,DF,Scott McKenna,1996-11-12,29,50,1,Dinamo Zagreb,Croatia,https://upload.wikimedia.org/wikipedia/commons/thumb/5/56/Logo_GNK_Dinamo_Zagreb_%282019%29.svg/250px-Logo_GNK_Dinamo_Zagreb_%282019%29.svg.png,0,,,,,,,,https://en.wikipedia.org/wiki/2026_FIFA_World_Cup_squads,2026-06-11T04:21:10+00:00
D,Australia,1,GK,Mathew Ryan,1992-04-08,34,104,0,Levante,Spain,https://upload.wikimedia.org/wikipedia/en/thumb/7/7b/Levante_Uni%C3%B3n_Deportiva%2C_S.A.D._logo.svg/250px-Levante_Uni%C3%B3n_Deportiva%2C_S.A.D._logo.svg.png,0,,,,,,,,https://en.wikipedia.org/wiki/2026_FIFA_World_Cup_squads,2026-06-11T04:21:10+00:00
D,Australia,2,DF,Miloš Degenek,1994-04-28,32,57,1,APOEL,Cyprus,https://upload.wikimedia.org/wikipedia/commons/thumb/9/93/APOEL_%28logo_with_stars%29.svg/250px-APOEL_%28logo_with_stars%29.svg.png,0,,,,,,,,https://en.wikipedia.org/wiki/2026_FIFA_World_Cup_squads,2026-06-11T04:21:10+00:00
D,Australia,3,DF,Alessandro Circati,2003-10-10,22,13,1,Parma,Italy,https://upload.wikimedia.org/wikipedia/commons/thumb/9/97/Logo_Parma_Calcio_1913_%28adozione_2016%29.svg/250px-Logo_Parma_Calcio_1913_%28adozione_2016%29.svg.png,0,,,,,,,,https://en.wikipedia.org/wiki/2026_FIFA_World_Cup_squads,2026-06-11T04:21:10+00:00
D,Australia,4,DF,Jacob Italiano,2001-07-30,24,5,0,Grazer AK,Austria,https://upload.wikimedia.org/wikipedia/commons/thumb/9/96/GAK_1902_Logo_Rund.svg/250px-GAK_1902_Logo_Rund.svg.png,0,,,,,,,,https://en.wikipedia.org/wiki/2026_FIFA_World_Cup_squads,2026-06-11T04:21:10+00:00
D,Australia,5,DF,Jordan Bos,2002-10-29,23,27,4,Feyenoord,the Netherlands,https://upload.wikimedia.org/wikipedia/commons/thumb/f/f9/Feyenoord_logo_since_2024.svg/250px-Feyenoord_logo_since_2024.svg.png,0,,,,,,,,https://en.wikipedia.org/wiki/2026_FIFA_World_Cup_squads,2026-06-11T04:21:10+00:00
D,Australia,6,DF,Jason Geria,1993-05-10,33,14,0,Albirex Niigata,Japan,https://upload.wikimedia.org/wikipedia/en/thumb/c/cd/Albirex_Niigata_logo.svg/250px-Albirex_Niigata_logo.svg.png,0,,,,,,,,https://en.wikipedia.org/wiki/2026_FIFA_World_Cup_squads,2026-06-11T04:21:10+00:00
D,Australia,7,FW,Mathew Leckie,1991-02-04,35,80,14,Melbourne City,Australia,https://upload.wikimedia.org/wikipedia/en/thumb/0/0f/Melbourne_City_FC.svg/250px-Melbourne_City_FC.svg.png,0,,,,,,,,https://en.wikipedia.org/wiki/2026_FIFA_World_Cup_squads,2026-06-11T04:21:10+00:00
D,Australia,8,MF,Connor Metcalfe,1999-11-05,26,36,1,FC St. Pauli,Germany,https://upload.wikimedia.org/wikipedia/en/thumb/8/8f/FC_St._Pauli_logo_%282018%29.svg/250px-FC_St._Pauli_logo_%282018%29.svg.png,0,,,,,,,,https://en.wikipedia.org/wiki/2026_FIFA_World_Cup_squads,2026-06-11T04:21:10+00:00
D,Australia,9,FW,Mohamed Touré,2004-03-26,22,10,2,Norwich City,England,https://upload.wikimedia.org/wikipedia/en/thumb/1/17/Norwich_City_FC_logo.svg/250px-Norwich_City_FC_logo.svg.png,0,,,,,,,,https://en.wikipedia.org/wiki/2026_FIFA_World_Cup_squads,2026-06-11T04:21:10+00:00
D,Australia,10,FW,Ajdin Hrustic,1996-07-05,29,37,4,Heracles Almelo,the Netherlands,https://upload.wikimedia.org/wikipedia/en/thumb/9/9e/Heracles_Almelo_logo.svg/250px-Heracles_Almelo_logo.svg.png,0,,,,,,,,https://en.wikipedia.org/wiki/2026_FIFA_World_Cup_squads,2026-06-11T04:21:10+00:00
D,Australia,11,FW,Awer Mabil,1995-09-15,30,38,10,Castellón,Spain,https://upload.wikimedia.org/wikipedia/en/thumb/f/f5/Logo_of_CD_Castell%C3%B3n.svg/250px-Logo_of_CD_Castell%C3%B3n.svg.png,0,,,,,,,,https://en.wikipedia.org/wiki/2026_FIFA_World_Cup_squads,2026-06-11T04:21:10+00:00
D,Australia,12,GK,Paul Izzo,1995-01-06,31,4,0,Randers,Denmark,https://upload.wikimedia.org/wikipedia/en/thumb/b/b7/Randers_FC_logo.svg/250px-Randers_FC_logo.svg.png,0,,,,,,,,https://en.wikipedia.org/wiki/2026_FIFA_World_Cup_squads,2026-06-11T04:21:10+00:00
D,Australia,13,MF,Aiden O'Neill,1998-07-04,27,31,0,New York City FC,the United States,https://upload.wikimedia.org/wikipedia/commons/thumb/e/eb/Logo_New_York_City_FC_2025.svg/250px-Logo_New_York_City_FC_2025.svg.png,0,,,,,,,,https://en.wikipedia.org/wiki/2026_FIFA_World_Cup_squads,2026-06-11T04:21:10+00:00
D,Australia,14,MF,Cammy Devlin,1998-06-07,28,5,0,Heart of Midlothian,Scotland,https://upload.wikimedia.org/wikipedia/en/thumb/6/61/Heart_of_Midlothian_FC_logo.svg/250px-Heart_of_Midlothian_FC_logo.svg.png,0,,,,,,,,https://en.wikipedia.org/wiki/2026_FIFA_World_Cup_squads,2026-06-11T04:21:10+00:00
D,Australia,15,DF,Kai Trewin,2001-05-18,25,6,0,New York City FC,the United States,https://upload.wikimedia.org/wikipedia/commons/thumb/e/eb/Logo_New_York_City_FC_2025.svg/250px-Logo_New_York_City_FC_2025.svg.png,0,,,,,,,,https://en.wikipedia.org/wiki/2026_FIFA_World_Cup_squads,2026-06-11T04:21:10+00:00
D,Australia,16,DF,Aziz Behich,1990-12-16,35,84,3,Melbourne City,Australia,https://upload.wikimedia.org/wikipedia/en/thumb/0/0f/Melbourne_City_FC.svg/250px-Melbourne_City_FC.svg.png,0,,,,,,,,https://en.wikipedia.org/wiki/2026_FIFA_World_Cup_squads,2026-06-11T04:21:10+00:00
D,Australia,17,FW,Nestory Irankunda,2006-02-09,20,15,5,Watford,England,https://upload.wikimedia.org/wikipedia/en/thumb/e/e2/Watford.svg/250px-Watford.svg.png,0,,,,,,,,https://en.wikipedia.org/wiki/2026_FIFA_World_Cup_squads,2026-06-11T04:21:10+00:00
D,Australia,18,GK,Patrick Beach,2003-08-06,22,2,0,Melbourne City,Australia,https://upload.wikimedia.org/wikipedia/en/thumb/0/0f/Melbourne_City_FC.svg/250px-Melbourne_City_FC.svg.png,0,,,,,,,,https://en.wikipedia.org/wiki/2026_FIFA_World_Cup_squads,2026-06-11T04:21:10+00:00
D,Australia,19,DF,Harry Souttar,1998-10-22,27,38,11,Leicester City,England,https://upload.wikimedia.org/wikipedia/en/thumb/2/2d/Leicester_City_crest.svg/250px-Leicester_City_crest.svg.png,0,,,,,,,,https://en.wikipedia.org/wiki/2026_FIFA_World_Cup_squads,2026-06-11T04:21:10+00:00
D,Australia,20,FW,Cristian Volpato,2003-11-15,22,1,0,Sassuolo,Italy,https://upload.wikimedia.org/wikipedia/en/thumb/1/1c/US_Sassuolo_Calcio_logo.svg/250px-US_Sassuolo_Calcio_logo.svg.png,0,,,,,,,,https://en.wikipedia.org/wiki/2026_FIFA_World_Cup_squads,2026-06-11T04:21:10+00:00
D,Australia,21,DF,Cameron Burgess,1995-10-21,30,27,0,Swansea City,Wales,https://upload.wikimedia.org/wikipedia/en/thumb/f/f9/Swansea_City_AFC_logo.svg/250px-Swansea_City_AFC_logo.svg.png,0,,,,,,,,https://en.wikipedia.org/wiki/2026_FIFA_World_Cup_squads,2026-06-11T04:21:10+00:00
D,Australia,22,MF,Jackson Irvine,1993-03-07,33,82,14,FC St. Pauli,Germany,https://upload.wikimedia.org/wikipedia/en/thumb/8/8f/FC_St._Pauli_logo_%282018%29.svg/250px-FC_St._Pauli_logo_%282018%29.svg.png,0,,,,,,,,https://en.wikipedia.org/wiki/2026_FIFA_World_Cup_squads,2026-06-11T04:21:10+00:00
D,Australia,23,FW,Nishan Velupillay,2001-05-07,25,7,3,Melbourne Victory,Australia,https://upload.wikimedia.org/wikipedia/en/thumb/9/95/Melbourne_Victory.svg/250px-Melbourne_Victory.svg.png,0,,,,,,,,https://en.wikipedia.org/wiki/2026_FIFA_World_Cup_squads,2026-06-11T04:21:10+00:00
D,Australia,24,MF,Paul Okon-Engstler,2005-01-24,21,6,0,Sydney FC,Australia,https://upload.wikimedia.org/wikipedia/en/thumb/e/e0/Sydney_FC_Logo.svg/250px-Sydney_FC_Logo.svg.png,0,,,,,,,,https://en.wikipedia.org/wiki/2026_FIFA_World_Cup_squads,2026-06-11T04:21:10+00:00
D,Australia,25,DF,Lucas Herrington,2007-09-05,18,4,0,Colorado Rapids,the United States,https://upload.wikimedia.org/wikipedia/en/thumb/2/2b/Colorado_Rapids_logo.svg/250px-Colorado_Rapids_logo.svg.png,0,,,,,,,,https://en.wikipedia.org/wiki/2026_FIFA_World_Cup_squads,2026-06-11T04:21:10+00:00
D,Australia,26,FW,Tete Yengi,2000-11-28,25,1,1,Machida Zelvia,Japan,https://upload.wikimedia.org/wikipedia/en/thumb/2/2c/FC_Machida_Zelvia_logo.svg/250px-FC_Machida_Zelvia_logo.svg.png,0,,,,,,,,https://en.wikipedia.org/wiki/2026_FIFA_World_Cup_squads,2026-06-11T04:21:10+00:00
D,Paraguay,1,GK,Gatito Fernández,1988-03-29,38,31,0,Cerro Porteño,Paraguay,https://upload.wikimedia.org/wikipedia/commons/thumb/4/44/Escudo_Club_Cerro_Porte%C3%B1o_2023-Actual.svg/250px-Escudo_Club_Cerro_Porte%C3%B1o_2023-Actual.svg.png,0,,,,,,,,https://en.wikipedia.org/wiki/2026_FIFA_World_Cup_squads,2026-06-11T04:21:10+00:00
D,Paraguay,2,DF,Gustavo Velázquez,1991-04-17,35,13,1,Cerro Porteño,Paraguay,https://upload.wikimedia.org/wikipedia/commons/thumb/4/44/Escudo_Club_Cerro_Porte%C3%B1o_2023-Actual.svg/250px-Escudo_Club_Cerro_Porte%C3%B1o_2023-Actual.svg.png,0,,,,,,,,https://en.wikipedia.org/wiki/2026_FIFA_World_Cup_squads,2026-06-11T04:21:10+00:00
D,Paraguay,3,DF,Omar Alderete,1996-12-26,29,36,3,Sunderland,England,https://upload.wikimedia.org/wikipedia/en/thumb/7/77/Logo_Sunderland.svg/330px-Logo_Sunderland.svg.png,0,,,,,,,,https://en.wikipedia.org/wiki/2026_FIFA_World_Cup_squads,2026-06-11T04:21:10+00:00
D,Paraguay,4,DF,Juan José Cáceres,2000-06-01,26,17,0,Dynamo Moscow,Russia,https://upload.wikimedia.org/wikipedia/en/thumb/e/e7/Dynamo_Moscow_logo.svg/250px-Dynamo_Moscow_logo.svg.png,0,,,,,,,,https://en.wikipedia.org/wiki/2026_FIFA_World_Cup_squads,2026-06-11T04:21:10+00:00
D,Paraguay,5,DF,Fabián Balbuena,1991-08-23,34,48,2,Grêmio,Brazil,https://upload.wikimedia.org/wikipedia/commons/thumb/0/08/Gremio_logo.svg/250px-Gremio_logo.svg.png,0,,,,,,,,https://en.wikipedia.org/wiki/2026_FIFA_World_Cup_squads,2026-06-11T04:21:10+00:00
D,Paraguay,6,DF,Júnior Alonso,1993-02-09,33,71,3,Atlético Mineiro,Brazil,https://upload.wikimedia.org/wikipedia/commons/thumb/4/41/Logo_of_Clube_Atl%C3%A9tico_Mineiro.svg/250px-Logo_of_Clube_Atl%C3%A9tico_Mineiro.svg.png,0,,,,,,,,https://en.wikipedia.org/wiki/2026_FIFA_World_Cup_squads,2026-06-11T04:21:10+00:00
D,Paraguay,7,MF,Ramón Sosa,1999-08-31,26,29,1,Palmeiras,Brazil,https://upload.wikimedia.org/wikipedia/commons/thumb/6/60/SE_Palmeiras_2025_crest.png/250px-SE_Palmeiras_2025_crest.png,0,,,,,,,,https://en.wikipedia.org/wiki/2026_FIFA_World_Cup_squads,2026-06-11T04:21:10+00:00
D,Paraguay,8,MF,Diego Gómez,2003-03-27,23,24,3,Brighton & Hove Albion,England,https://upload.wikimedia.org/wikipedia/en/thumb/d/d0/Brighton_and_Hove_Albion_FC_crest.svg/250px-Brighton_and_Hove_Albion_FC_crest.svg.png,0,,,,,,,,https://en.wikipedia.org/wiki/2026_FIFA_World_Cup_squads,2026-06-11T04:21:10+00:00
D,Paraguay,9,FW,Antonio Sanabria,1996-03-04,30,48,7,Cremonese,Italy,https://upload.wikimedia.org/wikipedia/en/thumb/e/e1/US_Cremonese_logo.svg/250px-US_Cremonese_logo.svg.png,0,,,,,,,,https://en.wikipedia.org/wiki/2026_FIFA_World_Cup_squads,2026-06-11T04:21:10+00:00
D,Paraguay,10,MF,Miguel Almirón,1994-02-10,32,76,10,Atlanta United FC,the United States,https://upload.wikimedia.org/wikipedia/en/thumb/b/bb/Atlanta_MLS.svg/250px-Atlanta_MLS.svg.png,0,,,,,,,,https://en.wikipedia.org/wiki/2026_FIFA_World_Cup_squads,2026-06-11T04:21:10+00:00
D,Paraguay,11,MF,Maurício,2001-06-22,24,3,0,Palmeiras,Brazil,https://upload.wikimedia.org/wikipedia/commons/thumb/6/60/SE_Palmeiras_2025_crest.png/250px-SE_Palmeiras_2025_crest.png,0,,,,,,,,https://en.wikipedia.org/wiki/2026_FIFA_World_Cup_squads,2026-06-11T04:21:10+00:00
D,Paraguay,12,GK,Orlando Gill,2000-06-11,26,6,0,San Lorenzo,Argentina,https://upload.wikimedia.org/wikipedia/commons/thumb/9/9d/Sanlorenzo_almagro_logo2026.png/250px-Sanlorenzo_almagro_logo2026.png,0,,,,,,,,https://en.wikipedia.org/wiki/2026_FIFA_World_Cup_squads,2026-06-11T04:21:10+00:00
D,Paraguay,13,DF,José Canale,1996-07-20,29,2,0,Lanús,Argentina,https://upload.wikimedia.org/wikipedia/commons/thumb/a/a9/Escudo_de_Lan%C3%BAs_%28sin_estrellas%29.svg/250px-Escudo_de_Lan%C3%BAs_%28sin_estrellas%29.svg.png,0,,,,,,,,https://en.wikipedia.org/wiki/2026_FIFA_World_Cup_squads,2026-06-11T04:21:10+00:00
D,Paraguay,14,MF,Andrés Cubas,1996-05-11,30,33,0,Vancouver Whitecaps FC,Canada,https://upload.wikimedia.org/wikipedia/commons/thumb/7/7c/Vancouver_Whitecaps_logo.svg/250px-Vancouver_Whitecaps_logo.svg.png,0,,,,,,,,https://en.wikipedia.org/wiki/2026_FIFA_World_Cup_squads,2026-06-11T04:21:10+00:00
D,Paraguay,15,DF,Gustavo Gómez,1993-05-06,33,89,4,Palmeiras,Brazil,https://upload.wikimedia.org/wikipedia/commons/thumb/6/60/SE_Palmeiras_2025_crest.png/250px-SE_Palmeiras_2025_crest.png,0,,,,,,,,https://en.wikipedia.org/wiki/2026_FIFA_World_Cup_squads,2026-06-11T04:21:10+00:00
D,Paraguay,16,MF,Damián Bobadilla,2001-07-11,24,19,1,São Paulo,Brazil,https://upload.wikimedia.org/wikipedia/commons/thumb/f/f4/S%C3%A3o_Paulo_Futebol_Clube_logo_%282022%29.svg/250px-S%C3%A3o_Paulo_Futebol_Clube_logo_%282022%29.svg.png,0,,,,,,,,https://en.wikipedia.org/wiki/2026_FIFA_World_Cup_squads,2026-06-11T04:21:10+00:00
D,Paraguay,17,FW,Kaku,1995-01-11,31,33,6,Al Ain,the United Arab Emirates,https://upload.wikimedia.org/wikipedia/en/thumb/6/62/Al_Ain_FC_logo_2024.png/250px-Al_Ain_FC_logo_2024.png,0,,,,,,,,https://en.wikipedia.org/wiki/2026_FIFA_World_Cup_squads,2026-06-11T04:21:10+00:00
D,Paraguay,18,FW,Álex Arce,1995-06-16,30,15,1,Independiente Rivadavia,Argentina,https://upload.wikimedia.org/wikipedia/commons/thumb/7/7f/Escudo_del_Club_Independiente_Rivadavia.svg/250px-Escudo_del_Club_Independiente_Rivadavia.svg.png,0,,,,,,,,https://en.wikipedia.org/wiki/2026_FIFA_World_Cup_squads,2026-06-11T04:21:10+00:00
D,Paraguay,19,FW,Julio Enciso,2004-01-23,22,32,4,Strasbourg,France,https://upload.wikimedia.org/wikipedia/en/thumb/8/80/Racing_Club_de_Strasbourg_logo.svg/250px-Racing_Club_de_Strasbourg_logo.svg.png,0,,,,,,,,https://en.wikipedia.org/wiki/2026_FIFA_World_Cup_squads,2026-06-11T04:21:10+00:00
D,Paraguay,20,MF,Braian Ojeda,2000-06-27,25,17,0,Orlando City SC,the United States,https://upload.wikimedia.org/wikipedia/en/thumb/6/6a/Orlando_City_2014.svg/250px-Orlando_City_2014.svg.png,0,,,,,,,,https://en.wikipedia.org/wiki/2026_FIFA_World_Cup_squads,2026-06-11T04:21:10+00:00
D,Paraguay,21,FW,Gabriel Ávalos,1990-10-12,35,23,2,Independiente,Argentina,https://upload.wikimedia.org/wikipedia/commons/thumb/d/db/Escudo_del_Club_Atl%C3%A9tico_Independiente.svg/250px-Escudo_del_Club_Atl%C3%A9tico_Independiente.svg.png,0,,,,,,,,https://en.wikipedia.org/wiki/2026_FIFA_World_Cup_squads,2026-06-11T04:21:10+00:00
D,Paraguay,22,GK,Gastón Olveira,1993-04-21,33,1,0,Olimpia,Paraguay,https://upload.wikimedia.org/wikipedia/en/thumb/4/45/Club_Olimpia_logo.svg/250px-Club_Olimpia_logo.svg.png,0,,,,,,,,https://en.wikipedia.org/wiki/2026_FIFA_World_Cup_squads,2026-06-11T04:21:10+00:00
D,Paraguay,23,MF,Matías Galarza,2002-02-11,24,15,3,Atlanta United FC,the United States,https://upload.wikimedia.org/wikipedia/en/thumb/b/bb/Atlanta_MLS.svg/250px-Atlanta_MLS.svg.png,0,,,,,,,,https://en.wikipedia.org/wiki/2026_FIFA_World_Cup_squads,2026-06-11T04:21:10+00:00
D,Paraguay,24,MF,Gustavo Caballero,2001-09-21,24,2,1,Portsmouth,England,https://upload.wikimedia.org/wikipedia/en/thumb/3/38/Portsmouth_FC_logo.svg/250px-Portsmouth_FC_logo.svg.png,0,,,,,,,,https://en.wikipedia.org/wiki/2026_FIFA_World_Cup_squads,2026-06-11T04:21:10+00:00
D,Paraguay,25,FW,Isidro Pitta,1999-08-14,26,5,0,Red Bull Bragantino,Brazil,https://upload.wikimedia.org/wikipedia/en/thumb/2/2e/Red_Bull_Bragantino_logo.svg/250px-Red_Bull_Bragantino_logo.svg.png,0,,,,,,,,https://en.wikipedia.org/wiki/2026_FIFA_World_Cup_squads,2026-06-11T04:21:10+00:00
D,Paraguay,26,DF,Alexandro Maidana,2005-07-26,20,2,1,Talleres,Argentina,https://upload.wikimedia.org/wikipedia/commons/thumb/9/9b/Escudo_Talleres_2015.svg/250px-Escudo_Talleres_2015.svg.png,0,,,,,,,,https://en.wikipedia.org/wiki/2026_FIFA_World_Cup_squads,2026-06-11T04:21:10+00:00
D,Turkey,1,GK,Mert Günok,1989-03-01,37,37,0,Fenerbahçe,Turkey,https://upload.wikimedia.org/wikipedia/en/thumb/3/39/Fenerbah%C3%A7e.svg/250px-Fenerbah%C3%A7e.svg.png,0,,,,,,,,https://en.wikipedia.org/wiki/2026_FIFA_World_Cup_squads,2026-06-11T04:21:10+00:00
D,Turkey,2,DF,Zeki Çelik,1997-02-17,29,61,3,Roma,Italy,https://upload.wikimedia.org/wikipedia/en/thumb/f/f7/AS_Roma_logo_%282017%29.svg/250px-AS_Roma_logo_%282017%29.svg.png,0,,,,,,,,https://en.wikipedia.org/wiki/2026_FIFA_World_Cup_squads,2026-06-11T04:21:10+00:00
D,Turkey,3,DF,Merih Demiral,1998-03-05,28,62,6,Al-Ahli,Saudi Arabia,https://upload.wikimedia.org/wikipedia/en/thumb/4/45/Al_Ahli_Saudi_FC_logo.svg/250px-Al_Ahli_Saudi_FC_logo.svg.png,0,,,,,,,,https://en.wikipedia.org/wiki/2026_FIFA_World_Cup_squads,2026-06-11T04:21:10+00:00
D,Turkey,4,DF,Çağlar Söyüncü,1996-05-23,30,60,2,Fenerbahçe,Turkey,https://upload.wikimedia.org/wikipedia/en/thumb/3/39/Fenerbah%C3%A7e.svg/250px-Fenerbah%C3%A7e.svg.png,0,,,,,,,,https://en.wikipedia.org/wiki/2026_FIFA_World_Cup_squads,2026-06-11T04:21:10+00:00
D,Turkey,5,MF,Salih Özcan,1998-01-11,28,30,1,Borussia Dortmund,Germany,https://upload.wikimedia.org/wikipedia/commons/thumb/6/67/Borussia_Dortmund_logo.svg/250px-Borussia_Dortmund_logo.svg.png,0,,,,,,,,https://en.wikipedia.org/wiki/2026_FIFA_World_Cup_squads,2026-06-11T04:21:10+00:00
D,Turkey,6,MF,Orkun Kökçü,2000-12-29,25,50,4,Beşiktaş,Turkey,https://upload.wikimedia.org/wikipedia/commons/thumb/d/da/BesiktasJK-Logo.svg/250px-BesiktasJK-Logo.svg.png,0,,,,,,,,https://en.wikipedia.org/wiki/2026_FIFA_World_Cup_squads,2026-06-11T04:21:10+00:00
D,Turkey,7,FW,Kerem Aktürkoğlu,1998-10-21,27,52,15,Fenerbahçe,Turkey,https://upload.wikimedia.org/wikipedia/en/thumb/3/39/Fenerbah%C3%A7e.svg/250px-Fenerbah%C3%A7e.svg.png,0,,,,,,,,https://en.wikipedia.org/wiki/2026_FIFA_World_Cup_squads,2026-06-11T04:21:10+00:00
D,Turkey,8,FW,Arda Güler,2005-02-25,21,29,6,Real Madrid,Spain,https://upload.wikimedia.org/wikipedia/en/thumb/5/56/Real_Madrid_CF.svg/250px-Real_Madrid_CF.svg.png,0,,,,,,,,https://en.wikipedia.org/wiki/2026_FIFA_World_Cup_squads,2026-06-11T04:21:10+00:00
D,Turkey,9,FW,Deniz Gül,2004-07-02,21,8,2,Porto,Portugal,https://upload.wikimedia.org/wikipedia/en/thumb/f/f1/FC_Porto.svg/250px-FC_Porto.svg.png,0,,,,,,,,https://en.wikipedia.org/wiki/2026_FIFA_World_Cup_squads,2026-06-11T04:21:10+00:00
D,Turkey,10,MF,Hakan Çalhanoğlu,1994-02-08,32,105,22,Inter Milan,Italy,https://upload.wikimedia.org/wikipedia/commons/thumb/0/05/FC_Internazionale_Milano_2021.svg/250px-FC_Internazionale_Milano_2021.svg.png,0,,,,,,,,https://en.wikipedia.org/wiki/2026_FIFA_World_Cup_squads,2026-06-11T04:21:10+00:00
D,Turkey,11,FW,Kenan Yıldız,2005-05-04,21,28,5,Juventus,Italy,https://upload.wikimedia.org/wikipedia/commons/thumb/e/ed/Juventus_FC_-_logo_black_%28Italy%2C_2020%29.svg/250px-Juventus_FC_-_logo_black_%28Italy%2C_2020%29.svg.png,0,,,,,,,,https://en.wikipedia.org/wiki/2026_FIFA_World_Cup_squads,2026-06-11T04:21:10+00:00
D,Turkey,12,GK,Altay Bayındır,1998-04-14,28,12,0,Manchester United,England,https://upload.wikimedia.org/wikipedia/en/thumb/7/7a/Manchester_United_FC_crest.svg/250px-Manchester_United_FC_crest.svg.png,0,,,,,,,,https://en.wikipedia.org/wiki/2026_FIFA_World_Cup_squads,2026-06-11T04:21:10+00:00
D,Turkey,13,DF,Eren Elmalı,2000-07-07,25,23,0,Galatasaray,Turkey,https://upload.wikimedia.org/wikipedia/commons/thumb/0/07/Galatasaray_S.K._Logo_2026_5-stars.svg/250px-Galatasaray_S.K._Logo_2026_5-stars.svg.png,0,,,,,,,,https://en.wikipedia.org/wiki/2026_FIFA_World_Cup_squads,2026-06-11T04:21:10+00:00
D,Turkey,14,DF,Abdülkerim Bardakcı,1994-09-07,31,27,2,Galatasaray,Turkey,https://upload.wikimedia.org/wikipedia/commons/thumb/0/07/Galatasaray_S.K._Logo_2026_5-stars.svg/250px-Galatasaray_S.K._Logo_2026_5-stars.svg.png,0,,,,,,,,https://en.wikipedia.org/wiki/2026_FIFA_World_Cup_squads,2026-06-11T04:21:10+00:00
D,Turkey,15,DF,Ozan Kabak,2000-03-25,26,30,2,TSG Hoffenheim,Germany,https://upload.wikimedia.org/wikipedia/commons/thumb/e/e7/Logo_TSG_Hoffenheim.svg/250px-Logo_TSG_Hoffenheim.svg.png,0,,,,,,,,https://en.wikipedia.org/wiki/2026_FIFA_World_Cup_squads,2026-06-11T04:21:10+00:00
D,Turkey,16,MF,İsmail Yüksek,1999-01-26,27,32,1,Fenerbahçe,Turkey,https://upload.wikimedia.org/wikipedia/en/thumb/3/39/Fenerbah%C3%A7e.svg/250px-Fenerbah%C3%A7e.svg.png,0,,,,,,,,https://en.wikipedia.org/wiki/2026_FIFA_World_Cup_squads,2026-06-11T04:21:10+00:00
D,Turkey,17,FW,İrfan Can Kahveci,1995-07-15,30,47,6,Kasımpaşa,Turkey,https://upload.wikimedia.org/wikipedia/en/thumb/1/18/Kasimpasa_logo.svg/250px-Kasimpasa_logo.svg.png,0,,,,,,,,https://en.wikipedia.org/wiki/2026_FIFA_World_Cup_squads,2026-06-11T04:21:10+00:00
D,Turkey,18,DF,Mert Müldür,1999-04-03,27,45,3,Fenerbahçe,Turkey,https://upload.wikimedia.org/wikipedia/en/thumb/3/39/Fenerbah%C3%A7e.svg/250px-Fenerbah%C3%A7e.svg.png,0,,,,,,,,https://en.wikipedia.org/wiki/2026_FIFA_World_Cup_squads,2026-06-11T04:21:10+00:00
D,Turkey,19,FW,Yunus Akgün,2000-07-07,25,19,4,Galatasaray,Turkey,https://upload.wikimedia.org/wikipedia/commons/thumb/0/07/Galatasaray_S.K._Logo_2026_5-stars.svg/250px-Galatasaray_S.K._Logo_2026_5-stars.svg.png,0,,,,,,,,https://en.wikipedia.org/wiki/2026_FIFA_World_Cup_squads,2026-06-11T04:21:10+00:00
D,Turkey,20,DF,Ferdi Kadıoğlu,1999-10-07,26,30,2,Brighton & Hove Albion,England,https://upload.wikimedia.org/wikipedia/en/thumb/d/d0/Brighton_and_Hove_Albion_FC_crest.svg/250px-Brighton_and_Hove_Albion_FC_crest.svg.png,0,,,,,,,,https://en.wikipedia.org/wiki/2026_FIFA_World_Cup_squads,2026-06-11T04:21:10+00:00
D,Turkey,21,FW,Barış Alper Yılmaz,2000-05-23,26,35,4,Galatasaray,Turkey,https://upload.wikimedia.org/wikipedia/commons/thumb/0/07/Galatasaray_S.K._Logo_2026_5-stars.svg/250px-Galatasaray_S.K._Logo_2026_5-stars.svg.png,0,,,,,,,,https://en.wikipedia.org/wiki/2026_FIFA_World_Cup_squads,2026-06-11T04:21:10+00:00
D,Turkey,22,MF,Kaan Ayhan,1994-11-10,31,73,5,Galatasaray,Turkey,https://upload.wikimedia.org/wikipedia/commons/thumb/0/07/Galatasaray_S.K._Logo_2026_5-stars.svg/250px-Galatasaray_S.K._Logo_2026_5-stars.svg.png,0,,,,,,,,https://en.wikipedia.org/wiki/2026_FIFA_World_Cup_squads,2026-06-11T04:21:10+00:00
D,Turkey,23,GK,Uğurcan Çakır,1996-04-05,30,39,0,Galatasaray,Turkey,https://upload.wikimedia.org/wikipedia/commons/thumb/0/07/Galatasaray_S.K._Logo_2026_5-stars.svg/250px-Galatasaray_S.K._Logo_2026_5-stars.svg.png,0,,,,,,,,https://en.wikipedia.org/wiki/2026_FIFA_World_Cup_squads,2026-06-11T04:21:10+00:00
D,Turkey,24,FW,Oğuz Aydın,2000-10-27,25,11,0,Fenerbahçe,Turkey,https://upload.wikimedia.org/wikipedia/en/thumb/3/39/Fenerbah%C3%A7e.svg/250px-Fenerbah%C3%A7e.svg.png,0,,,,,,,,https://en.wikipedia.org/wiki/2026_FIFA_World_Cup_squads,2026-06-11T04:21:10+00:00
D,Turkey,25,DF,Samet Akaydin,1994-03-13,32,19,1,Çaykur Rizespor,Turkey,https://upload.wikimedia.org/wikipedia/en/thumb/5/5f/Caykur_Rizespor_logo.svg/250px-Caykur_Rizespor_logo.svg.png,0,,,,,,,,https://en.wikipedia.org/wiki/2026_FIFA_World_Cup_squads,2026-06-11T04:21:10+00:00
D,Turkey,26,FW,Can Uzun,2005-11-11,20,6,1,Eintracht Frankfurt,Germany,https://upload.wikimedia.org/wikipedia/en/thumb/7/7e/Eintracht_Frankfurt_crest.svg/250px-Eintracht_Frankfurt_crest.svg.png,0,,,,,,,,https://en.wikipedia.org/wiki/2026_FIFA_World_Cup_squads,2026-06-11T04:21:10+00:00
D,United States,1,GK,Matt Turner,1994-06-24,31,54,0,New England Revolution,the United States,https://upload.wikimedia.org/wikipedia/commons/thumb/8/8a/Logo_of_New_England_Revolution_%282021%29.svg/250px-Logo_of_New_England_Revolution_%282021%29.svg.png,0,,,,,,,,https://en.wikipedia.org/wiki/2026_FIFA_World_Cup_squads,2026-06-11T04:21:10+00:00
D,United States,2,DF,Sergiño Dest,2000-11-03,25,39,3,PSV Eindhoven,the Netherlands,https://upload.wikimedia.org/wikipedia/en/thumb/0/05/PSV_Eindhoven.svg/250px-PSV_Eindhoven.svg.png,0,,,,,,,,https://en.wikipedia.org/wiki/2026_FIFA_World_Cup_squads,2026-06-11T04:21:10+00:00
D,United States,3,DF,Chris Richards,2000-03-28,26,36,3,Crystal Palace,England,https://upload.wikimedia.org/wikipedia/en/thumb/a/a2/Crystal_Palace_FC_logo_%282022%29.svg/250px-Crystal_Palace_FC_logo_%282022%29.svg.png,0,,,,,,,,https://en.wikipedia.org/wiki/2026_FIFA_World_Cup_squads,2026-06-11T04:21:10+00:00
D,United States,4,MF,Tyler Adams,1999-02-14,27,54,2,Bournemouth,England,https://upload.wikimedia.org/wikipedia/en/thumb/e/e5/AFC_Bournemouth_%282013%29.svg/250px-AFC_Bournemouth_%282013%29.svg.png,0,,,,,,,,https://en.wikipedia.org/wiki/2026_FIFA_World_Cup_squads,2026-06-11T04:21:10+00:00
D,United States,5,DF,Antonee Robinson,1997-08-08,28,54,5,Fulham,England,https://upload.wikimedia.org/wikipedia/en/thumb/e/eb/Fulham_FC_%28shield%29.svg/250px-Fulham_FC_%28shield%29.svg.png,0,,,,,,,,https://en.wikipedia.org/wiki/2026_FIFA_World_Cup_squads,2026-06-11T04:21:10+00:00
D,United States,6,DF,Auston Trusty,1998-08-12,27,8,0,Celtic,Scotland,https://upload.wikimedia.org/wikipedia/en/thumb/7/71/Celtic_FC_crest.svg/250px-Celtic_FC_crest.svg.png,0,,,,,,,,https://en.wikipedia.org/wiki/2026_FIFA_World_Cup_squads,2026-06-11T04:21:10+00:00
D,United States,7,MF,Giovanni Reyna,2002-11-13,23,38,9,Borussia Mönchengladbach,Germany,https://upload.wikimedia.org/wikipedia/commons/thumb/8/81/Borussia_M%C3%B6nchengladbach_logo.svg/250px-Borussia_M%C3%B6nchengladbach_logo.svg.png,0,,,,,,,,https://en.wikipedia.org/wiki/2026_FIFA_World_Cup_squads,2026-06-11T04:21:10+00:00
D,United States,8,MF,Weston McKennie,1998-08-28,27,66,12,Juventus,Italy,https://upload.wikimedia.org/wikipedia/commons/thumb/e/ed/Juventus_FC_-_logo_black_%28Italy%2C_2020%29.svg/250px-Juventus_FC_-_logo_black_%28Italy%2C_2020%29.svg.png,0,,,,,,,,https://en.wikipedia.org/wiki/2026_FIFA_World_Cup_squads,2026-06-11T04:21:10+00:00
D,United States,9,FW,Ricardo Pepi,2003-01-09,23,37,13,PSV Eindhoven,the Netherlands,https://upload.wikimedia.org/wikipedia/en/thumb/0/05/PSV_Eindhoven.svg/250px-PSV_Eindhoven.svg.png,0,,,,,,,,https://en.wikipedia.org/wiki/2026_FIFA_World_Cup_squads,2026-06-11T04:21:10+00:00
D,United States,10,FW,Christian Pulisic,1998-09-18,27,86,33,Milan,Italy,https://upload.wikimedia.org/wikipedia/commons/thumb/d/d0/Logo_of_AC_Milan.svg/250px-Logo_of_AC_Milan.svg.png,0,,,,,,,,https://en.wikipedia.org/wiki/2026_FIFA_World_Cup_squads,2026-06-11T04:21:10+00:00
D,United States,11,FW,Brenden Aaronson,2000-10-22,25,58,9,Leeds United,England,https://upload.wikimedia.org/wikipedia/en/thumb/5/54/Leeds_United_F.C._logo.svg/250px-Leeds_United_F.C._logo.svg.png,0,,,,,,,,https://en.wikipedia.org/wiki/2026_FIFA_World_Cup_squads,2026-06-11T04:21:10+00:00
D,United States,12,DF,Miles Robinson,1997-03-14,29,40,3,FC Cincinnati,the United States,https://upload.wikimedia.org/wikipedia/en/thumb/7/78/FC_Cincinnati_primary_logo_2018.svg/250px-FC_Cincinnati_primary_logo_2018.svg.png,0,,,,,,,,https://en.wikipedia.org/wiki/2026_FIFA_World_Cup_squads,2026-06-11T04:21:10+00:00
D,United States,13,DF,Tim Ream,1987-10-05,38,82,1,Charlotte FC,the United States,https://upload.wikimedia.org/wikipedia/en/thumb/9/91/Charlotte_FC_logo.svg/250px-Charlotte_FC_logo.svg.png,0,,,,,,,,https://en.wikipedia.org/wiki/2026_FIFA_World_Cup_squads,2026-06-11T04:21:10+00:00
D,United States,14,MF,Sebastian Berhalter,2001-05-10,25,13,1,Vancouver Whitecaps FC,Canada,https://upload.wikimedia.org/wikipedia/commons/thumb/7/7c/Vancouver_Whitecaps_logo.svg/250px-Vancouver_Whitecaps_logo.svg.png,0,,,,,,,,https://en.wikipedia.org/wiki/2026_FIFA_World_Cup_squads,2026-06-11T04:21:10+00:00
D,United States,15,MF,Cristian Roldan,1995-06-03,31,47,0,Seattle Sounders FC,the United States,https://upload.wikimedia.org/wikipedia/en/thumb/8/84/Seattle_Sounders_logo.svg/250px-Seattle_Sounders_logo.svg.png,0,,,,,,,,https://en.wikipedia.org/wiki/2026_FIFA_World_Cup_squads,2026-06-11T04:21:10+00:00
D,United States,16,DF,Alex Freeman,2004-08-09,21,17,2,Villarreal,Spain,https://upload.wikimedia.org/wikipedia/en/thumb/b/b9/Villarreal_CF_logo-en.svg/250px-Villarreal_CF_logo-en.svg.png,0,,,,,,,,https://en.wikipedia.org/wiki/2026_FIFA_World_Cup_squads,2026-06-11T04:21:10+00:00
D,United States,17,MF,Malik Tillman,2002-05-28,24,30,3,Bayer Leverkusen,Germany,https://upload.wikimedia.org/wikipedia/en/thumb/5/59/Bayer_04_Leverkusen_logo.svg/250px-Bayer_04_Leverkusen_logo.svg.png,0,,,,,,,,https://en.wikipedia.org/wiki/2026_FIFA_World_Cup_squads,2026-06-11T04:21:10+00:00
D,United States,18,DF,Max Arfsten,2001-04-19,25,20,1,Columbus Crew,the United States,https://upload.wikimedia.org/wikipedia/commons/thumb/d/dc/Columbus_Crew_logo_2021.svg/250px-Columbus_Crew_logo_2021.svg.png,0,,,,,,,,https://en.wikipedia.org/wiki/2026_FIFA_World_Cup_squads,2026-06-11T04:21:10+00:00
D,United States,19,FW,Haji Wright,1998-03-27,28,20,7,Coventry City,England,https://upload.wikimedia.org/wikipedia/en/thumb/7/7b/Coventry_City_FC_crest.svg/250px-Coventry_City_FC_crest.svg.png,0,,,,,,,,https://en.wikipedia.org/wiki/2026_FIFA_World_Cup_squads,2026-06-11T04:21:10+00:00
D,United States,20,FW,Folarin Balogun,2001-07-03,24,27,9,Monaco,France,https://upload.wikimedia.org/wikipedia/en/thumb/c/cf/LogoASMonacoFC2021.svg/250px-LogoASMonacoFC2021.svg.png,0,,,,,,,,https://en.wikipedia.org/wiki/2026_FIFA_World_Cup_squads,2026-06-11T04:21:10+00:00
D,United States,21,FW,Timothy Weah,2000-02-22,26,51,7,Marseille,France,https://upload.wikimedia.org/wikipedia/commons/thumb/4/4f/Olympique_de_Marseille_2026_logo.svg/250px-Olympique_de_Marseille_2026_logo.svg.png,0,,,,,,,,https://en.wikipedia.org/wiki/2026_FIFA_World_Cup_squads,2026-06-11T04:21:10+00:00
D,United States,22,DF,Mark McKenzie,1999-02-25,27,29,0,Toulouse,France,https://upload.wikimedia.org/wikipedia/en/thumb/6/63/Toulouse_FC_2018_logo.svg/250px-Toulouse_FC_2018_logo.svg.png,0,,,,,,,,https://en.wikipedia.org/wiki/2026_FIFA_World_Cup_squads,2026-06-11T04:21:10+00:00
D,United States,23,DF,Joe Scally,2002-12-31,23,26,0,Borussia Mönchengladbach,Germany,https://upload.wikimedia.org/wikipedia/commons/thumb/8/81/Borussia_M%C3%B6nchengladbach_logo.svg/250px-Borussia_M%C3%B6nchengladbach_logo.svg.png,0,,,,,,,,https://en.wikipedia.org/wiki/2026_FIFA_World_Cup_squads,2026-06-11T04:21:10+00:00
D,United States,24,GK,Matt Freese,1998-09-02,27,15,0,New York City FC,the United States,https://upload.wikimedia.org/wikipedia/commons/thumb/e/eb/Logo_New_York_City_FC_2025.svg/250px-Logo_New_York_City_FC_2025.svg.png,0,,,,,,,,https://en.wikipedia.org/wiki/2026_FIFA_World_Cup_squads,2026-06-11T04:21:10+00:00
D,United States,25,GK,Chris Brady,2004-03-03,22,1,0,Chicago Fire FC,the United States,https://upload.wikimedia.org/wikipedia/commons/thumb/0/03/Chicago_Fire_logo%2C_2021.svg/250px-Chicago_Fire_logo%2C_2021.svg.png,0,,,,,,,,https://en.wikipedia.org/wiki/2026_FIFA_World_Cup_squads,2026-06-11T04:21:10+00:00
D,United States,26,FW,Alejandro Zendejas,1998-02-07,28,14,2,América,Mexico,https://upload.wikimedia.org/wikipedia/en/thumb/c/c1/Club_Am%C3%A9rica_crest.svg/250px-Club_Am%C3%A9rica_crest.svg.png,0,,,,,,,,https://en.wikipedia.org/wiki/2026_FIFA_World_Cup_squads,2026-06-11T04:21:10+00:00
E,Curaçao,1,GK,Eloy Room,1989-02-06,37,71,0,Miami FC,the United States,https://upload.wikimedia.org/wikipedia/en/thumb/7/76/Miami_FC_logo.svg/250px-Miami_FC_logo.svg.png,0,,,,,,,,https://en.wikipedia.org/wiki/2026_FIFA_World_Cup_squads,2026-06-11T04:21:10+00:00
E,Curaçao,2,DF,Shurandy Sambo,2001-08-19,24,8,0,Sparta Rotterdam,the Netherlands,https://upload.wikimedia.org/wikipedia/en/thumb/9/9f/Sparta_Rotterdam_logo.svg/250px-Sparta_Rotterdam_logo.svg.png,0,,,,,,,,https://en.wikipedia.org/wiki/2026_FIFA_World_Cup_squads,2026-06-11T04:21:10+00:00
E,Curaçao,3,DF,Juriën Gaari,1993-12-23,32,60,1,Abha,Saudi Arabia,https://upload.wikimedia.org/wikipedia/en/thumb/7/76/Abha_Club_Logo.svg/330px-Abha_Club_Logo.svg.png,0,,,,,,,,https://en.wikipedia.org/wiki/2026_FIFA_World_Cup_squads,2026-06-11T04:21:10+00:00
E,Curaçao,4,DF,Roshon van Eijma,1998-06-09,28,28,1,RKC Waalwijk,the Netherlands,https://upload.wikimedia.org/wikipedia/en/thumb/6/67/RKC_Waalwijk_logo.svg/250px-RKC_Waalwijk_logo.svg.png,0,,,,,,,,https://en.wikipedia.org/wiki/2026_FIFA_World_Cup_squads,2026-06-11T04:21:10+00:00
E,Curaçao,5,DF,Sherel Floranus,1998-08-23,27,28,0,PEC Zwolle,the Netherlands,https://upload.wikimedia.org/wikipedia/en/thumb/f/f3/PEC_Zwolle_logo.svg/250px-PEC_Zwolle_logo.svg.png,0,,,,,,,,https://en.wikipedia.org/wiki/2026_FIFA_World_Cup_squads,2026-06-11T04:21:10+00:00
E,Curaçao,6,MF,Godfried Roemeratoe,1999-08-19,26,28,1,RKC Waalwijk,the Netherlands,https://upload.wikimedia.org/wikipedia/en/thumb/6/67/RKC_Waalwijk_logo.svg/250px-RKC_Waalwijk_logo.svg.png,0,,,,,,,,https://en.wikipedia.org/wiki/2026_FIFA_World_Cup_squads,2026-06-11T04:21:10+00:00
E,Curaçao,7,MF,Juninho Bacuna,1997-08-07,28,49,15,Volendam,the Netherlands,https://upload.wikimedia.org/wikipedia/commons/thumb/3/35/FC_Volendam_logo.png/250px-FC_Volendam_logo.png,0,,,,,,,,https://en.wikipedia.org/wiki/2026_FIFA_World_Cup_squads,2026-06-11T04:21:10+00:00
E,Curaçao,8,MF,Livano Comenencia,2004-02-03,22,20,2,Zürich,Switzerland,https://upload.wikimedia.org/wikipedia/commons/thumb/6/68/FC_Zurich_Logo_2022.svg/250px-FC_Zurich_Logo_2022.svg.png,0,,,,,,,,https://en.wikipedia.org/wiki/2026_FIFA_World_Cup_squads,2026-06-11T04:21:10+00:00
E,Curaçao,9,FW,Jürgen Locadia,1993-11-07,32,13,1,Miami FC,the United States,https://upload.wikimedia.org/wikipedia/en/thumb/7/76/Miami_FC_logo.svg/250px-Miami_FC_logo.svg.png,0,,,,,,,,https://en.wikipedia.org/wiki/2026_FIFA_World_Cup_squads,2026-06-11T04:21:10+00:00
E,Curaçao,10,MF,Leandro Bacuna,1991-08-21,34,72,16,Iğdır,Turkey,https://upload.wikimedia.org/wikipedia/en/6/61/I%C4%9Fd%C4%B1r_F.K._crest.png,0,,,,,,,,https://en.wikipedia.org/wiki/2026_FIFA_World_Cup_squads,2026-06-11T04:21:10+00:00
E,Curaçao,11,FW,Jeremy Antonisse,2002-03-29,24,27,4,Kifisia,Greece,https://upload.wikimedia.org/wikipedia/en/thumb/d/d9/A.E._Kifisia_new_official_logo.webp/250px-A.E._Kifisia_new_official_logo.webp.png,0,,,,,,,,https://en.wikipedia.org/wiki/2026_FIFA_World_Cup_squads,2026-06-11T04:21:10+00:00
E,Curaçao,12,FW,Sontje Hansen,2002-05-18,24,6,1,Middlesbrough,England,https://upload.wikimedia.org/wikipedia/en/thumb/2/2c/Middlesbrough_FC_crest.svg/250px-Middlesbrough_FC_crest.svg.png,0,,,,,,,,https://en.wikipedia.org/wiki/2026_FIFA_World_Cup_squads,2026-06-11T04:21:10+00:00
E,Curaçao,13,FW,Tyrese Noslin,2002-09-11,23,7,1,Telstar,the Netherlands,https://upload.wikimedia.org/wikipedia/en/thumb/4/4d/SC_Telstar_logo.svg/250px-SC_Telstar_logo.svg.png,0,,,,,,,,https://en.wikipedia.org/wiki/2026_FIFA_World_Cup_squads,2026-06-11T04:21:10+00:00
E,Curaçao,14,FW,Kenji Gorré,1994-09-29,31,38,6,Maccabi Haifa,Israel,https://upload.wikimedia.org/wikipedia/en/thumb/1/15/Maccabi_Haifa_FC_Logo_2023.png/250px-Maccabi_Haifa_FC_Logo_2023.png,0,,,,,,,,https://en.wikipedia.org/wiki/2026_FIFA_World_Cup_squads,2026-06-11T04:21:10+00:00
E,Curaçao,15,MF,Ar'jany Martha,2003-09-04,22,9,2,Rotherham United,England,https://upload.wikimedia.org/wikipedia/en/thumb/4/42/Rotherham_United_F.C._svg.svg/250px-Rotherham_United_F.C._svg.svg.png,0,,,,,,,,https://en.wikipedia.org/wiki/2026_FIFA_World_Cup_squads,2026-06-11T04:21:10+00:00
E,Curaçao,16,FW,Jearl Margaritha,2000-04-10,26,22,5,Beveren,Belgium,https://upload.wikimedia.org/wikipedia/en/thumb/f/fb/S.K._Beveren.png/250px-S.K._Beveren.png,0,,,,,,,,https://en.wikipedia.org/wiki/2026_FIFA_World_Cup_squads,2026-06-11T04:21:10+00:00
E,Curaçao,17,FW,Brandley Kuwas,1992-09-19,33,35,2,Volendam,the Netherlands,https://upload.wikimedia.org/wikipedia/commons/thumb/3/35/FC_Volendam_logo.png/250px-FC_Volendam_logo.png,0,,,,,,,,https://en.wikipedia.org/wiki/2026_FIFA_World_Cup_squads,2026-06-11T04:21:10+00:00
E,Curaçao,18,DF,Armando Obispo,1999-03-05,27,6,0,PSV Eindhoven,the Netherlands,https://upload.wikimedia.org/wikipedia/en/thumb/0/05/PSV_Eindhoven.svg/250px-PSV_Eindhoven.svg.png,0,,,,,,,,https://en.wikipedia.org/wiki/2026_FIFA_World_Cup_squads,2026-06-11T04:21:10+00:00
E,Curaçao,19,FW,Gervane Kastaneer,1996-06-09,30,29,9,Terengganu,Malaysia,https://upload.wikimedia.org/wikipedia/en/thumb/2/29/Terengganu_FC_logo.svg/250px-Terengganu_FC_logo.svg.png,0,,,,,,,,https://en.wikipedia.org/wiki/2026_FIFA_World_Cup_squads,2026-06-11T04:21:10+00:00
E,Curaçao,20,DF,Joshua Brenet,1994-03-20,32,18,2,Kayserispor,Turkey,https://upload.wikimedia.org/wikipedia/en/thumb/f/f4/Kayserispor_logo.svg/250px-Kayserispor_logo.svg.png,0,,,,,,,,https://en.wikipedia.org/wiki/2026_FIFA_World_Cup_squads,2026-06-11T04:21:10+00:00
E,Curaçao,21,MF,Tahith Chong,1999-12-04,26,6,3,Sheffield United,England,https://upload.wikimedia.org/wikipedia/en/thumb/9/9c/Sheffield_United_FC_logo.svg/250px-Sheffield_United_FC_logo.svg.png,0,,,,,,,,https://en.wikipedia.org/wiki/2026_FIFA_World_Cup_squads,2026-06-11T04:21:10+00:00
E,Curaçao,22,MF,Kevin Felida,1999-11-11,26,19,1,Den Bosch,the Netherlands,https://upload.wikimedia.org/wikipedia/en/thumb/b/ba/FC_Den_Bosch_logo.svg/250px-FC_Den_Bosch_logo.svg.png,0,,,,,,,,https://en.wikipedia.org/wiki/2026_FIFA_World_Cup_squads,2026-06-11T04:21:10+00:00
E,Curaçao,23,DF,Riechedly Bazoer,1996-10-12,29,5,0,Konyaspor,Turkey,https://upload.wikimedia.org/wikipedia/en/thumb/d/d1/Konyaspor_logo.svg/250px-Konyaspor_logo.svg.png,0,,,,,,,,https://en.wikipedia.org/wiki/2026_FIFA_World_Cup_squads,2026-06-11T04:21:10+00:00
E,Curaçao,24,DF,Deveron Fonville,2003-05-16,23,2,0,NEC,the Netherlands,https://upload.wikimedia.org/wikipedia/en/thumb/3/38/NEC_Nijmegen_logo.svg/250px-NEC_Nijmegen_logo.svg.png,0,,,,,,,,https://en.wikipedia.org/wiki/2026_FIFA_World_Cup_squads,2026-06-11T04:21:10+00:00
E,Curaçao,25,GK,Tyrick Bodak,2002-05-15,24,4,0,Telstar,the Netherlands,https://upload.wikimedia.org/wikipedia/en/thumb/4/4d/SC_Telstar_logo.svg/250px-SC_Telstar_logo.svg.png,0,,,,,,,,https://en.wikipedia.org/wiki/2026_FIFA_World_Cup_squads,2026-06-11T04:21:10+00:00
E,Curaçao,26,GK,Trevor Doornbusch,1999-07-06,26,8,0,VVV-Venlo,the Netherlands,https://upload.wikimedia.org/wikipedia/commons/thumb/9/9c/VVV_Venlo.svg/250px-VVV_Venlo.svg.png,0,,,,,,,,https://en.wikipedia.org/wiki/2026_FIFA_World_Cup_squads,2026-06-11T04:21:10+00:00
E,Ecuador,1,GK,Hernán Galíndez,1987-03-30,39,35,0,Huracán,Argentina,https://upload.wikimedia.org/wikipedia/commons/thumb/d/dd/Emblema_oficial_del_Club_Atl%C3%A9tico_Hurac%C3%A1n.svg/250px-Emblema_oficial_del_Club_Atl%C3%A9tico_Hurac%C3%A1n.svg.png,0,,,,,,,,https://en.wikipedia.org/wiki/2026_FIFA_World_Cup_squads,2026-06-11T04:21:10+00:00
E,Ecuador,2,DF,Félix Torres,1997-01-11,29,49,5,Internacional,Brazil,https://upload.wikimedia.org/wikipedia/commons/thumb/c/c5/Sport_Club_Internacional_logo.svg/250px-Sport_Club_Internacional_logo.svg.png,0,,,,,,,,https://en.wikipedia.org/wiki/2026_FIFA_World_Cup_squads,2026-06-11T04:21:10+00:00
E,Ecuador,3,DF,Piero Hincapié,2002-01-09,24,52,3,Arsenal,England,https://upload.wikimedia.org/wikipedia/en/thumb/5/53/Arsenal_FC.svg/250px-Arsenal_FC.svg.png,0,,,,,,,,https://en.wikipedia.org/wiki/2026_FIFA_World_Cup_squads,2026-06-11T04:21:10+00:00
E,Ecuador,4,DF,Joel Ordóñez,2004-04-21,22,17,0,Club Brugge,Belgium,https://upload.wikimedia.org/wikipedia/en/thumb/d/d0/Club_Brugge_KV_logo.svg/250px-Club_Brugge_KV_logo.svg.png,0,,,,,,,,https://en.wikipedia.org/wiki/2026_FIFA_World_Cup_squads,2026-06-11T04:21:10+00:00
E,Ecuador,5,MF,Jordy Alcívar,1999-08-05,26,11,1,Independiente del Valle,Ecuador,https://upload.wikimedia.org/wikipedia/commons/thumb/b/b1/Escudoindependientedelvalle2023.png/250px-Escudoindependientedelvalle2023.png,0,,,,,,,,https://en.wikipedia.org/wiki/2026_FIFA_World_Cup_squads,2026-06-11T04:21:10+00:00
E,Ecuador,6,DF,Willian Pacho,2001-10-16,24,34,2,Paris Saint-Germain,France,https://upload.wikimedia.org/wikipedia/en/thumb/a/a7/Paris_Saint-Germain_F.C..svg/250px-Paris_Saint-Germain_F.C..svg.png,0,,,,,,,,https://en.wikipedia.org/wiki/2026_FIFA_World_Cup_squads,2026-06-11T04:21:10+00:00
E,Ecuador,7,DF,Pervis Estupiñán,1998-01-21,28,54,5,Milan,Italy,https://upload.wikimedia.org/wikipedia/commons/thumb/d/d0/Logo_of_AC_Milan.svg/250px-Logo_of_AC_Milan.svg.png,0,,,,,,,,https://en.wikipedia.org/wiki/2026_FIFA_World_Cup_squads,2026-06-11T04:21:10+00:00
E,Ecuador,8,MF,Anthony Valencia,2003-07-21,22,3,1,Antwerp,Belgium,https://upload.wikimedia.org/wikipedia/en/thumb/0/0b/Royal_Antwerp_Football_Club_logo.svg/250px-Royal_Antwerp_Football_Club_logo.svg.png,0,,,,,,,,https://en.wikipedia.org/wiki/2026_FIFA_World_Cup_squads,2026-06-11T04:21:10+00:00
E,Ecuador,9,FW,John Yeboah,2000-06-23,25,23,3,Venezia,Italy,https://upload.wikimedia.org/wikipedia/en/thumb/3/39/Venezia_FC_crest.svg/250px-Venezia_FC_crest.svg.png,0,,,,,,,,https://en.wikipedia.org/wiki/2026_FIFA_World_Cup_squads,2026-06-11T04:21:10+00:00
E,Ecuador,10,MF,Kendry Páez,2007-05-04,19,26,2,River Plate,Argentina,https://upload.wikimedia.org/wikipedia/commons/thumb/4/43/Club_Atl%C3%A9tico_River_Plate_logo.svg/250px-Club_Atl%C3%A9tico_River_Plate_logo.svg.png,0,,,,,,,,https://en.wikipedia.org/wiki/2026_FIFA_World_Cup_squads,2026-06-11T04:21:10+00:00
E,Ecuador,11,FW,Kevin Rodríguez,2000-03-04,26,31,2,Union Saint-Gilloise,Belgium,https://upload.wikimedia.org/wikipedia/en/thumb/1/11/Royale_Union_Saint-Gilloise_logo.svg/250px-Royale_Union_Saint-Gilloise_logo.svg.png,0,,,,,,,,https://en.wikipedia.org/wiki/2026_FIFA_World_Cup_squads,2026-06-11T04:21:10+00:00
E,Ecuador,12,GK,Moisés Ramírez,2000-09-09,25,7,0,Kifisia,Greece,https://upload.wikimedia.org/wikipedia/en/thumb/d/d9/A.E._Kifisia_new_official_logo.webp/250px-A.E._Kifisia_new_official_logo.webp.png,0,,,,,,,,https://en.wikipedia.org/wiki/2026_FIFA_World_Cup_squads,2026-06-11T04:21:10+00:00
E,Ecuador,13,FW,Enner Valencia,1989-11-04,36,105,49,Pachuca,Mexico,https://upload.wikimedia.org/wikipedia/en/thumb/9/93/Pachuca_Tuzos_logo.svg/250px-Pachuca_Tuzos_logo.svg.png,0,,,,,,,,https://en.wikipedia.org/wiki/2026_FIFA_World_Cup_squads,2026-06-11T04:21:10+00:00
E,Ecuador,14,MF,Alan Minda,2003-05-14,23,20,2,Atlético Mineiro,Brazil,https://upload.wikimedia.org/wikipedia/commons/thumb/4/41/Logo_of_Clube_Atl%C3%A9tico_Mineiro.svg/250px-Logo_of_Clube_Atl%C3%A9tico_Mineiro.svg.png,0,,,,,,,,https://en.wikipedia.org/wiki/2026_FIFA_World_Cup_squads,2026-06-11T04:21:10+00:00
E,Ecuador,15,MF,Pedro Vite,2002-03-09,24,17,1,UNAM,Mexico,https://upload.wikimedia.org/wikipedia/en/thumb/b/b7/Club_Universidad_Nacional_logo.svg/250px-Club_Universidad_Nacional_logo.svg.png,0,,,,,,,,https://en.wikipedia.org/wiki/2026_FIFA_World_Cup_squads,2026-06-11T04:21:10+00:00
E,Ecuador,16,FW,Jordy Caicedo,1997-11-18,28,20,4,Huracán,Argentina,https://upload.wikimedia.org/wikipedia/commons/thumb/d/dd/Emblema_oficial_del_Club_Atl%C3%A9tico_Hurac%C3%A1n.svg/250px-Emblema_oficial_del_Club_Atl%C3%A9tico_Hurac%C3%A1n.svg.png,0,,,,,,,,https://en.wikipedia.org/wiki/2026_FIFA_World_Cup_squads,2026-06-11T04:21:10+00:00
E,Ecuador,17,DF,Ángelo Preciado,1998-02-18,28,55,0,Atlético Mineiro,Brazil,https://upload.wikimedia.org/wikipedia/commons/thumb/4/41/Logo_of_Clube_Atl%C3%A9tico_Mineiro.svg/250px-Logo_of_Clube_Atl%C3%A9tico_Mineiro.svg.png,0,,,,,,,,https://en.wikipedia.org/wiki/2026_FIFA_World_Cup_squads,2026-06-11T04:21:10+00:00
E,Ecuador,18,MF,Denil Castillo,2004-03-24,22,5,0,Midtjylland,Denmark,https://upload.wikimedia.org/wikipedia/en/thumb/d/dd/FC_Midtjylland_logo.svg/250px-FC_Midtjylland_logo.svg.png,0,,,,,,,,https://en.wikipedia.org/wiki/2026_FIFA_World_Cup_squads,2026-06-11T04:21:10+00:00
E,Ecuador,19,FW,Gonzalo Plata,2000-11-01,25,50,8,Flamengo,Brazil,https://upload.wikimedia.org/wikipedia/commons/thumb/9/96/Clube_de_Regatas_do_Flamengo_logo.svg/250px-Clube_de_Regatas_do_Flamengo_logo.svg.png,0,,,,,,,,https://en.wikipedia.org/wiki/2026_FIFA_World_Cup_squads,2026-06-11T04:21:10+00:00
E,Ecuador,20,FW,Nilson Angulo,2003-06-19,22,14,2,Sunderland,England,https://upload.wikimedia.org/wikipedia/en/thumb/7/77/Logo_Sunderland.svg/330px-Logo_Sunderland.svg.png,0,,,,,,,,https://en.wikipedia.org/wiki/2026_FIFA_World_Cup_squads,2026-06-11T04:21:10+00:00
E,Ecuador,21,MF,Alan Franco,1998-08-21,27,58,1,Atlético Mineiro,Brazil,https://upload.wikimedia.org/wikipedia/commons/thumb/4/41/Logo_of_Clube_Atl%C3%A9tico_Mineiro.svg/250px-Logo_of_Clube_Atl%C3%A9tico_Mineiro.svg.png,0,,,,,,,,https://en.wikipedia.org/wiki/2026_FIFA_World_Cup_squads,2026-06-11T04:21:10+00:00
E,Ecuador,22,GK,Gonzalo Valle,1996-02-28,30,4,0,LDU Quito,Ecuador,https://upload.wikimedia.org/wikipedia/commons/thumb/e/e1/Liga_de_Quito_deportiva.png/250px-Liga_de_Quito_deportiva.png,0,,,,,,,,https://en.wikipedia.org/wiki/2026_FIFA_World_Cup_squads,2026-06-11T04:21:10+00:00
E,Ecuador,23,MF,Moisés Caicedo,2001-11-02,24,61,3,Chelsea,England,https://upload.wikimedia.org/wikipedia/en/thumb/c/cc/Chelsea_FC.svg/250px-Chelsea_FC.svg.png,0,,,,,,,,https://en.wikipedia.org/wiki/2026_FIFA_World_Cup_squads,2026-06-11T04:21:10+00:00
E,Ecuador,24,FW,Jeremy Arévalo,2005-03-19,21,4,0,VfB Stuttgart,Germany,https://upload.wikimedia.org/wikipedia/commons/thumb/e/eb/VfB_Stuttgart_1893_Logo.svg/250px-VfB_Stuttgart_1893_Logo.svg.png,0,,,,,,,,https://en.wikipedia.org/wiki/2026_FIFA_World_Cup_squads,2026-06-11T04:21:10+00:00
E,Ecuador,25,DF,Jackson Porozo,2000-08-04,25,10,1,Tijuana,Mexico,https://upload.wikimedia.org/wikipedia/en/thumb/2/29/Club_Tijuana_logo.svg/250px-Club_Tijuana_logo.svg.png,0,,,,,,,,https://en.wikipedia.org/wiki/2026_FIFA_World_Cup_squads,2026-06-11T04:21:10+00:00
E,Ecuador,26,DF,Yaimar Medina,2004-11-05,21,6,0,Genk,Belgium,https://upload.wikimedia.org/wikipedia/commons/thumb/7/77/Logo_KRC_Genk.png/250px-Logo_KRC_Genk.png,0,,,,,,,,https://en.wikipedia.org/wiki/2026_FIFA_World_Cup_squads,2026-06-11T04:21:10+00:00
E,Germany,1,GK,Manuel Neuer,1986-03-27,40,124,0,Bayern Munich,Germany,https://upload.wikimedia.org/wikipedia/commons/thumb/8/8d/FC_Bayern_M%C3%BCnchen_logo_%282024%29.svg/250px-FC_Bayern_M%C3%BCnchen_logo_%282024%29.svg.png,4,"2013, 2014, 2015, 2016",https://en.wikipedia.org/wiki/FIFPRO_World_11,,,,,,https://en.wikipedia.org/wiki/2026_FIFA_World_Cup_squads,2026-06-11T04:21:10+00:00
E,Germany,2,DF,Antonio Rüdiger,1993-03-03,33,82,3,Real Madrid,Spain,https://upload.wikimedia.org/wikipedia/en/thumb/5/56/Real_Madrid_CF.svg/250px-Real_Madrid_CF.svg.png,1,2024,https://en.wikipedia.org/wiki/FIFPRO_World_11,,,,,,https://en.wikipedia.org/wiki/2026_FIFA_World_Cup_squads,2026-06-11T04:21:10+00:00
E,Germany,3,DF,Waldemar Anton,1996-07-20,29,13,0,Borussia Dortmund,Germany,https://upload.wikimedia.org/wikipedia/commons/thumb/6/67/Borussia_Dortmund_logo.svg/250px-Borussia_Dortmund_logo.svg.png,0,,,,,,,,https://en.wikipedia.org/wiki/2026_FIFA_World_Cup_squads,2026-06-11T04:21:10+00:00
E,Germany,4,DF,Jonathan Tah,1996-02-11,30,47,1,Bayern Munich,Germany,https://upload.wikimedia.org/wikipedia/commons/thumb/8/8d/FC_Bayern_M%C3%BCnchen_logo_%282024%29.svg/250px-FC_Bayern_M%C3%BCnchen_logo_%282024%29.svg.png,0,,,,,,,,https://en.wikipedia.org/wiki/2026_FIFA_World_Cup_squads,2026-06-11T04:21:10+00:00
E,Germany,5,MF,Aleksandar Pavlović,2004-05-03,22,11,1,Bayern Munich,Germany,https://upload.wikimedia.org/wikipedia/commons/thumb/8/8d/FC_Bayern_M%C3%BCnchen_logo_%282024%29.svg/250px-FC_Bayern_M%C3%BCnchen_logo_%282024%29.svg.png,0,,,,,,,,https://en.wikipedia.org/wiki/2026_FIFA_World_Cup_squads,2026-06-11T04:21:10+00:00
E,Germany,6,DF,Joshua Kimmich,1995-02-08,31,110,10,Bayern Munich,Germany,https://upload.wikimedia.org/wikipedia/commons/thumb/8/8d/FC_Bayern_M%C3%BCnchen_logo_%282024%29.svg/250px-FC_Bayern_M%C3%BCnchen_logo_%282024%29.svg.png,1,2020,https://en.wikipedia.org/wiki/FIFPRO_World_11,,,,,,https://en.wikipedia.org/wiki/2026_FIFA_World_Cup_squads,2026-06-11T04:21:10+00:00
E,Germany,7,FW,Kai Havertz,1999-06-11,27,58,22,Arsenal,England,https://upload.wikimedia.org/wikipedia/en/thumb/5/53/Arsenal_FC.svg/250px-Arsenal_FC.svg.png,0,,,,,,,,https://en.wikipedia.org/wiki/2026_FIFA_World_Cup_squads,2026-06-11T04:21:10+00:00
E,Germany,8,MF,Leon Goretzka,1995-02-06,31,70,15,Bayern Munich,Germany,https://upload.wikimedia.org/wikipedia/commons/thumb/8/8d/FC_Bayern_M%C3%BCnchen_logo_%282024%29.svg/250px-FC_Bayern_M%C3%BCnchen_logo_%282024%29.svg.png,0,,,,,,,,https://en.wikipedia.org/wiki/2026_FIFA_World_Cup_squads,2026-06-11T04:21:10+00:00
E,Germany,9,MF,Jamie Leweling,2001-02-26,25,5,1,VfB Stuttgart,Germany,https://upload.wikimedia.org/wikipedia/commons/thumb/e/eb/VfB_Stuttgart_1893_Logo.svg/250px-VfB_Stuttgart_1893_Logo.svg.png,0,,,,,,,,https://en.wikipedia.org/wiki/2026_FIFA_World_Cup_squads,2026-06-11T04:21:10+00:00
E,Germany,10,MF,Jamal Musiala,2003-02-26,23,42,9,Bayern Munich,Germany,https://upload.wikimedia.org/wikipedia/commons/thumb/8/8d/FC_Bayern_M%C3%BCnchen_logo_%282024%29.svg/250px-FC_Bayern_M%C3%BCnchen_logo_%282024%29.svg.png,0,,,,,,,,https://en.wikipedia.org/wiki/2026_FIFA_World_Cup_squads,2026-06-11T04:21:10+00:00
E,Germany,11,FW,Nick Woltemade,2002-02-14,24,11,4,Newcastle United,England,https://upload.wikimedia.org/wikipedia/en/thumb/5/56/Newcastle_United_Logo.svg/250px-Newcastle_United_Logo.svg.png,0,,,,,,,,https://en.wikipedia.org/wiki/2026_FIFA_World_Cup_squads,2026-06-11T04:21:10+00:00
E,Germany,12,GK,Oliver Baumann,1990-06-02,36,13,0,TSG Hoffenheim,Germany,https://upload.wikimedia.org/wikipedia/commons/thumb/e/e7/Logo_TSG_Hoffenheim.svg/250px-Logo_TSG_Hoffenheim.svg.png,0,,,,,,,,https://en.wikipedia.org/wiki/2026_FIFA_World_Cup_squads,2026-06-11T04:21:10+00:00
E,Germany,13,MF,Pascal Groß,1991-06-15,34,18,1,Brighton & Hove Albion,England,https://upload.wikimedia.org/wikipedia/en/thumb/d/d0/Brighton_and_Hove_Albion_FC_crest.svg/250px-Brighton_and_Hove_Albion_FC_crest.svg.png,0,,,,,,,,https://en.wikipedia.org/wiki/2026_FIFA_World_Cup_squads,2026-06-11T04:21:10+00:00
E,Germany,14,FW,Maximilian Beier,2002-10-17,23,9,0,Borussia Dortmund,Germany,https://upload.wikimedia.org/wikipedia/commons/thumb/6/67/Borussia_Dortmund_logo.svg/250px-Borussia_Dortmund_logo.svg.png,0,,,,,,,,https://en.wikipedia.org/wiki/2026_FIFA_World_Cup_squads,2026-06-11T04:21:10+00:00
E,Germany,15,DF,Nico Schlotterbeck,1999-12-01,26,27,0,Borussia Dortmund,Germany,https://upload.wikimedia.org/wikipedia/commons/thumb/6/67/Borussia_Dortmund_logo.svg/250px-Borussia_Dortmund_logo.svg.png,0,,,,,,,,https://en.wikipedia.org/wiki/2026_FIFA_World_Cup_squads,2026-06-11T04:21:10+00:00
E,Germany,16,MF,Angelo Stiller,2001-04-04,25,8,0,VfB Stuttgart,Germany,https://upload.wikimedia.org/wikipedia/commons/thumb/e/eb/VfB_Stuttgart_1893_Logo.svg/250px-VfB_Stuttgart_1893_Logo.svg.png,0,,,,,,,,https://en.wikipedia.org/wiki/2026_FIFA_World_Cup_squads,2026-06-11T04:21:10+00:00
E,Germany,17,MF,Florian Wirtz,2003-05-03,23,41,11,Liverpool,England,https://upload.wikimedia.org/wikipedia/en/thumb/0/0c/Liverpool_FC.svg/250px-Liverpool_FC.svg.png,0,,,,,,,,https://en.wikipedia.org/wiki/2026_FIFA_World_Cup_squads,2026-06-11T04:21:10+00:00
E,Germany,18,DF,Nathaniel Brown,2003-06-16,22,5,0,Eintracht Frankfurt,Germany,https://upload.wikimedia.org/wikipedia/en/thumb/7/7e/Eintracht_Frankfurt_crest.svg/250px-Eintracht_Frankfurt_crest.svg.png,0,,,,,,,,https://en.wikipedia.org/wiki/2026_FIFA_World_Cup_squads,2026-06-11T04:21:10+00:00
E,Germany,19,MF,Leroy Sané,1996-01-11,30,76,17,Galatasaray,Turkey,https://upload.wikimedia.org/wikipedia/commons/thumb/0/07/Galatasaray_S.K._Logo_2026_5-stars.svg/250px-Galatasaray_S.K._Logo_2026_5-stars.svg.png,0,,,,,,,,https://en.wikipedia.org/wiki/2026_FIFA_World_Cup_squads,2026-06-11T04:21:10+00:00
E,Germany,20,MF,Nadiem Amiri,1996-10-27,29,11,1,Mainz 05,Germany,https://upload.wikimedia.org/wikipedia/commons/thumb/1/1b/1._FSV_Mainz_05_logo.svg/250px-1._FSV_Mainz_05_logo.svg.png,0,,,,,,,,https://en.wikipedia.org/wiki/2026_FIFA_World_Cup_squads,2026-06-11T04:21:10+00:00
E,Germany,21,GK,Alexander Nübel,1996-09-30,29,3,0,VfB Stuttgart,Germany,https://upload.wikimedia.org/wikipedia/commons/thumb/e/eb/VfB_Stuttgart_1893_Logo.svg/250px-VfB_Stuttgart_1893_Logo.svg.png,0,,,,,,,,https://en.wikipedia.org/wiki/2026_FIFA_World_Cup_squads,2026-06-11T04:21:10+00:00
E,Germany,22,DF,David Raum,1998-04-22,28,37,1,RB Leipzig,Germany,https://upload.wikimedia.org/wikipedia/en/thumb/0/04/RB_Leipzig_2014_logo.svg/330px-RB_Leipzig_2014_logo.svg.png,0,,,,,,,,https://en.wikipedia.org/wiki/2026_FIFA_World_Cup_squads,2026-06-11T04:21:10+00:00
E,Germany,23,MF,Felix Nmecha,2000-10-10,25,8,1,Borussia Dortmund,Germany,https://upload.wikimedia.org/wikipedia/commons/thumb/6/67/Borussia_Dortmund_logo.svg/250px-Borussia_Dortmund_logo.svg.png,0,,,,,,,,https://en.wikipedia.org/wiki/2026_FIFA_World_Cup_squads,2026-06-11T04:21:10+00:00
E,Germany,24,DF,Malick Thiaw,2001-08-08,24,5,0,Newcastle United,England,https://upload.wikimedia.org/wikipedia/en/thumb/5/56/Newcastle_United_Logo.svg/250px-Newcastle_United_Logo.svg.png,0,,,,,,,,https://en.wikipedia.org/wiki/2026_FIFA_World_Cup_squads,2026-06-11T04:21:10+00:00
E,Germany,25,MF,Assan Ouédraogo,2006-05-09,20,1,1,RB Leipzig,Germany,https://upload.wikimedia.org/wikipedia/en/thumb/0/04/RB_Leipzig_2014_logo.svg/330px-RB_Leipzig_2014_logo.svg.png,0,,,,,,,,https://en.wikipedia.org/wiki/2026_FIFA_World_Cup_squads,2026-06-11T04:21:10+00:00
E,Germany,26,FW,Deniz Undav,1996-07-19,29,9,6,VfB Stuttgart,Germany,https://upload.wikimedia.org/wikipedia/commons/thumb/e/eb/VfB_Stuttgart_1893_Logo.svg/250px-VfB_Stuttgart_1893_Logo.svg.png,0,,,,,,,,https://en.wikipedia.org/wiki/2026_FIFA_World_Cup_squads,2026-06-11T04:21:10+00:00
E,Ivory Coast,1,GK,Yahia Fofana,2000-08-21,25,35,0,Çaykur Rizespor,Turkey,https://upload.wikimedia.org/wikipedia/en/thumb/5/5f/Caykur_Rizespor_logo.svg/250px-Caykur_Rizespor_logo.svg.png,0,,,,,,,,https://en.wikipedia.org/wiki/2026_FIFA_World_Cup_squads,2026-06-11T04:21:10+00:00
E,Ivory Coast,2,DF,Ousmane Diomande,2003-12-04,22,15,1,Sporting CP,Portugal,https://upload.wikimedia.org/wikipedia/en/thumb/9/95/Sporting_CP_crest.svg/250px-Sporting_CP_crest.svg.png,0,,,,,,,,https://en.wikipedia.org/wiki/2026_FIFA_World_Cup_squads,2026-06-11T04:21:10+00:00
E,Ivory Coast,3,DF,Ghislain Konan,1995-12-27,30,54,0,Gil Vicente,Portugal,https://upload.wikimedia.org/wikipedia/en/thumb/8/8f/Gil_Vicente_F.C.png/250px-Gil_Vicente_F.C.png,0,,,,,,,,https://en.wikipedia.org/wiki/2026_FIFA_World_Cup_squads,2026-06-11T04:21:10+00:00
E,Ivory Coast,4,MF,Jean Michaël Seri,1991-07-19,34,65,4,Maribor,Slovenia,https://upload.wikimedia.org/wikipedia/en/thumb/e/ee/NK_Maribor.svg/250px-NK_Maribor.svg.png,0,,,,,,,,https://en.wikipedia.org/wiki/2026_FIFA_World_Cup_squads,2026-06-11T04:21:10+00:00
E,Ivory Coast,5,DF,Wilfried Singo,2000-12-25,25,34,1,Galatasaray,Turkey,https://upload.wikimedia.org/wikipedia/commons/thumb/0/07/Galatasaray_S.K._Logo_2026_5-stars.svg/250px-Galatasaray_S.K._Logo_2026_5-stars.svg.png,0,,,,,,,,https://en.wikipedia.org/wiki/2026_FIFA_World_Cup_squads,2026-06-11T04:21:10+00:00
E,Ivory Coast,6,MF,Seko Fofana,1995-05-07,31,32,7,Porto,Portugal,https://upload.wikimedia.org/wikipedia/en/thumb/f/f1/FC_Porto.svg/250px-FC_Porto.svg.png,0,,,,,,,,https://en.wikipedia.org/wiki/2026_FIFA_World_Cup_squads,2026-06-11T04:21:10+00:00
E,Ivory Coast,7,DF,Odilon Kossounou,2001-01-04,25,35,0,Atalanta,Italy,https://upload.wikimedia.org/wikipedia/en/thumb/f/f2/Atalanta_BC_new_logo.svg/250px-Atalanta_BC_new_logo.svg.png,0,,,,,,,,https://en.wikipedia.org/wiki/2026_FIFA_World_Cup_squads,2026-06-11T04:21:10+00:00
E,Ivory Coast,8,MF,Franck Kessié,1996-12-19,29,103,15,Al-Ahli,Saudi Arabia,https://upload.wikimedia.org/wikipedia/en/thumb/4/45/Al_Ahli_Saudi_FC_logo.svg/250px-Al_Ahli_Saudi_FC_logo.svg.png,0,,,,,,,,https://en.wikipedia.org/wiki/2026_FIFA_World_Cup_squads,2026-06-11T04:21:10+00:00
E,Ivory Coast,9,FW,Ange-Yoan Bonny,2003-10-25,22,1,0,Inter Milan,Italy,https://upload.wikimedia.org/wikipedia/commons/thumb/0/05/FC_Internazionale_Milano_2021.svg/250px-FC_Internazionale_Milano_2021.svg.png,0,,,,,,,,https://en.wikipedia.org/wiki/2026_FIFA_World_Cup_squads,2026-06-11T04:21:10+00:00
E,Ivory Coast,10,FW,Simon Adingra,2002-01-01,24,29,5,Monaco,France,https://upload.wikimedia.org/wikipedia/en/thumb/c/cf/LogoASMonacoFC2021.svg/250px-LogoASMonacoFC2021.svg.png,0,,,,,,,,https://en.wikipedia.org/wiki/2026_FIFA_World_Cup_squads,2026-06-11T04:21:10+00:00
E,Ivory Coast,11,FW,Yan Diomande,2006-11-14,19,10,3,RB Leipzig,Germany,https://upload.wikimedia.org/wikipedia/en/thumb/0/04/RB_Leipzig_2014_logo.svg/330px-RB_Leipzig_2014_logo.svg.png,0,,,,,,,,https://en.wikipedia.org/wiki/2026_FIFA_World_Cup_squads,2026-06-11T04:21:10+00:00
E,Ivory Coast,12,FW,Elye Wahi,2003-01-02,23,2,0,Nice,France,https://upload.wikimedia.org/wikipedia/en/thumb/2/2e/OGC_Nice_logo.svg/250px-OGC_Nice_logo.svg.png,0,,,,,,,,https://en.wikipedia.org/wiki/2026_FIFA_World_Cup_squads,2026-06-11T04:21:10+00:00
E,Ivory Coast,13,DF,Christopher Opéri,1997-04-29,29,12,0,İstanbul Başakşehir,Turkey,https://upload.wikimedia.org/wikipedia/en/thumb/e/e1/%C4%B0stanbul_Ba%C5%9Fak%C5%9Fehir_logo.svg/250px-%C4%B0stanbul_Ba%C5%9Fak%C5%9Fehir_logo.svg.png,0,,,,,,,,https://en.wikipedia.org/wiki/2026_FIFA_World_Cup_squads,2026-06-11T04:21:10+00:00
E,Ivory Coast,14,FW,Oumar Diakité,2003-12-20,22,29,6,Cercle Brugge,Belgium,https://upload.wikimedia.org/wikipedia/commons/thumb/b/bd/Logo_Cercle_Brugge_2022.png/250px-Logo_Cercle_Brugge_2022.png,0,,,,,,,,https://en.wikipedia.org/wiki/2026_FIFA_World_Cup_squads,2026-06-11T04:21:10+00:00
E,Ivory Coast,15,FW,Amad Diallo,2002-07-11,23,19,6,Manchester United,England,https://upload.wikimedia.org/wikipedia/en/thumb/7/7a/Manchester_United_FC_crest.svg/250px-Manchester_United_FC_crest.svg.png,0,,,,,,,,https://en.wikipedia.org/wiki/2026_FIFA_World_Cup_squads,2026-06-11T04:21:10+00:00
E,Ivory Coast,16,GK,Mohamed Koné,2002-03-07,24,0,0,Charleroi,Belgium,https://upload.wikimedia.org/wikipedia/en/thumb/e/e1/Royal_Charleroi_Sporting_Club_logo.svg/250px-Royal_Charleroi_Sporting_Club_logo.svg.png,0,,,,,,,,https://en.wikipedia.org/wiki/2026_FIFA_World_Cup_squads,2026-06-11T04:21:10+00:00
E,Ivory Coast,17,DF,Guéla Doué,2002-10-17,23,20,3,Strasbourg,France,https://upload.wikimedia.org/wikipedia/en/thumb/8/80/Racing_Club_de_Strasbourg_logo.svg/250px-Racing_Club_de_Strasbourg_logo.svg.png,0,,,,,,,,https://en.wikipedia.org/wiki/2026_FIFA_World_Cup_squads,2026-06-11T04:21:10+00:00
E,Ivory Coast,18,MF,Ibrahim Sangaré,1997-12-02,28,58,12,Nottingham Forest,England,https://upload.wikimedia.org/wikipedia/en/thumb/e/e5/Nottingham_Forest_F.C._logo.svg/120px-Nottingham_Forest_F.C._logo.svg.png,0,,,,,,,,https://en.wikipedia.org/wiki/2026_FIFA_World_Cup_squads,2026-06-11T04:21:10+00:00
E,Ivory Coast,19,FW,Nicolas Pépé,1995-05-29,31,55,12,Villarreal,Spain,https://upload.wikimedia.org/wikipedia/en/thumb/b/b9/Villarreal_CF_logo-en.svg/250px-Villarreal_CF_logo-en.svg.png,0,,,,,,,,https://en.wikipedia.org/wiki/2026_FIFA_World_Cup_squads,2026-06-11T04:21:10+00:00
E,Ivory Coast,20,DF,Emmanuel Agbadou,1997-06-17,28,20,2,Beşiktaş,Turkey,https://upload.wikimedia.org/wikipedia/commons/thumb/d/da/BesiktasJK-Logo.svg/250px-BesiktasJK-Logo.svg.png,0,,,,,,,,https://en.wikipedia.org/wiki/2026_FIFA_World_Cup_squads,2026-06-11T04:21:10+00:00
E,Ivory Coast,21,DF,Evan Ndicka,1999-08-20,26,28,0,Roma,Italy,https://upload.wikimedia.org/wikipedia/en/thumb/f/f7/AS_Roma_logo_%282017%29.svg/250px-AS_Roma_logo_%282017%29.svg.png,0,,,,,,,,https://en.wikipedia.org/wiki/2026_FIFA_World_Cup_squads,2026-06-11T04:21:10+00:00
E,Ivory Coast,22,FW,Evann Guessand,2001-07-01,24,21,4,Crystal Palace,England,https://upload.wikimedia.org/wikipedia/en/thumb/a/a2/Crystal_Palace_FC_logo_%282022%29.svg/250px-Crystal_Palace_FC_logo_%282022%29.svg.png,0,,,,,,,,https://en.wikipedia.org/wiki/2026_FIFA_World_Cup_squads,2026-06-11T04:21:10+00:00
E,Ivory Coast,23,GK,Alban Lafont,1999-01-23,27,4,0,Panathinaikos,Greece,https://upload.wikimedia.org/wikipedia/en/thumb/8/84/Panathinaikos_F.C._logo.svg/250px-Panathinaikos_F.C._logo.svg.png,0,,,,,,,,https://en.wikipedia.org/wiki/2026_FIFA_World_Cup_squads,2026-06-11T04:21:10+00:00
E,Ivory Coast,24,FW,Bazoumana Touré,2006-03-02,20,6,2,TSG Hoffenheim,Germany,https://upload.wikimedia.org/wikipedia/commons/thumb/e/e7/Logo_TSG_Hoffenheim.svg/250px-Logo_TSG_Hoffenheim.svg.png,0,,,,,,,,https://en.wikipedia.org/wiki/2026_FIFA_World_Cup_squads,2026-06-11T04:21:10+00:00
E,Ivory Coast,25,MF,Parfait Guiagon,2001-02-22,25,5,0,Charleroi,Belgium,https://upload.wikimedia.org/wikipedia/en/thumb/e/e1/Royal_Charleroi_Sporting_Club_logo.svg/250px-Royal_Charleroi_Sporting_Club_logo.svg.png,0,,,,,,,,https://en.wikipedia.org/wiki/2026_FIFA_World_Cup_squads,2026-06-11T04:21:10+00:00
E,Ivory Coast,26,MF,Christ Inao Oulaï,2006-04-06,20,9,0,Trabzonspor,Turkey,https://upload.wikimedia.org/wikipedia/en/thumb/d/de/Trabzonspor_Amblem.svg/250px-Trabzonspor_Amblem.svg.png,0,,,,,,,,https://en.wikipedia.org/wiki/2026_FIFA_World_Cup_squads,2026-06-11T04:21:10+00:00
F,Japan,1,GK,Zion Suzuki,2002-08-21,23,24,0,Parma,Italy,https://upload.wikimedia.org/wikipedia/commons/thumb/9/97/Logo_Parma_Calcio_1913_%28adozione_2016%29.svg/250px-Logo_Parma_Calcio_1913_%28adozione_2016%29.svg.png,0,,,,,,,,https://en.wikipedia.org/wiki/2026_FIFA_World_Cup_squads,2026-06-11T04:21:10+00:00
F,Japan,2,DF,Yukinari Sugawara,2000-06-28,25,21,2,Werder Bremen,Germany,https://upload.wikimedia.org/wikipedia/commons/thumb/b/be/SV-Werder-Bremen-Logo.svg/250px-SV-Werder-Bremen-Logo.svg.png,0,,,,,,,,https://en.wikipedia.org/wiki/2026_FIFA_World_Cup_squads,2026-06-11T04:21:10+00:00
F,Japan,3,DF,Shōgo Taniguchi,1991-07-15,34,38,1,Sint-Truiden,Belgium,https://upload.wikimedia.org/wikipedia/en/thumb/f/f1/K._Sint-Truidense_V.V._logo.png/250px-K._Sint-Truidense_V.V._logo.png,0,,,,,,,,https://en.wikipedia.org/wiki/2026_FIFA_World_Cup_squads,2026-06-11T04:21:10+00:00
F,Japan,4,DF,Kō Itakura,1997-01-27,29,40,2,Ajax,the Netherlands,https://upload.wikimedia.org/wikipedia/commons/thumb/0/0d/Logo_AFC_Ajax_%281928-1991%2C_2025-%29.png/250px-Logo_AFC_Ajax_%281928-1991%2C_2025-%29.png,0,,,,,,,,https://en.wikipedia.org/wiki/2026_FIFA_World_Cup_squads,2026-06-11T04:21:10+00:00
F,Japan,5,DF,Yūto Nagatomo,1986-09-12,39,145,4,FC Tokyo,Japan,https://upload.wikimedia.org/wikipedia/en/thumb/1/15/FC_Tokyo_Logo.svg/330px-FC_Tokyo_Logo.svg.png,0,,,,,,,,https://en.wikipedia.org/wiki/2026_FIFA_World_Cup_squads,2026-06-11T04:21:10+00:00
F,Japan,6,MF,Wataru Endo,1993-02-09,33,73,4,Liverpool,England,https://upload.wikimedia.org/wikipedia/en/thumb/0/0c/Liverpool_FC.svg/250px-Liverpool_FC.svg.png,0,,,,,,,,https://en.wikipedia.org/wiki/2026_FIFA_World_Cup_squads,2026-06-11T04:21:10+00:00
F,Japan,7,MF,Ao Tanaka,1998-09-10,27,38,8,Leeds United,England,https://upload.wikimedia.org/wikipedia/en/thumb/5/54/Leeds_United_F.C._logo.svg/250px-Leeds_United_F.C._logo.svg.png,0,,,,,,,,https://en.wikipedia.org/wiki/2026_FIFA_World_Cup_squads,2026-06-11T04:21:10+00:00
F,Japan,8,MF,Takefusa Kubo,2001-06-04,25,49,7,Real Sociedad,Spain,https://upload.wikimedia.org/wikipedia/en/thumb/f/f1/Real_Sociedad_logo.svg/250px-Real_Sociedad_logo.svg.png,0,,,,,,,,https://en.wikipedia.org/wiki/2026_FIFA_World_Cup_squads,2026-06-11T04:21:10+00:00
F,Japan,9,FW,Keisuke Gotō,2005-06-03,21,4,0,Sint-Truiden,Belgium,https://upload.wikimedia.org/wikipedia/en/thumb/f/f1/K._Sint-Truidense_V.V._logo.png/250px-K._Sint-Truidense_V.V._logo.png,0,,,,,,,,https://en.wikipedia.org/wiki/2026_FIFA_World_Cup_squads,2026-06-11T04:21:10+00:00
F,Japan,10,MF,Ritsu Dōan,1998-06-16,27,65,11,Eintracht Frankfurt,Germany,https://upload.wikimedia.org/wikipedia/en/thumb/7/7e/Eintracht_Frankfurt_crest.svg/250px-Eintracht_Frankfurt_crest.svg.png,0,,,,,,,,https://en.wikipedia.org/wiki/2026_FIFA_World_Cup_squads,2026-06-11T04:21:10+00:00
F,Japan,11,MF,Daizen Maeda,1997-10-20,28,27,4,Celtic,Scotland,https://upload.wikimedia.org/wikipedia/en/thumb/7/71/Celtic_FC_crest.svg/250px-Celtic_FC_crest.svg.png,0,,,,,,,,https://en.wikipedia.org/wiki/2026_FIFA_World_Cup_squads,2026-06-11T04:21:10+00:00
F,Japan,12,GK,Keisuke Ōsako,1999-07-28,26,11,0,Sanfrecce Hiroshima,Japan,https://upload.wikimedia.org/wikipedia/en/thumb/e/e9/Sanfrecce_Hiroshima_logo.svg/250px-Sanfrecce_Hiroshima_logo.svg.png,0,,,,,,,,https://en.wikipedia.org/wiki/2026_FIFA_World_Cup_squads,2026-06-11T04:21:10+00:00
F,Japan,13,MF,Keito Nakamura,2000-07-28,25,25,10,Reims,France,https://upload.wikimedia.org/wikipedia/commons/thumb/1/19/Stade_de_Reims_logo.svg/250px-Stade_de_Reims_logo.svg.png,0,,,,,,,,https://en.wikipedia.org/wiki/2026_FIFA_World_Cup_squads,2026-06-11T04:21:10+00:00
F,Japan,14,MF,Junya Itō,1993-03-09,33,69,15,Genk,Belgium,https://upload.wikimedia.org/wikipedia/commons/thumb/7/77/Logo_KRC_Genk.png/250px-Logo_KRC_Genk.png,0,,,,,,,,https://en.wikipedia.org/wiki/2026_FIFA_World_Cup_squads,2026-06-11T04:21:10+00:00
F,Japan,15,MF,Daichi Kamada,1996-08-05,29,49,12,Crystal Palace,England,https://upload.wikimedia.org/wikipedia/en/thumb/a/a2/Crystal_Palace_FC_logo_%282022%29.svg/250px-Crystal_Palace_FC_logo_%282022%29.svg.png,0,,,,,,,,https://en.wikipedia.org/wiki/2026_FIFA_World_Cup_squads,2026-06-11T04:21:10+00:00
F,Japan,16,DF,Tsuyoshi Watanabe,1997-02-05,29,11,0,Feyenoord,the Netherlands,https://upload.wikimedia.org/wikipedia/commons/thumb/f/f9/Feyenoord_logo_since_2024.svg/250px-Feyenoord_logo_since_2024.svg.png,0,,,,,,,,https://en.wikipedia.org/wiki/2026_FIFA_World_Cup_squads,2026-06-11T04:21:10+00:00
F,Japan,17,MF,Yuito Suzuki,2001-10-25,24,6,0,SC Freiburg,Germany,https://upload.wikimedia.org/wikipedia/en/thumb/6/6d/SC_Freiburg_logo.svg/250px-SC_Freiburg_logo.svg.png,0,,,,,,,,https://en.wikipedia.org/wiki/2026_FIFA_World_Cup_squads,2026-06-11T04:21:10+00:00
F,Japan,18,FW,Ayase Ueda,1998-08-28,27,39,16,Feyenoord,the Netherlands,https://upload.wikimedia.org/wikipedia/commons/thumb/f/f9/Feyenoord_logo_since_2024.svg/250px-Feyenoord_logo_since_2024.svg.png,0,,,,,,,,https://en.wikipedia.org/wiki/2026_FIFA_World_Cup_squads,2026-06-11T04:21:10+00:00
F,Japan,19,FW,Kōki Ogawa,1997-08-08,28,15,11,NEC,the Netherlands,https://upload.wikimedia.org/wikipedia/en/thumb/3/38/NEC_Nijmegen_logo.svg/250px-NEC_Nijmegen_logo.svg.png,0,,,,,,,,https://en.wikipedia.org/wiki/2026_FIFA_World_Cup_squads,2026-06-11T04:21:10+00:00
F,Japan,20,DF,Ayumu Seko,2000-06-07,26,14,0,Le Havre,France,https://upload.wikimedia.org/wikipedia/en/thumb/f/fc/Le_Havre_AC_logo.svg/250px-Le_Havre_AC_logo.svg.png,0,,,,,,,,https://en.wikipedia.org/wiki/2026_FIFA_World_Cup_squads,2026-06-11T04:21:10+00:00
F,Japan,21,DF,Hiroki Itō,1999-05-12,27,24,1,Bayern Munich,Germany,https://upload.wikimedia.org/wikipedia/commons/thumb/8/8d/FC_Bayern_M%C3%BCnchen_logo_%282024%29.svg/250px-FC_Bayern_M%C3%BCnchen_logo_%282024%29.svg.png,0,,,,,,,,https://en.wikipedia.org/wiki/2026_FIFA_World_Cup_squads,2026-06-11T04:21:10+00:00
F,Japan,22,DF,Takehiro Tomiyasu,1998-11-05,27,43,1,Ajax,the Netherlands,https://upload.wikimedia.org/wikipedia/commons/thumb/0/0d/Logo_AFC_Ajax_%281928-1991%2C_2025-%29.png/250px-Logo_AFC_Ajax_%281928-1991%2C_2025-%29.png,0,,,,,,,,https://en.wikipedia.org/wiki/2026_FIFA_World_Cup_squads,2026-06-11T04:21:10+00:00
F,Japan,23,GK,Tomoki Hayakawa,1999-03-03,27,4,0,Kashima Antlers,Japan,https://upload.wikimedia.org/wikipedia/en/thumb/3/37/Kashima_Antlers.svg/250px-Kashima_Antlers.svg.png,0,,,,,,,,https://en.wikipedia.org/wiki/2026_FIFA_World_Cup_squads,2026-06-11T04:21:10+00:00
F,Japan,24,MF,Kaishū Sano,2000-12-30,25,13,0,Mainz 05,Germany,https://upload.wikimedia.org/wikipedia/commons/thumb/1/1b/1._FSV_Mainz_05_logo.svg/250px-1._FSV_Mainz_05_logo.svg.png,0,,,,,,,,https://en.wikipedia.org/wiki/2026_FIFA_World_Cup_squads,2026-06-11T04:21:10+00:00
F,Japan,25,DF,Junnosuke Suzuki,2003-07-12,22,6,0,Copenhagen,Denmark,https://upload.wikimedia.org/wikipedia/en/thumb/2/26/FC_Copenhagen_logo.svg/250px-FC_Copenhagen_logo.svg.png,0,,,,,,,,https://en.wikipedia.org/wiki/2026_FIFA_World_Cup_squads,2026-06-11T04:21:10+00:00
F,Japan,26,FW,Kento Shiogai,2005-03-26,21,2,0,VfL Wolfsburg,Germany,https://upload.wikimedia.org/wikipedia/commons/thumb/c/c5/VfL_Wolfsburg_logo_2026.svg/250px-VfL_Wolfsburg_logo_2026.svg.png,0,,,,,,,,https://en.wikipedia.org/wiki/2026_FIFA_World_Cup_squads,2026-06-11T04:21:10+00:00
F,Netherlands,1,GK,Bart Verbruggen,2002-08-18,23,29,0,Brighton & Hove Albion,England,https://upload.wikimedia.org/wikipedia/en/thumb/d/d0/Brighton_and_Hove_Albion_FC_crest.svg/250px-Brighton_and_Hove_Albion_FC_crest.svg.png,0,,,,,,,,https://en.wikipedia.org/wiki/2026_FIFA_World_Cup_squads,2026-06-11T04:21:10+00:00
F,Netherlands,2,DF,Lutsharel Geertruida,2000-07-18,25,21,0,Sunderland,England,https://upload.wikimedia.org/wikipedia/en/thumb/7/77/Logo_Sunderland.svg/330px-Logo_Sunderland.svg.png,0,,,,,,,,https://en.wikipedia.org/wiki/2026_FIFA_World_Cup_squads,2026-06-11T04:21:10+00:00
F,Netherlands,3,MF,Marten de Roon,1991-03-29,35,43,1,Atalanta,Italy,https://upload.wikimedia.org/wikipedia/en/thumb/f/f2/Atalanta_BC_new_logo.svg/250px-Atalanta_BC_new_logo.svg.png,0,,,,,,,,https://en.wikipedia.org/wiki/2026_FIFA_World_Cup_squads,2026-06-11T04:21:10+00:00
F,Netherlands,4,DF,Virgil van Dijk,1991-07-08,34,92,12,Liverpool,England,https://upload.wikimedia.org/wikipedia/en/thumb/0/0c/Liverpool_FC.svg/250px-Liverpool_FC.svg.png,5,"2019, 2020, 2022, 2024, 2025",https://en.wikipedia.org/wiki/FIFPRO_World_11,,,,,,https://en.wikipedia.org/wiki/2026_FIFA_World_Cup_squads,2026-06-11T04:21:10+00:00
F,Netherlands,5,DF,Nathan Aké,1995-02-18,31,59,5,Manchester City,England,https://upload.wikimedia.org/wikipedia/en/thumb/e/eb/Manchester_City_FC_badge.svg/250px-Manchester_City_FC_badge.svg.png,0,,,,,,,,https://en.wikipedia.org/wiki/2026_FIFA_World_Cup_squads,2026-06-11T04:21:10+00:00
F,Netherlands,6,DF,Jan Paul van Hecke,2000-06-08,26,12,0,Brighton & Hove Albion,England,https://upload.wikimedia.org/wikipedia/en/thumb/d/d0/Brighton_and_Hove_Albion_FC_crest.svg/250px-Brighton_and_Hove_Albion_FC_crest.svg.png,0,,,,,,,,https://en.wikipedia.org/wiki/2026_FIFA_World_Cup_squads,2026-06-11T04:21:10+00:00
F,Netherlands,7,MF,Justin Kluivert,1999-05-05,27,12,0,Bournemouth,England,https://upload.wikimedia.org/wikipedia/en/thumb/e/e5/AFC_Bournemouth_%282013%29.svg/250px-AFC_Bournemouth_%282013%29.svg.png,0,,,,,,,,https://en.wikipedia.org/wiki/2026_FIFA_World_Cup_squads,2026-06-11T04:21:10+00:00
F,Netherlands,8,MF,Ryan Gravenberch,2002-05-16,24,27,1,Liverpool,England,https://upload.wikimedia.org/wikipedia/en/thumb/0/0c/Liverpool_FC.svg/250px-Liverpool_FC.svg.png,0,,,,,,,,https://en.wikipedia.org/wiki/2026_FIFA_World_Cup_squads,2026-06-11T04:21:10+00:00
F,Netherlands,9,FW,Wout Weghorst,1992-08-07,33,52,14,Ajax,the Netherlands,https://upload.wikimedia.org/wikipedia/commons/thumb/0/0d/Logo_AFC_Ajax_%281928-1991%2C_2025-%29.png/250px-Logo_AFC_Ajax_%281928-1991%2C_2025-%29.png,0,,,,,,,,https://en.wikipedia.org/wiki/2026_FIFA_World_Cup_squads,2026-06-11T04:21:10+00:00
F,Netherlands,10,FW,Memphis Depay,1994-02-13,32,109,55,Corinthians,Brazil,https://upload.wikimedia.org/wikipedia/en/thumb/5/5a/Sport_Club_Corinthians_Paulista_crest.svg/250px-Sport_Club_Corinthians_Paulista_crest.svg.png,0,,,,,,,,https://en.wikipedia.org/wiki/2026_FIFA_World_Cup_squads,2026-06-11T04:21:10+00:00
F,Netherlands,11,FW,Cody Gakpo,1999-05-07,27,50,21,Liverpool,England,https://upload.wikimedia.org/wikipedia/en/thumb/0/0c/Liverpool_FC.svg/250px-Liverpool_FC.svg.png,0,,,,,,,,https://en.wikipedia.org/wiki/2026_FIFA_World_Cup_squads,2026-06-11T04:21:10+00:00
F,Netherlands,12,DF,Mats Wieffer,1999-11-16,26,15,1,Brighton & Hove Albion,England,https://upload.wikimedia.org/wikipedia/en/thumb/d/d0/Brighton_and_Hove_Albion_FC_crest.svg/250px-Brighton_and_Hove_Albion_FC_crest.svg.png,0,,,,,,,,https://en.wikipedia.org/wiki/2026_FIFA_World_Cup_squads,2026-06-11T04:21:10+00:00
F,Netherlands,13,GK,Robin Roefs,2003-01-17,23,1,0,Sunderland,England,https://upload.wikimedia.org/wikipedia/en/thumb/7/77/Logo_Sunderland.svg/330px-Logo_Sunderland.svg.png,0,,,,,,,,https://en.wikipedia.org/wiki/2026_FIFA_World_Cup_squads,2026-06-11T04:21:10+00:00
F,Netherlands,14,MF,Tijjani Reijnders,1998-07-29,27,32,7,Manchester City,England,https://upload.wikimedia.org/wikipedia/en/thumb/e/eb/Manchester_City_FC_badge.svg/250px-Manchester_City_FC_badge.svg.png,0,,,,,,,,https://en.wikipedia.org/wiki/2026_FIFA_World_Cup_squads,2026-06-11T04:21:10+00:00
F,Netherlands,15,DF,Micky van de Ven,2001-04-19,25,21,1,Tottenham Hotspur,England,https://upload.wikimedia.org/wikipedia/en/thumb/b/b4/Tottenham_Hotspur.svg/250px-Tottenham_Hotspur.svg.png,0,,,,,,,,https://en.wikipedia.org/wiki/2026_FIFA_World_Cup_squads,2026-06-11T04:21:10+00:00
F,Netherlands,16,MF,Guus Til,1997-12-22,28,7,1,PSV Eindhoven,the Netherlands,https://upload.wikimedia.org/wikipedia/en/thumb/0/05/PSV_Eindhoven.svg/250px-PSV_Eindhoven.svg.png,0,,,,,,,,https://en.wikipedia.org/wiki/2026_FIFA_World_Cup_squads,2026-06-11T04:21:10+00:00
F,Netherlands,17,FW,Noa Lang,1999-06-17,26,15,3,Galatasaray,Turkey,https://upload.wikimedia.org/wikipedia/commons/thumb/0/07/Galatasaray_S.K._Logo_2026_5-stars.svg/250px-Galatasaray_S.K._Logo_2026_5-stars.svg.png,0,,,,,,,,https://en.wikipedia.org/wiki/2026_FIFA_World_Cup_squads,2026-06-11T04:21:10+00:00
F,Netherlands,18,FW,Donyell Malen,1999-01-19,27,53,13,Roma,Italy,https://upload.wikimedia.org/wikipedia/en/thumb/f/f7/AS_Roma_logo_%282017%29.svg/250px-AS_Roma_logo_%282017%29.svg.png,0,,,,,,,,https://en.wikipedia.org/wiki/2026_FIFA_World_Cup_squads,2026-06-11T04:21:10+00:00
F,Netherlands,19,FW,Brian Brobbey,2002-02-01,24,12,1,Sunderland,England,https://upload.wikimedia.org/wikipedia/en/thumb/7/77/Logo_Sunderland.svg/330px-Logo_Sunderland.svg.png,0,,,,,,,,https://en.wikipedia.org/wiki/2026_FIFA_World_Cup_squads,2026-06-11T04:21:10+00:00
F,Netherlands,20,MF,Teun Koopmeiners,1998-02-28,28,28,3,Juventus,Italy,https://upload.wikimedia.org/wikipedia/commons/thumb/e/ed/Juventus_FC_-_logo_black_%28Italy%2C_2020%29.svg/250px-Juventus_FC_-_logo_black_%28Italy%2C_2020%29.svg.png,0,,,,,,,,https://en.wikipedia.org/wiki/2026_FIFA_World_Cup_squads,2026-06-11T04:21:10+00:00
F,Netherlands,21,MF,Frenkie de Jong,1997-05-12,29,66,2,Barcelona,Spain,https://upload.wikimedia.org/wikipedia/en/thumb/4/47/FC_Barcelona_%28crest%29.svg/250px-FC_Barcelona_%28crest%29.svg.png,1,2019,https://en.wikipedia.org/wiki/FIFPRO_World_11,,,,,,https://en.wikipedia.org/wiki/2026_FIFA_World_Cup_squads,2026-06-11T04:21:10+00:00
F,Netherlands,22,DF,Denzel Dumfries,1996-04-18,30,72,11,Inter Milan,Italy,https://upload.wikimedia.org/wikipedia/commons/thumb/0/05/FC_Internazionale_Milano_2021.svg/250px-FC_Internazionale_Milano_2021.svg.png,0,,,,,,,,https://en.wikipedia.org/wiki/2026_FIFA_World_Cup_squads,2026-06-11T04:21:10+00:00
F,Netherlands,23,GK,Mark Flekken,1993-06-13,32,12,0,Bayer Leverkusen,Germany,https://upload.wikimedia.org/wikipedia/en/thumb/5/59/Bayer_04_Leverkusen_logo.svg/250px-Bayer_04_Leverkusen_logo.svg.png,0,,,,,,,,https://en.wikipedia.org/wiki/2026_FIFA_World_Cup_squads,2026-06-11T04:21:10+00:00
F,Netherlands,24,FW,Crysencio Summerville,2001-10-30,24,2,0,West Ham United,England,https://upload.wikimedia.org/wikipedia/en/thumb/c/c2/West_Ham_United_FC_logo.svg/250px-West_Ham_United_FC_logo.svg.png,0,,,,,,,,https://en.wikipedia.org/wiki/2026_FIFA_World_Cup_squads,2026-06-11T04:21:10+00:00
F,Netherlands,25,DF,Jorrel Hato,2006-03-07,20,8,0,Chelsea,England,https://upload.wikimedia.org/wikipedia/en/thumb/c/cc/Chelsea_FC.svg/250px-Chelsea_FC.svg.png,0,,,,,,,,https://en.wikipedia.org/wiki/2026_FIFA_World_Cup_squads,2026-06-11T04:21:10+00:00
F,Netherlands,26,MF,Quinten Timber,2001-06-17,24,11,1,Marseille,France,https://upload.wikimedia.org/wikipedia/commons/thumb/4/4f/Olympique_de_Marseille_2026_logo.svg/250px-Olympique_de_Marseille_2026_logo.svg.png,0,,,,,,,,https://en.wikipedia.org/wiki/2026_FIFA_World_Cup_squads,2026-06-11T04:21:10+00:00
F,Sweden,1,GK,Jacob Widell Zetterström,1998-07-11,27,3,0,Derby County,England,https://upload.wikimedia.org/wikipedia/en/thumb/4/4a/Derby_County_crest.svg/250px-Derby_County_crest.svg.png,0,,,,,,,,https://en.wikipedia.org/wiki/2026_FIFA_World_Cup_squads,2026-06-11T04:21:10+00:00
F,Sweden,2,DF,Gustaf Lagerbielke,2000-04-10,26,11,2,Braga,Portugal,https://upload.wikimedia.org/wikipedia/en/thumb/7/79/S.C._Braga_logo.svg/250px-S.C._Braga_logo.svg.png,0,,,,,,,,https://en.wikipedia.org/wiki/2026_FIFA_World_Cup_squads,2026-06-11T04:21:10+00:00
F,Sweden,3,DF,Victor Lindelöf,1994-07-17,31,76,3,Aston Villa,England,https://upload.wikimedia.org/wikipedia/en/thumb/9/9a/Aston_Villa_FC_new_crest.svg/250px-Aston_Villa_FC_new_crest.svg.png,0,,,,,,,,https://en.wikipedia.org/wiki/2026_FIFA_World_Cup_squads,2026-06-11T04:21:10+00:00
F,Sweden,4,DF,Isak Hien,1999-01-13,27,29,0,Atalanta,Italy,https://upload.wikimedia.org/wikipedia/en/thumb/f/f2/Atalanta_BC_new_logo.svg/250px-Atalanta_BC_new_logo.svg.png,0,,,,,,,,https://en.wikipedia.org/wiki/2026_FIFA_World_Cup_squads,2026-06-11T04:21:10+00:00
F,Sweden,5,DF,Gabriel Gudmundsson,1999-04-29,27,24,0,Leeds United,England,https://upload.wikimedia.org/wikipedia/en/thumb/5/54/Leeds_United_F.C._logo.svg/250px-Leeds_United_F.C._logo.svg.png,0,,,,,,,,https://en.wikipedia.org/wiki/2026_FIFA_World_Cup_squads,2026-06-11T04:21:10+00:00
F,Sweden,6,DF,Herman Johansson,1997-10-16,28,3,0,FC Dallas,the United States,https://upload.wikimedia.org/wikipedia/en/thumb/c/c9/FC_Dallas_logo.svg/250px-FC_Dallas_logo.svg.png,0,,,,,,,,https://en.wikipedia.org/wiki/2026_FIFA_World_Cup_squads,2026-06-11T04:21:10+00:00
F,Sweden,7,MF,Lucas Bergvall,2006-02-02,20,10,0,Tottenham Hotspur,England,https://upload.wikimedia.org/wikipedia/en/thumb/b/b4/Tottenham_Hotspur.svg/250px-Tottenham_Hotspur.svg.png,0,,,,,,,,https://en.wikipedia.org/wiki/2026_FIFA_World_Cup_squads,2026-06-11T04:21:10+00:00
F,Sweden,8,DF,Daniel Svensson,2002-02-12,24,13,0,Borussia Dortmund,Germany,https://upload.wikimedia.org/wikipedia/commons/thumb/6/67/Borussia_Dortmund_logo.svg/250px-Borussia_Dortmund_logo.svg.png,0,,,,,,,,https://en.wikipedia.org/wiki/2026_FIFA_World_Cup_squads,2026-06-11T04:21:10+00:00
F,Sweden,9,FW,Alexander Isak,1999-09-21,26,58,17,Liverpool,England,https://upload.wikimedia.org/wikipedia/en/thumb/0/0c/Liverpool_FC.svg/250px-Liverpool_FC.svg.png,0,,,,,,,,https://en.wikipedia.org/wiki/2026_FIFA_World_Cup_squads,2026-06-11T04:21:10+00:00
F,Sweden,10,MF,Benjamin Nygren,2001-07-08,24,11,3,Celtic,Scotland,https://upload.wikimedia.org/wikipedia/en/thumb/7/71/Celtic_FC_crest.svg/250px-Celtic_FC_crest.svg.png,0,,,,,,,,https://en.wikipedia.org/wiki/2026_FIFA_World_Cup_squads,2026-06-11T04:21:10+00:00
F,Sweden,11,FW,Anthony Elanga,2002-04-27,24,30,6,Newcastle United,England,https://upload.wikimedia.org/wikipedia/en/thumb/5/56/Newcastle_United_Logo.svg/250px-Newcastle_United_Logo.svg.png,0,,,,,,,,https://en.wikipedia.org/wiki/2026_FIFA_World_Cup_squads,2026-06-11T04:21:10+00:00
F,Sweden,12,GK,Viktor Johansson,1998-09-14,27,12,0,Stoke City,England,https://upload.wikimedia.org/wikipedia/en/thumb/5/5e/Stoke_City_FC_crest_2001.svg/250px-Stoke_City_FC_crest_2001.svg.png,0,,,,,,,,https://en.wikipedia.org/wiki/2026_FIFA_World_Cup_squads,2026-06-11T04:21:10+00:00
F,Sweden,13,MF,Ken Sema,1993-09-30,32,33,5,Pafos,Cyprus,https://upload.wikimedia.org/wikipedia/en/thumb/9/9b/Pafos_FC_crest.svg/250px-Pafos_FC_crest.svg.png,0,,,,,,,,https://en.wikipedia.org/wiki/2026_FIFA_World_Cup_squads,2026-06-11T04:21:10+00:00
F,Sweden,14,DF,Hjalmar Ekdal,1998-10-21,27,13,0,Burnley,England,https://upload.wikimedia.org/wikipedia/en/thumb/6/6d/Burnley_FC_Logo.svg/250px-Burnley_FC_Logo.svg.png,0,,,,,,,,https://en.wikipedia.org/wiki/2026_FIFA_World_Cup_squads,2026-06-11T04:21:10+00:00
F,Sweden,15,DF,Carl Starfelt,1995-06-01,31,18,0,Celta Vigo,Spain,https://upload.wikimedia.org/wikipedia/en/thumb/1/12/RC_Celta_de_Vigo_logo.svg/250px-RC_Celta_de_Vigo_logo.svg.png,0,,,,,,,,https://en.wikipedia.org/wiki/2026_FIFA_World_Cup_squads,2026-06-11T04:21:10+00:00
F,Sweden,16,MF,Jesper Karlström,1995-06-21,30,25,0,Udinese,Italy,https://upload.wikimedia.org/wikipedia/en/thumb/c/ce/Udinese_Calcio_logo.svg/250px-Udinese_Calcio_logo.svg.png,0,,,,,,,,https://en.wikipedia.org/wiki/2026_FIFA_World_Cup_squads,2026-06-11T04:21:10+00:00
F,Sweden,17,FW,Viktor Gyökeres,1998-06-04,28,33,20,Arsenal,England,https://upload.wikimedia.org/wikipedia/en/thumb/5/53/Arsenal_FC.svg/250px-Arsenal_FC.svg.png,0,,,,,,,,https://en.wikipedia.org/wiki/2026_FIFA_World_Cup_squads,2026-06-11T04:21:10+00:00
F,Sweden,18,MF,Yasin Ayari,2003-10-06,22,21,3,Brighton & Hove Albion,England,https://upload.wikimedia.org/wikipedia/en/thumb/d/d0/Brighton_and_Hove_Albion_FC_crest.svg/250px-Brighton_and_Hove_Albion_FC_crest.svg.png,0,,,,,,,,https://en.wikipedia.org/wiki/2026_FIFA_World_Cup_squads,2026-06-11T04:21:10+00:00
F,Sweden,19,MF,Mattias Svanberg,1999-01-05,27,41,2,VfL Wolfsburg,Germany,https://upload.wikimedia.org/wikipedia/commons/thumb/c/c5/VfL_Wolfsburg_logo_2026.svg/250px-VfL_Wolfsburg_logo_2026.svg.png,0,,,,,,,,https://en.wikipedia.org/wiki/2026_FIFA_World_Cup_squads,2026-06-11T04:21:10+00:00
F,Sweden,20,DF,Eric Smith,1997-01-08,29,2,0,FC St. Pauli,Germany,https://upload.wikimedia.org/wikipedia/en/thumb/8/8f/FC_St._Pauli_logo_%282018%29.svg/250px-FC_St._Pauli_logo_%282018%29.svg.png,0,,,,,,,,https://en.wikipedia.org/wiki/2026_FIFA_World_Cup_squads,2026-06-11T04:21:10+00:00
F,Sweden,21,DF,Alexander Bernhardsson,1998-09-08,27,11,0,Holstein Kiel,Germany,https://upload.wikimedia.org/wikipedia/commons/thumb/3/30/Holstein_Kiel_Logo.svg/250px-Holstein_Kiel_Logo.svg.png,0,,,,,,,,https://en.wikipedia.org/wiki/2026_FIFA_World_Cup_squads,2026-06-11T04:21:10+00:00
F,Sweden,22,MF,Besfort Zeneli,2002-11-21,23,8,0,Union Saint-Gilloise,Belgium,https://upload.wikimedia.org/wikipedia/en/thumb/1/11/Royale_Union_Saint-Gilloise_logo.svg/250px-Royale_Union_Saint-Gilloise_logo.svg.png,0,,,,,,,,https://en.wikipedia.org/wiki/2026_FIFA_World_Cup_squads,2026-06-11T04:21:10+00:00
F,Sweden,23,GK,Kristoffer Nordfeldt,1989-06-23,36,21,0,AIK,Sweden,https://upload.wikimedia.org/wikipedia/en/thumb/8/81/AIK_Fotboll_%28shield%29.svg/250px-AIK_Fotboll_%28shield%29.svg.png,0,,,,,,,,https://en.wikipedia.org/wiki/2026_FIFA_World_Cup_squads,2026-06-11T04:21:10+00:00
F,Sweden,24,DF,Elliot Stroud,2002-06-22,23,1,0,Mjällby AIF,Sweden,https://upload.wikimedia.org/wikipedia/en/thumb/a/a5/Mjallby_AIF_logo.svg/250px-Mjallby_AIF_logo.svg.png,0,,,,,,,,https://en.wikipedia.org/wiki/2026_FIFA_World_Cup_squads,2026-06-11T04:21:10+00:00
F,Sweden,25,FW,Gustaf Nilsson,1997-05-23,29,10,4,Club Brugge,Belgium,https://upload.wikimedia.org/wikipedia/en/thumb/d/d0/Club_Brugge_KV_logo.svg/250px-Club_Brugge_KV_logo.svg.png,0,,,,,,,,https://en.wikipedia.org/wiki/2026_FIFA_World_Cup_squads,2026-06-11T04:21:10+00:00
F,Sweden,26,FW,Taha Ali,1998-07-01,27,2,0,Malmö FF,Sweden,https://upload.wikimedia.org/wikipedia/commons/thumb/e/ef/Malmo_FF_logo.svg/250px-Malmo_FF_logo.svg.png,0,,,,,,,,https://en.wikipedia.org/wiki/2026_FIFA_World_Cup_squads,2026-06-11T04:21:10+00:00
F,Tunisia,1,GK,Mouhib Chamakh,2001-08-25,24,2,0,Club Africain,Tunisia,https://upload.wikimedia.org/wikipedia/commons/a/ac/Club_africain.logo.png,0,,,,,,,,https://en.wikipedia.org/wiki/2026_FIFA_World_Cup_squads,2026-06-11T04:21:10+00:00
F,Tunisia,2,DF,Ali Abdi,1993-12-20,32,46,7,Nice,France,https://upload.wikimedia.org/wikipedia/en/thumb/2/2e/OGC_Nice_logo.svg/250px-OGC_Nice_logo.svg.png,0,,,,,,,,https://en.wikipedia.org/wiki/2026_FIFA_World_Cup_squads,2026-06-11T04:21:10+00:00
F,Tunisia,3,DF,Montassar Talbi,1998-05-26,28,64,4,Lorient,France,https://upload.wikimedia.org/wikipedia/en/thumb/4/4c/FC_Lorient_logo.svg/250px-FC_Lorient_logo.svg.png,0,,,,,,,,https://en.wikipedia.org/wiki/2026_FIFA_World_Cup_squads,2026-06-11T04:21:10+00:00
F,Tunisia,4,DF,Omar Rekik,2001-12-20,24,6,0,Maribor,Slovenia,https://upload.wikimedia.org/wikipedia/en/thumb/e/ee/NK_Maribor.svg/250px-NK_Maribor.svg.png,0,,,,,,,,https://en.wikipedia.org/wiki/2026_FIFA_World_Cup_squads,2026-06-11T04:21:10+00:00
F,Tunisia,5,DF,Adem Arous,2004-07-17,21,2,0,Kasımpaşa,Turkey,https://upload.wikimedia.org/wikipedia/en/thumb/1/18/Kasimpasa_logo.svg/250px-Kasimpasa_logo.svg.png,0,,,,,,,,https://en.wikipedia.org/wiki/2026_FIFA_World_Cup_squads,2026-06-11T04:21:10+00:00
F,Tunisia,6,DF,Dylan Bronn,1995-06-19,30,52,2,Servette,Switzerland,https://upload.wikimedia.org/wikipedia/en/thumb/f/f4/Servette_FC_crest.svg/250px-Servette_FC_crest.svg.png,0,,,,,,,,https://en.wikipedia.org/wiki/2026_FIFA_World_Cup_squads,2026-06-11T04:21:10+00:00
F,Tunisia,7,FW,Elias Achouri,1999-02-10,27,30,4,Copenhagen,Denmark,https://upload.wikimedia.org/wikipedia/en/thumb/2/26/FC_Copenhagen_logo.svg/250px-FC_Copenhagen_logo.svg.png,0,,,,,,,,https://en.wikipedia.org/wiki/2026_FIFA_World_Cup_squads,2026-06-11T04:21:10+00:00
F,Tunisia,8,FW,Elias Saad,1999-12-27,26,15,4,Hannover 96,Germany,https://upload.wikimedia.org/wikipedia/commons/thumb/c/cd/Hannover_96_Logo.svg/250px-Hannover_96_Logo.svg.png,0,,,,,,,,https://en.wikipedia.org/wiki/2026_FIFA_World_Cup_squads,2026-06-11T04:21:10+00:00
F,Tunisia,9,FW,Hazem Mastouri,1997-06-18,28,19,4,Dynamo Makhachkala,Russia,https://upload.wikimedia.org/wikipedia/en/thumb/8/86/FC_Dynamo_Makhachkala_logo.svg/250px-FC_Dynamo_Makhachkala_logo.svg.png,0,,,,,,,,https://en.wikipedia.org/wiki/2026_FIFA_World_Cup_squads,2026-06-11T04:21:10+00:00
F,Tunisia,10,MF,Hannibal Mejbri,2003-01-21,23,45,1,Burnley,England,https://upload.wikimedia.org/wikipedia/en/thumb/6/6d/Burnley_FC_Logo.svg/250px-Burnley_FC_Logo.svg.png,0,,,,,,,,https://en.wikipedia.org/wiki/2026_FIFA_World_Cup_squads,2026-06-11T04:21:10+00:00
F,Tunisia,11,MF,Ismaël Gharbi,2004-04-10,22,17,2,FC Augsburg,Germany,https://upload.wikimedia.org/wikipedia/en/thumb/c/c5/FC_Augsburg_logo.svg/250px-FC_Augsburg_logo.svg.png,0,,,,,,,,https://en.wikipedia.org/wiki/2026_FIFA_World_Cup_squads,2026-06-11T04:21:10+00:00
F,Tunisia,12,DF,Mortadha Ben Ouanes,1994-07-02,31,18,0,Kasımpaşa,Turkey,https://upload.wikimedia.org/wikipedia/en/thumb/1/18/Kasimpasa_logo.svg/250px-Kasimpasa_logo.svg.png,0,,,,,,,,https://en.wikipedia.org/wiki/2026_FIFA_World_Cup_squads,2026-06-11T04:21:10+00:00
F,Tunisia,13,MF,Rani Khedira,1994-01-27,32,3,0,Union Berlin,Germany,https://upload.wikimedia.org/wikipedia/commons/thumb/4/44/1._FC_Union_Berlin_Logo.svg/330px-1._FC_Union_Berlin_Logo.svg.png,0,,,,,,,,https://en.wikipedia.org/wiki/2026_FIFA_World_Cup_squads,2026-06-11T04:21:10+00:00
F,Tunisia,14,MF,Khalil Ayari,2005-02-02,21,4,0,Paris Saint-Germain,France,https://upload.wikimedia.org/wikipedia/en/thumb/a/a7/Paris_Saint-Germain_F.C..svg/250px-Paris_Saint-Germain_F.C..svg.png,0,,,,,,,,https://en.wikipedia.org/wiki/2026_FIFA_World_Cup_squads,2026-06-11T04:21:10+00:00
F,Tunisia,15,MF,Hadj Mahmoud,2000-04-24,26,9,0,Lugano,Switzerland,https://upload.wikimedia.org/wikipedia/commons/thumb/1/1c/Logo_FC_Lugano_2025.svg/250px-Logo_FC_Lugano_2025.svg.png,0,,,,,,,,https://en.wikipedia.org/wiki/2026_FIFA_World_Cup_squads,2026-06-11T04:21:10+00:00
F,Tunisia,16,GK,Aymen Dahmen,1997-01-28,29,37,0,CS Sfaxien,Tunisia,https://upload.wikimedia.org/wikipedia/en/thumb/1/17/CS_Sfaxien_logo.svg/250px-CS_Sfaxien_logo.svg.png,0,,,,,,,,https://en.wikipedia.org/wiki/2026_FIFA_World_Cup_squads,2026-06-11T04:21:10+00:00
F,Tunisia,17,MF,Ellyes Skhiri,1995-05-10,31,83,4,Eintracht Frankfurt,Germany,https://upload.wikimedia.org/wikipedia/en/thumb/7/7e/Eintracht_Frankfurt_crest.svg/250px-Eintracht_Frankfurt_crest.svg.png,0,,,,,,,,https://en.wikipedia.org/wiki/2026_FIFA_World_Cup_squads,2026-06-11T04:21:10+00:00
F,Tunisia,18,FW,Rayan Elloumi,2007-09-17,18,4,0,Vancouver Whitecaps FC,Canada,https://upload.wikimedia.org/wikipedia/commons/thumb/7/7c/Vancouver_Whitecaps_logo.svg/250px-Vancouver_Whitecaps_logo.svg.png,0,,,,,,,,https://en.wikipedia.org/wiki/2026_FIFA_World_Cup_squads,2026-06-11T04:21:10+00:00
F,Tunisia,19,FW,Firas Chaouat,1996-05-08,30,30,6,Club Africain,Tunisia,https://upload.wikimedia.org/wikipedia/commons/a/ac/Club_africain.logo.png,0,,,,,,,,https://en.wikipedia.org/wiki/2026_FIFA_World_Cup_squads,2026-06-11T04:21:10+00:00
F,Tunisia,20,DF,Yan Valery,1999-02-22,27,22,0,Young Boys,Switzerland,https://upload.wikimedia.org/wikipedia/commons/thumb/c/c2/BSC_Young_Boys.svg/250px-BSC_Young_Boys.svg.png,0,,,,,,,,https://en.wikipedia.org/wiki/2026_FIFA_World_Cup_squads,2026-06-11T04:21:10+00:00
F,Tunisia,21,DF,Mohamed Amine Ben Hamida,1995-12-15,30,13,0,Espérance de Tunis,Tunisia,https://upload.wikimedia.org/wikipedia/en/thumb/f/fb/Esp%C3%A9rance_Sportive_de_Tunis_logo.png/250px-Esp%C3%A9rance_Sportive_de_Tunis_logo.png,0,,,,,,,,https://en.wikipedia.org/wiki/2026_FIFA_World_Cup_squads,2026-06-11T04:21:10+00:00
F,Tunisia,22,GK,Sabri Ben Hessen,1996-06-13,29,2,0,Étoile du Sahel,Tunisia,https://upload.wikimedia.org/wikipedia/en/thumb/e/eb/Logo_Etoile_du_Sahel.svg/250px-Logo_Etoile_du_Sahel.svg.png,0,,,,,,,,https://en.wikipedia.org/wiki/2026_FIFA_World_Cup_squads,2026-06-11T04:21:10+00:00
F,Tunisia,23,DF,Moutaz Neffati,2004-09-04,21,5,0,IFK Norrköping,Sweden,https://upload.wikimedia.org/wikipedia/commons/thumb/0/0f/IFK_Norrkoping_logo.svg/250px-IFK_Norrkoping_logo.svg.png,0,,,,,,,,https://en.wikipedia.org/wiki/2026_FIFA_World_Cup_squads,2026-06-11T04:21:10+00:00
F,Tunisia,24,DF,Raed Chikhaoui,2004-06-09,22,0,0,US Monastir,Tunisia,https://upload.wikimedia.org/wikipedia/commons/thumb/6/62/Usm_logo_1923.png/250px-Usm_logo_1923.png,0,,,,,,,,https://en.wikipedia.org/wiki/2026_FIFA_World_Cup_squads,2026-06-11T04:21:10+00:00
F,Tunisia,25,MF,Anis Ben Slimane,2001-03-16,25,41,4,Norwich City,England,https://upload.wikimedia.org/wikipedia/en/thumb/1/17/Norwich_City_FC_logo.svg/250px-Norwich_City_FC_logo.svg.png,0,,,,,,,,https://en.wikipedia.org/wiki/2026_FIFA_World_Cup_squads,2026-06-11T04:21:10+00:00
F,Tunisia,26,MF,Sebastian Tounekti,2002-07-13,23,12,1,Celtic,Scotland,https://upload.wikimedia.org/wikipedia/en/thumb/7/71/Celtic_FC_crest.svg/250px-Celtic_FC_crest.svg.png,0,,,,,,,,https://en.wikipedia.org/wiki/2026_FIFA_World_Cup_squads,2026-06-11T04:21:10+00:00
G,Belgium,1,GK,Thibaut Courtois,1992-05-11,34,109,0,Real Madrid,Spain,https://upload.wikimedia.org/wikipedia/en/thumb/5/56/Real_Madrid_CF.svg/250px-Real_Madrid_CF.svg.png,2,"2022, 2023",https://en.wikipedia.org/wiki/FIFPRO_World_11,,,,,,https://en.wikipedia.org/wiki/2026_FIFA_World_Cup_squads,2026-06-11T04:21:10+00:00
G,Belgium,2,DF,Zeno Debast,2003-10-24,22,26,1,Sporting CP,Portugal,https://upload.wikimedia.org/wikipedia/en/thumb/9/95/Sporting_CP_crest.svg/250px-Sporting_CP_crest.svg.png,0,,,,,,,,https://en.wikipedia.org/wiki/2026_FIFA_World_Cup_squads,2026-06-11T04:21:10+00:00
G,Belgium,3,DF,Arthur Theate,2000-05-25,26,33,1,Eintracht Frankfurt,Germany,https://upload.wikimedia.org/wikipedia/en/thumb/7/7e/Eintracht_Frankfurt_crest.svg/250px-Eintracht_Frankfurt_crest.svg.png,0,,,,,,,,https://en.wikipedia.org/wiki/2026_FIFA_World_Cup_squads,2026-06-11T04:21:10+00:00
G,Belgium,4,DF,Brandon Mechele,1993-01-28,33,9,1,Club Brugge,Belgium,https://upload.wikimedia.org/wikipedia/en/thumb/d/d0/Club_Brugge_KV_logo.svg/250px-Club_Brugge_KV_logo.svg.png,0,,,,,,,,https://en.wikipedia.org/wiki/2026_FIFA_World_Cup_squads,2026-06-11T04:21:10+00:00
G,Belgium,5,DF,Maxim De Cuyper,2000-12-22,25,19,4,Brighton & Hove Albion,England,https://upload.wikimedia.org/wikipedia/en/thumb/d/d0/Brighton_and_Hove_Albion_FC_crest.svg/250px-Brighton_and_Hove_Albion_FC_crest.svg.png,0,,,,,,,,https://en.wikipedia.org/wiki/2026_FIFA_World_Cup_squads,2026-06-11T04:21:10+00:00
G,Belgium,6,MF,Axel Witsel,1989-01-12,37,138,12,Girona,Spain,https://upload.wikimedia.org/wikipedia/en/thumb/f/f7/Girona_FC_Logo.svg/250px-Girona_FC_Logo.svg.png,0,,,,,,,,https://en.wikipedia.org/wiki/2026_FIFA_World_Cup_squads,2026-06-11T04:21:10+00:00
G,Belgium,7,MF,Kevin De Bruyne,1991-06-28,34,119,37,Napoli,Italy,https://upload.wikimedia.org/wikipedia/commons/thumb/4/4d/SSC_Napoli_2025_%28white_and_azure%29.svg/250px-SSC_Napoli_2025_%28white_and_azure%29.svg.png,5,"2020, 2021, 2022, 2023, 2024",https://en.wikipedia.org/wiki/FIFPRO_World_11,,,,,,https://en.wikipedia.org/wiki/2026_FIFA_World_Cup_squads,2026-06-11T04:21:10+00:00
G,Belgium,8,MF,Youri Tielemans,1997-05-07,29,85,13,Aston Villa,England,https://upload.wikimedia.org/wikipedia/en/thumb/9/9a/Aston_Villa_FC_new_crest.svg/250px-Aston_Villa_FC_new_crest.svg.png,0,,,,,,,,https://en.wikipedia.org/wiki/2026_FIFA_World_Cup_squads,2026-06-11T04:21:10+00:00
G,Belgium,9,FW,Romelu Lukaku,1993-05-13,33,126,90,Napoli,Italy,https://upload.wikimedia.org/wikipedia/commons/thumb/4/4d/SSC_Napoli_2025_%28white_and_azure%29.svg/250px-SSC_Napoli_2025_%28white_and_azure%29.svg.png,0,,,,,,,,https://en.wikipedia.org/wiki/2026_FIFA_World_Cup_squads,2026-06-11T04:21:10+00:00
G,Belgium,10,FW,Leandro Trossard,1994-12-04,31,51,12,Arsenal,England,https://upload.wikimedia.org/wikipedia/en/thumb/5/53/Arsenal_FC.svg/250px-Arsenal_FC.svg.png,0,,,,,,,,https://en.wikipedia.org/wiki/2026_FIFA_World_Cup_squads,2026-06-11T04:21:10+00:00
G,Belgium,11,FW,Jérémy Doku,2002-05-27,24,43,7,Manchester City,England,https://upload.wikimedia.org/wikipedia/en/thumb/e/eb/Manchester_City_FC_badge.svg/250px-Manchester_City_FC_badge.svg.png,0,,,,,,,,https://en.wikipedia.org/wiki/2026_FIFA_World_Cup_squads,2026-06-11T04:21:10+00:00
G,Belgium,12,GK,Senne Lammens,2002-07-07,23,2,0,Manchester United,England,https://upload.wikimedia.org/wikipedia/en/thumb/7/7a/Manchester_United_FC_crest.svg/250px-Manchester_United_FC_crest.svg.png,0,,,,,,,,https://en.wikipedia.org/wiki/2026_FIFA_World_Cup_squads,2026-06-11T04:21:10+00:00
G,Belgium,13,GK,Mike Penders,2005-07-31,20,0,0,Strasbourg,France,https://upload.wikimedia.org/wikipedia/en/thumb/8/80/Racing_Club_de_Strasbourg_logo.svg/250px-Racing_Club_de_Strasbourg_logo.svg.png,0,,,,,,,,https://en.wikipedia.org/wiki/2026_FIFA_World_Cup_squads,2026-06-11T04:21:10+00:00
G,Belgium,14,FW,Dodi Lukébakio,1997-09-24,28,30,6,Benfica,Portugal,https://upload.wikimedia.org/wikipedia/en/thumb/a/a2/SL_Benfica_logo.svg/250px-SL_Benfica_logo.svg.png,0,,,,,,,,https://en.wikipedia.org/wiki/2026_FIFA_World_Cup_squads,2026-06-11T04:21:10+00:00
G,Belgium,15,DF,Thomas Meunier,1991-09-12,34,80,10,Lille,France,https://upload.wikimedia.org/wikipedia/en/thumb/3/3f/Lille_OSC_2018_logo.svg/250px-Lille_OSC_2018_logo.svg.png,0,,,,,,,,https://en.wikipedia.org/wiki/2026_FIFA_World_Cup_squads,2026-06-11T04:21:10+00:00
G,Belgium,16,DF,Koni De Winter,2002-06-12,23,8,0,Milan,Italy,https://upload.wikimedia.org/wikipedia/commons/thumb/d/d0/Logo_of_AC_Milan.svg/250px-Logo_of_AC_Milan.svg.png,0,,,,,,,,https://en.wikipedia.org/wiki/2026_FIFA_World_Cup_squads,2026-06-11T04:21:10+00:00
G,Belgium,17,FW,Charles De Ketelaere,2001-03-10,25,30,6,Atalanta,Italy,https://upload.wikimedia.org/wikipedia/en/thumb/f/f2/Atalanta_BC_new_logo.svg/250px-Atalanta_BC_new_logo.svg.png,0,,,,,,,,https://en.wikipedia.org/wiki/2026_FIFA_World_Cup_squads,2026-06-11T04:21:10+00:00
G,Belgium,18,DF,Joaquin Seys,2005-03-28,21,5,0,Club Brugge,Belgium,https://upload.wikimedia.org/wikipedia/en/thumb/d/d0/Club_Brugge_KV_logo.svg/250px-Club_Brugge_KV_logo.svg.png,0,,,,,,,,https://en.wikipedia.org/wiki/2026_FIFA_World_Cup_squads,2026-06-11T04:21:10+00:00
G,Belgium,19,MF,Diego Moreira,2004-08-06,21,3,0,Strasbourg,France,https://upload.wikimedia.org/wikipedia/en/thumb/8/80/Racing_Club_de_Strasbourg_logo.svg/250px-Racing_Club_de_Strasbourg_logo.svg.png,0,,,,,,,,https://en.wikipedia.org/wiki/2026_FIFA_World_Cup_squads,2026-06-11T04:21:10+00:00
G,Belgium,20,MF,Hans Vanaken,1992-08-24,33,34,7,Club Brugge,Belgium,https://upload.wikimedia.org/wikipedia/en/thumb/d/d0/Club_Brugge_KV_logo.svg/250px-Club_Brugge_KV_logo.svg.png,0,,,,,,,,https://en.wikipedia.org/wiki/2026_FIFA_World_Cup_squads,2026-06-11T04:21:10+00:00
G,Belgium,21,DF,Timothy Castagne,1995-12-05,30,63,2,Fulham,England,https://upload.wikimedia.org/wikipedia/en/thumb/e/eb/Fulham_FC_%28shield%29.svg/250px-Fulham_FC_%28shield%29.svg.png,0,,,,,,,,https://en.wikipedia.org/wiki/2026_FIFA_World_Cup_squads,2026-06-11T04:21:10+00:00
G,Belgium,22,MF,Alexis Saelemaekers,1999-06-27,26,24,2,Milan,Italy,https://upload.wikimedia.org/wikipedia/commons/thumb/d/d0/Logo_of_AC_Milan.svg/250px-Logo_of_AC_Milan.svg.png,0,,,,,,,,https://en.wikipedia.org/wiki/2026_FIFA_World_Cup_squads,2026-06-11T04:21:10+00:00
G,Belgium,23,MF,Nicolas Raskin,2001-02-23,25,13,2,Rangers,Scotland,https://upload.wikimedia.org/wikipedia/en/thumb/4/43/Rangers_FC.svg/250px-Rangers_FC.svg.png,0,,,,,,,,https://en.wikipedia.org/wiki/2026_FIFA_World_Cup_squads,2026-06-11T04:21:10+00:00
G,Belgium,24,MF,Amadou Onana,2001-08-16,24,29,1,Aston Villa,England,https://upload.wikimedia.org/wikipedia/en/thumb/9/9a/Aston_Villa_FC_new_crest.svg/250px-Aston_Villa_FC_new_crest.svg.png,0,,,,,,,,https://en.wikipedia.org/wiki/2026_FIFA_World_Cup_squads,2026-06-11T04:21:10+00:00
G,Belgium,25,DF,Nathan Ngoy,2003-06-10,23,4,0,Lille,France,https://upload.wikimedia.org/wikipedia/en/thumb/3/3f/Lille_OSC_2018_logo.svg/250px-Lille_OSC_2018_logo.svg.png,0,,,,,,,,https://en.wikipedia.org/wiki/2026_FIFA_World_Cup_squads,2026-06-11T04:21:10+00:00
G,Belgium,26,FW,Matias Fernandez-Pardo,2005-02-03,21,2,0,Lille,France,https://upload.wikimedia.org/wikipedia/en/thumb/3/3f/Lille_OSC_2018_logo.svg/250px-Lille_OSC_2018_logo.svg.png,0,,,,,,,,https://en.wikipedia.org/wiki/2026_FIFA_World_Cup_squads,2026-06-11T04:21:10+00:00
G,Egypt,1,GK,Mohamed El Shenawy,1988-12-18,37,76,0,Al Ahly,Egypt,https://upload.wikimedia.org/wikipedia/en/thumb/7/70/Al_Ahly_SC_logo.svg/250px-Al_Ahly_SC_logo.svg.png,0,,,,,,,,https://en.wikipedia.org/wiki/2026_FIFA_World_Cup_squads,2026-06-11T04:21:10+00:00
G,Egypt,2,DF,Yasser Ibrahim,1993-02-10,33,17,1,Al Ahly,Egypt,https://upload.wikimedia.org/wikipedia/en/thumb/7/70/Al_Ahly_SC_logo.svg/250px-Al_Ahly_SC_logo.svg.png,0,,,,,,,,https://en.wikipedia.org/wiki/2026_FIFA_World_Cup_squads,2026-06-11T04:21:10+00:00
G,Egypt,3,DF,Mohamed Hany,1996-02-02,30,42,0,Al Ahly,Egypt,https://upload.wikimedia.org/wikipedia/en/thumb/7/70/Al_Ahly_SC_logo.svg/250px-Al_Ahly_SC_logo.svg.png,0,,,,,,,,https://en.wikipedia.org/wiki/2026_FIFA_World_Cup_squads,2026-06-11T04:21:10+00:00
G,Egypt,4,DF,Hossam Abdelmaguid,2001-04-30,25,13,0,Zamalek,Egypt,https://upload.wikimedia.org/wikipedia/en/thumb/e/ef/Zamalek_SC_logo.svg/250px-Zamalek_SC_logo.svg.png,0,,,,,,,,https://en.wikipedia.org/wiki/2026_FIFA_World_Cup_squads,2026-06-11T04:21:10+00:00
G,Egypt,5,DF,Ramy Rabia,1993-05-20,33,44,5,Al Ain,the United Arab Emirates,https://upload.wikimedia.org/wikipedia/en/thumb/6/62/Al_Ain_FC_logo_2024.png/250px-Al_Ain_FC_logo_2024.png,0,,,,,,,,https://en.wikipedia.org/wiki/2026_FIFA_World_Cup_squads,2026-06-11T04:21:10+00:00
G,Egypt,6,DF,Mohamed Abdelmonem,1999-02-01,27,36,3,Nice,France,https://upload.wikimedia.org/wikipedia/en/thumb/2/2e/OGC_Nice_logo.svg/250px-OGC_Nice_logo.svg.png,0,,,,,,,,https://en.wikipedia.org/wiki/2026_FIFA_World_Cup_squads,2026-06-11T04:21:10+00:00
G,Egypt,7,FW,Trézéguet,1994-10-01,31,96,23,Al Ahly,Egypt,https://upload.wikimedia.org/wikipedia/en/thumb/7/70/Al_Ahly_SC_logo.svg/250px-Al_Ahly_SC_logo.svg.png,0,,,,,,,,https://en.wikipedia.org/wiki/2026_FIFA_World_Cup_squads,2026-06-11T04:21:10+00:00
G,Egypt,8,MF,Emam Ashour,1998-02-20,28,29,0,Al Ahly,Egypt,https://upload.wikimedia.org/wikipedia/en/thumb/7/70/Al_Ahly_SC_logo.svg/250px-Al_Ahly_SC_logo.svg.png,0,,,,,,,,https://en.wikipedia.org/wiki/2026_FIFA_World_Cup_squads,2026-06-11T04:21:10+00:00
G,Egypt,9,FW,Hamza Abdelkarim,2008-01-01,18,2,0,Barcelona B,Spain,https://upload.wikimedia.org/wikipedia/en/thumb/4/47/FC_Barcelona_%28crest%29.svg/250px-FC_Barcelona_%28crest%29.svg.png,0,,,,,,,,https://en.wikipedia.org/wiki/2026_FIFA_World_Cup_squads,2026-06-11T04:21:10+00:00
G,Egypt,10,FW,Mohamed Salah,1992-06-15,33,116,67,Liverpool,England,https://upload.wikimedia.org/wikipedia/en/thumb/0/0c/Liverpool_FC.svg/250px-Liverpool_FC.svg.png,0,,,,,,,,https://en.wikipedia.org/wiki/2026_FIFA_World_Cup_squads,2026-06-11T04:21:10+00:00
G,Egypt,11,MF,Mostafa Ziko,1997-04-27,29,2,2,Pyramids,Egypt,https://upload.wikimedia.org/wikipedia/en/thumb/8/87/Pyramids_FC_%282020%29.png/250px-Pyramids_FC_%282020%29.png,0,,,,,,,,https://en.wikipedia.org/wiki/2026_FIFA_World_Cup_squads,2026-06-11T04:21:10+00:00
G,Egypt,12,FW,Haissem Hassan,2002-02-08,24,4,0,Oviedo,Spain,https://upload.wikimedia.org/wikipedia/en/thumb/6/6e/Real_Oviedo_logo.svg/250px-Real_Oviedo_logo.svg.png,0,,,,,,,,https://en.wikipedia.org/wiki/2026_FIFA_World_Cup_squads,2026-06-11T04:21:10+00:00
G,Egypt,13,DF,Ahmed Fatouh,1998-03-22,28,39,1,Zamalek,Egypt,https://upload.wikimedia.org/wikipedia/en/thumb/e/ef/Zamalek_SC_logo.svg/250px-Zamalek_SC_logo.svg.png,0,,,,,,,,https://en.wikipedia.org/wiki/2026_FIFA_World_Cup_squads,2026-06-11T04:21:10+00:00
G,Egypt,14,MF,Hamdy Fathy,1994-09-29,31,63,3,Al-Wakrah,Qatar,https://upload.wikimedia.org/wikipedia/en/thumb/2/26/Al-Wakrah_SC_logo.svg/250px-Al-Wakrah_SC_logo.svg.png,0,,,,,,,,https://en.wikipedia.org/wiki/2026_FIFA_World_Cup_squads,2026-06-11T04:21:10+00:00
G,Egypt,15,DF,Karim Hafez,1996-03-12,30,9,0,Pyramids,Egypt,https://upload.wikimedia.org/wikipedia/en/thumb/8/87/Pyramids_FC_%282020%29.png/250px-Pyramids_FC_%282020%29.png,0,,,,,,,,https://en.wikipedia.org/wiki/2026_FIFA_World_Cup_squads,2026-06-11T04:21:10+00:00
G,Egypt,16,GK,El Mahdy Soliman,1987-06-08,39,0,0,Zamalek,Egypt,https://upload.wikimedia.org/wikipedia/en/thumb/e/ef/Zamalek_SC_logo.svg/250px-Zamalek_SC_logo.svg.png,0,,,,,,,,https://en.wikipedia.org/wiki/2026_FIFA_World_Cup_squads,2026-06-11T04:21:10+00:00
G,Egypt,17,MF,Mohanad Lasheen,1996-05-29,30,23,0,Pyramids,Egypt,https://upload.wikimedia.org/wikipedia/en/thumb/8/87/Pyramids_FC_%282020%29.png/250px-Pyramids_FC_%282020%29.png,0,,,,,,,,https://en.wikipedia.org/wiki/2026_FIFA_World_Cup_squads,2026-06-11T04:21:10+00:00
G,Egypt,18,MF,Nabil Emad,1996-04-06,30,12,0,Al-Najma,Saudi Arabia,https://upload.wikimedia.org/wikipedia/commons/thumb/e/eb/Al-Najmah_SC_Logo.svg/250px-Al-Najmah_SC_Logo.svg.png,0,,,,,,,,https://en.wikipedia.org/wiki/2026_FIFA_World_Cup_squads,2026-06-11T04:21:10+00:00
G,Egypt,19,MF,Marwan Attia,1998-08-01,27,34,1,Al Ahly,Egypt,https://upload.wikimedia.org/wikipedia/en/thumb/7/70/Al_Ahly_SC_logo.svg/250px-Al_Ahly_SC_logo.svg.png,0,,,,,,,,https://en.wikipedia.org/wiki/2026_FIFA_World_Cup_squads,2026-06-11T04:21:10+00:00
G,Egypt,20,FW,Ibrahim Adel,2001-04-23,25,24,3,Nordsjælland,Denmark,https://upload.wikimedia.org/wikipedia/en/thumb/2/23/FC_Nordsj%C3%A6lland_logo.svg/250px-FC_Nordsj%C3%A6lland_logo.svg.png,0,,,,,,,,https://en.wikipedia.org/wiki/2026_FIFA_World_Cup_squads,2026-06-11T04:21:10+00:00
G,Egypt,21,MF,Mahmoud Saber,2001-07-30,24,15,1,ZED,Egypt,https://upload.wikimedia.org/wikipedia/en/3/39/ZED_FC_logo.png,0,,,,,,,,https://en.wikipedia.org/wiki/2026_FIFA_World_Cup_squads,2026-06-11T04:21:10+00:00
G,Egypt,22,FW,Omar Marmoush,1999-02-07,27,49,11,Manchester City,England,https://upload.wikimedia.org/wikipedia/en/thumb/e/eb/Manchester_City_FC_badge.svg/250px-Manchester_City_FC_badge.svg.png,0,,,,,,,,https://en.wikipedia.org/wiki/2026_FIFA_World_Cup_squads,2026-06-11T04:21:10+00:00
G,Egypt,23,GK,Mostafa Shobeir,2000-05-15,26,9,0,Al Ahly,Egypt,https://upload.wikimedia.org/wikipedia/en/thumb/7/70/Al_Ahly_SC_logo.svg/250px-Al_Ahly_SC_logo.svg.png,0,,,,,,,,https://en.wikipedia.org/wiki/2026_FIFA_World_Cup_squads,2026-06-11T04:21:10+00:00
G,Egypt,24,DF,Tarek Alaa,2002-01-05,24,3,0,ZED,Egypt,https://upload.wikimedia.org/wikipedia/en/3/39/ZED_FC_logo.png,0,,,,,,,,https://en.wikipedia.org/wiki/2026_FIFA_World_Cup_squads,2026-06-11T04:21:10+00:00
G,Egypt,25,FW,Zizo,1996-01-10,30,63,5,Al Ahly,Egypt,https://upload.wikimedia.org/wikipedia/en/thumb/7/70/Al_Ahly_SC_logo.svg/250px-Al_Ahly_SC_logo.svg.png,0,,,,,,,,https://en.wikipedia.org/wiki/2026_FIFA_World_Cup_squads,2026-06-11T04:21:10+00:00
G,Egypt,26,GK,Mohamed Alaa,1999-01-01,27,0,0,El Gouna,Egypt,https://upload.wikimedia.org/wikipedia/en/thumb/e/eb/El_Gouna_FC_Logo_2017.png/250px-El_Gouna_FC_Logo_2017.png,0,,,,,,,,https://en.wikipedia.org/wiki/2026_FIFA_World_Cup_squads,2026-06-11T04:21:10+00:00
G,Iran,1,GK,Alireza Beiranvand,1992-09-21,33,86,0,Tractor,Iran,https://upload.wikimedia.org/wikipedia/en/thumb/4/41/Tractor_S.C._Logo.svg/250px-Tractor_S.C._Logo.svg.png,0,,,,,,,,https://en.wikipedia.org/wiki/2026_FIFA_World_Cup_squads,2026-06-11T04:21:10+00:00
G,Iran,2,DF,Saleh Hardani,1998-12-26,27,18,1,Esteghlal,Iran,https://upload.wikimedia.org/wikipedia/en/thumb/5/54/Esteghlal_F.C._Logo.svg/250px-Esteghlal_F.C._Logo.svg.png,0,,,,,,,,https://en.wikipedia.org/wiki/2026_FIFA_World_Cup_squads,2026-06-11T04:21:10+00:00
G,Iran,3,DF,Ehsan Hajsafi,1990-02-25,36,146,7,Sepahan,Iran,https://upload.wikimedia.org/wikipedia/en/thumb/8/80/Sepahan_New_Logo.svg/250px-Sepahan_New_Logo.svg.png,0,,,,,,,,https://en.wikipedia.org/wiki/2026_FIFA_World_Cup_squads,2026-06-11T04:21:10+00:00
G,Iran,4,DF,Shojae Khalilzadeh,1989-05-14,37,58,2,Tractor,Iran,https://upload.wikimedia.org/wikipedia/en/thumb/4/41/Tractor_S.C._Logo.svg/250px-Tractor_S.C._Logo.svg.png,0,,,,,,,,https://en.wikipedia.org/wiki/2026_FIFA_World_Cup_squads,2026-06-11T04:21:10+00:00
G,Iran,5,DF,Milad Mohammadi,1993-09-29,32,76,1,Persepolis,Iran,https://upload.wikimedia.org/wikipedia/en/thumb/0/05/FC_Persepolis_Official_Logo.svg/250px-FC_Persepolis_Official_Logo.svg.png,0,,,,,,,,https://en.wikipedia.org/wiki/2026_FIFA_World_Cup_squads,2026-06-11T04:21:10+00:00
G,Iran,6,MF,Saeid Ezatolahi,1996-10-01,29,83,2,Shabab Al Ahli,the United Arab Emirates,https://upload.wikimedia.org/wikipedia/en/thumb/0/02/Shabab_Al_Ahli_logo.svg/250px-Shabab_Al_Ahli_logo.svg.png,0,,,,,,,,https://en.wikipedia.org/wiki/2026_FIFA_World_Cup_squads,2026-06-11T04:21:10+00:00
G,Iran,7,MF,Alireza Jahanbakhsh,1993-08-11,32,98,17,Dender,Belgium,https://upload.wikimedia.org/wikipedia/en/9/98/FCVDenderEH.png,0,,,,,,,,https://en.wikipedia.org/wiki/2026_FIFA_World_Cup_squads,2026-06-11T04:21:10+00:00
G,Iran,8,MF,Mohammad Mohebi,1998-12-20,27,36,14,Rostov,Russia,https://upload.wikimedia.org/wikipedia/en/thumb/a/a2/FC_Rostov_logo.svg/250px-FC_Rostov_logo.svg.png,0,,,,,,,,https://en.wikipedia.org/wiki/2026_FIFA_World_Cup_squads,2026-06-11T04:21:10+00:00
G,Iran,9,FW,Mehdi Taremi,1992-07-18,33,105,60,Olympiacos,Greece,https://upload.wikimedia.org/wikipedia/en/thumb/a/a2/Olympiacos_FC_crest.svg/250px-Olympiacos_FC_crest.svg.png,0,,,,,,,,https://en.wikipedia.org/wiki/2026_FIFA_World_Cup_squads,2026-06-11T04:21:10+00:00
G,Iran,10,FW,Mehdi Ghayedi,1998-12-05,27,30,10,Al Nasr,the United Arab Emirates,https://upload.wikimedia.org/wikipedia/commons/thumb/a/aa/AL_Nasr_SC_Logo.png/250px-AL_Nasr_SC_Logo.png,0,,,,,,,,https://en.wikipedia.org/wiki/2026_FIFA_World_Cup_squads,2026-06-11T04:21:10+00:00
G,Iran,11,FW,Ali Alipour,1995-11-11,30,14,1,Persepolis,Iran,https://upload.wikimedia.org/wikipedia/en/thumb/0/05/FC_Persepolis_Official_Logo.svg/250px-FC_Persepolis_Official_Logo.svg.png,0,,,,,,,,https://en.wikipedia.org/wiki/2026_FIFA_World_Cup_squads,2026-06-11T04:21:10+00:00
G,Iran,12,GK,Payam Niazmand,1995-04-06,31,15,0,Persepolis,Iran,https://upload.wikimedia.org/wikipedia/en/thumb/0/05/FC_Persepolis_Official_Logo.svg/250px-FC_Persepolis_Official_Logo.svg.png,0,,,,,,,,https://en.wikipedia.org/wiki/2026_FIFA_World_Cup_squads,2026-06-11T04:21:10+00:00
G,Iran,13,DF,Hossein Kanaanizadegan,1994-03-23,32,65,6,Persepolis,Iran,https://upload.wikimedia.org/wikipedia/en/thumb/0/05/FC_Persepolis_Official_Logo.svg/250px-FC_Persepolis_Official_Logo.svg.png,0,,,,,,,,https://en.wikipedia.org/wiki/2026_FIFA_World_Cup_squads,2026-06-11T04:21:10+00:00
G,Iran,14,MF,Saman Ghoddos,1993-09-06,32,68,3,Kalba,the United Arab Emirates,https://upload.wikimedia.org/wikipedia/en/thumb/c/c0/Kalba_FC_logo.png/250px-Kalba_FC_logo.png,0,,,,,,,,https://en.wikipedia.org/wiki/2026_FIFA_World_Cup_squads,2026-06-11T04:21:10+00:00
G,Iran,15,MF,Rouzbeh Cheshmi,1993-07-24,32,40,3,Esteghlal,Iran,https://upload.wikimedia.org/wikipedia/en/thumb/5/54/Esteghlal_F.C._Logo.svg/250px-Esteghlal_F.C._Logo.svg.png,0,,,,,,,,https://en.wikipedia.org/wiki/2026_FIFA_World_Cup_squads,2026-06-11T04:21:10+00:00
G,Iran,16,MF,Mehdi Torabi,1994-09-10,31,52,7,Tractor,Iran,https://upload.wikimedia.org/wikipedia/en/thumb/4/41/Tractor_S.C._Logo.svg/250px-Tractor_S.C._Logo.svg.png,0,,,,,,,,https://en.wikipedia.org/wiki/2026_FIFA_World_Cup_squads,2026-06-11T04:21:10+00:00
G,Iran,17,DF,Aria Yousefi,2002-04-22,24,14,1,Sepahan,Iran,https://upload.wikimedia.org/wikipedia/en/thumb/8/80/Sepahan_New_Logo.svg/250px-Sepahan_New_Logo.svg.png,0,,,,,,,,https://en.wikipedia.org/wiki/2026_FIFA_World_Cup_squads,2026-06-11T04:21:10+00:00
G,Iran,18,FW,Amirhossein Hosseinzadeh,2000-10-30,25,18,5,Tractor,Iran,https://upload.wikimedia.org/wikipedia/en/thumb/4/41/Tractor_S.C._Logo.svg/250px-Tractor_S.C._Logo.svg.png,0,,,,,,,,https://en.wikipedia.org/wiki/2026_FIFA_World_Cup_squads,2026-06-11T04:21:10+00:00
G,Iran,19,DF,Ali Nemati,1996-02-08,30,17,0,Foolad,Iran,https://upload.wikimedia.org/wikipedia/en/thumb/9/99/Foolad_F.C._Logo.svg/250px-Foolad_F.C._Logo.svg.png,0,,,,,,,,https://en.wikipedia.org/wiki/2026_FIFA_World_Cup_squads,2026-06-11T04:21:10+00:00
G,Iran,20,FW,Shahriyar Moghanlou,1994-12-21,31,21,2,Kalba,the United Arab Emirates,https://upload.wikimedia.org/wikipedia/en/thumb/c/c0/Kalba_FC_logo.png/250px-Kalba_FC_logo.png,0,,,,,,,,https://en.wikipedia.org/wiki/2026_FIFA_World_Cup_squads,2026-06-11T04:21:10+00:00
G,Iran,21,MF,Mohammad Ghorbani,2001-10-07,24,16,0,Al Wahda,the United Arab Emirates,https://upload.wikimedia.org/wikipedia/en/thumb/e/ef/Al_Wahda_FC_logo.svg/250px-Al_Wahda_FC_logo.svg.png,0,,,,,,,,https://en.wikipedia.org/wiki/2026_FIFA_World_Cup_squads,2026-06-11T04:21:10+00:00
G,Iran,22,GK,Hossein Hosseini,1992-06-30,33,13,0,Sepahan,Iran,https://upload.wikimedia.org/wikipedia/en/thumb/8/80/Sepahan_New_Logo.svg/250px-Sepahan_New_Logo.svg.png,0,,,,,,,,https://en.wikipedia.org/wiki/2026_FIFA_World_Cup_squads,2026-06-11T04:21:10+00:00
G,Iran,23,DF,Ramin Rezaeian,1990-03-21,36,74,8,Foolad,Iran,https://upload.wikimedia.org/wikipedia/en/thumb/9/99/Foolad_F.C._Logo.svg/250px-Foolad_F.C._Logo.svg.png,0,,,,,,,,https://en.wikipedia.org/wiki/2026_FIFA_World_Cup_squads,2026-06-11T04:21:10+00:00
G,Iran,24,FW,Dennis Eckert,1997-01-09,29,0,0,Standard Liège,Belgium,https://upload.wikimedia.org/wikipedia/en/thumb/7/7e/Standard_Li%C3%A8ge_logo.svg/250px-Standard_Li%C3%A8ge_logo.svg.png,0,,,,,,,,https://en.wikipedia.org/wiki/2026_FIFA_World_Cup_squads,2026-06-11T04:21:10+00:00
G,Iran,25,DF,Danial Eiri,2003-10-26,22,0,0,Malavan,Iran,https://upload.wikimedia.org/wikipedia/en/thumb/c/c3/Malavan_F.C._Logo.svg/250px-Malavan_F.C._Logo.svg.png,0,,,,,,,,https://en.wikipedia.org/wiki/2026_FIFA_World_Cup_squads,2026-06-11T04:21:10+00:00
G,Iran,26,MF,Amirmohammad Razzaghinia,2006-04-11,20,4,0,Esteghlal,Iran,https://upload.wikimedia.org/wikipedia/en/thumb/5/54/Esteghlal_F.C._Logo.svg/250px-Esteghlal_F.C._Logo.svg.png,0,,,,,,,,https://en.wikipedia.org/wiki/2026_FIFA_World_Cup_squads,2026-06-11T04:21:10+00:00
G,New Zealand,1,GK,Max Crocombe,1993-08-12,32,24,0,Millwall,England,https://upload.wikimedia.org/wikipedia/en/thumb/9/98/Millwall_FC_crest.svg/250px-Millwall_FC_crest.svg.png,0,,,,,,,,https://en.wikipedia.org/wiki/2026_FIFA_World_Cup_squads,2026-06-11T04:21:10+00:00
G,New Zealand,2,DF,Tim Payne,1994-01-10,32,51,3,Wellington Phoenix,New Zealand,https://upload.wikimedia.org/wikipedia/en/thumb/d/de/Wellington_Phoenix_FC_logo.svg/250px-Wellington_Phoenix_FC_logo.svg.png,0,,,,,,,,https://en.wikipedia.org/wiki/2026_FIFA_World_Cup_squads,2026-06-11T04:21:10+00:00
G,New Zealand,3,DF,Francis de Vries,1994-11-28,31,20,1,Auckland FC,New Zealand,https://upload.wikimedia.org/wikipedia/commons/thumb/a/aa/Auckland_FC_logo.svg/250px-Auckland_FC_logo.svg.png,0,,,,,,,,https://en.wikipedia.org/wiki/2026_FIFA_World_Cup_squads,2026-06-11T04:21:10+00:00
G,New Zealand,4,DF,Tyler Bindon,2005-01-27,21,25,3,Sheffield United,England,https://upload.wikimedia.org/wikipedia/en/thumb/9/9c/Sheffield_United_FC_logo.svg/250px-Sheffield_United_FC_logo.svg.png,0,,,,,,,,https://en.wikipedia.org/wiki/2026_FIFA_World_Cup_squads,2026-06-11T04:21:10+00:00
G,New Zealand,5,DF,Michael Boxall,1988-08-18,37,63,1,Minnesota United FC,the United States,https://upload.wikimedia.org/wikipedia/en/thumb/e/e8/Minnesota_United_FC_%28MLS%29_Primary_logo.svg/250px-Minnesota_United_FC_%28MLS%29_Primary_logo.svg.png,0,,,,,,,,https://en.wikipedia.org/wiki/2026_FIFA_World_Cup_squads,2026-06-11T04:21:10+00:00
G,New Zealand,6,MF,Joe Bell,1999-04-27,27,32,1,Viking,Norway,https://upload.wikimedia.org/wikipedia/en/thumb/1/13/Viking_FK_logo_2020.svg/250px-Viking_FK_logo_2020.svg.png,0,,,,,,,,https://en.wikipedia.org/wiki/2026_FIFA_World_Cup_squads,2026-06-11T04:21:10+00:00
G,New Zealand,7,MF,Matthew Garbett,2002-04-13,24,37,5,Peterborough United,England,https://upload.wikimedia.org/wikipedia/commons/thumb/9/97/Peterborough_United%27s_new_badge.svg/250px-Peterborough_United%27s_new_badge.svg.png,0,,,,,,,,https://en.wikipedia.org/wiki/2026_FIFA_World_Cup_squads,2026-06-11T04:21:10+00:00
G,New Zealand,8,MF,Marko Stamenić,2002-02-19,24,39,3,Swansea City,Wales,https://upload.wikimedia.org/wikipedia/en/thumb/f/f9/Swansea_City_AFC_logo.svg/250px-Swansea_City_AFC_logo.svg.png,0,,,,,,,,https://en.wikipedia.org/wiki/2026_FIFA_World_Cup_squads,2026-06-11T04:21:10+00:00
G,New Zealand,9,FW,Chris Wood,1991-12-07,34,90,45,Nottingham Forest,England,https://upload.wikimedia.org/wikipedia/en/thumb/e/e5/Nottingham_Forest_F.C._logo.svg/120px-Nottingham_Forest_F.C._logo.svg.png,0,,,,,,,,https://en.wikipedia.org/wiki/2026_FIFA_World_Cup_squads,2026-06-11T04:21:10+00:00
G,New Zealand,10,MF,Sarpreet Singh,1999-02-20,27,28,3,Wellington Phoenix,New Zealand,https://upload.wikimedia.org/wikipedia/en/thumb/d/de/Wellington_Phoenix_FC_logo.svg/250px-Wellington_Phoenix_FC_logo.svg.png,0,,,,,,,,https://en.wikipedia.org/wiki/2026_FIFA_World_Cup_squads,2026-06-11T04:21:10+00:00
G,New Zealand,11,MF,Elijah Just,2000-05-01,26,44,9,Motherwell,Scotland,https://upload.wikimedia.org/wikipedia/commons/thumb/c/c8/Motherwell_FC_crest.svg/250px-Motherwell_FC_crest.svg.png,0,,,,,,,,https://en.wikipedia.org/wiki/2026_FIFA_World_Cup_squads,2026-06-11T04:21:10+00:00
G,New Zealand,12,GK,Alex Paulsen,2002-07-04,23,8,0,Lechia Gdańsk,Poland,https://upload.wikimedia.org/wikipedia/en/thumb/b/b7/Lechia_Gda%C5%84sk_logo.svg/250px-Lechia_Gda%C5%84sk_logo.svg.png,0,,,,,,,,https://en.wikipedia.org/wiki/2026_FIFA_World_Cup_squads,2026-06-11T04:21:10+00:00
G,New Zealand,13,DF,Liberato Cacace,2000-09-27,25,37,1,Wrexham,Wales,https://upload.wikimedia.org/wikipedia/en/thumb/0/0d/Wrexham_A.F.C._Logo.svg/250px-Wrexham_A.F.C._Logo.svg.png,0,,,,,,,,https://en.wikipedia.org/wiki/2026_FIFA_World_Cup_squads,2026-06-11T04:21:10+00:00
G,New Zealand,14,MF,Alex Rufer,1996-06-12,29,26,0,Wellington Phoenix,New Zealand,https://upload.wikimedia.org/wikipedia/en/thumb/d/de/Wellington_Phoenix_FC_logo.svg/250px-Wellington_Phoenix_FC_logo.svg.png,0,,,,,,,,https://en.wikipedia.org/wiki/2026_FIFA_World_Cup_squads,2026-06-11T04:21:10+00:00
G,New Zealand,15,DF,Nando Pijnaker,1999-02-25,27,25,0,Auckland FC,New Zealand,https://upload.wikimedia.org/wikipedia/commons/thumb/a/aa/Auckland_FC_logo.svg/250px-Auckland_FC_logo.svg.png,0,,,,,,,,https://en.wikipedia.org/wiki/2026_FIFA_World_Cup_squads,2026-06-11T04:21:10+00:00
G,New Zealand,16,DF,Finn Surman,2003-09-23,22,19,2,Portland Timbers,the United States,https://upload.wikimedia.org/wikipedia/commons/thumb/3/35/Portland_Timbers_logo.svg/250px-Portland_Timbers_logo.svg.png,0,,,,,,,,https://en.wikipedia.org/wiki/2026_FIFA_World_Cup_squads,2026-06-11T04:21:10+00:00
G,New Zealand,17,FW,Kosta Barbarouses,1990-02-19,36,76,10,Western Sydney Wanderers,Australia,https://upload.wikimedia.org/wikipedia/commons/thumb/d/db/Western_Sydney_Wanderers_FC.svg/250px-Western_Sydney_Wanderers_FC.svg.png,0,,,,,,,,https://en.wikipedia.org/wiki/2026_FIFA_World_Cup_squads,2026-06-11T04:21:10+00:00
G,New Zealand,18,FW,Ben Waine,2001-06-11,25,31,9,Port Vale,England,https://upload.wikimedia.org/wikipedia/en/thumb/5/5f/Port_Vale_logo.svg/250px-Port_Vale_logo.svg.png,0,,,,,,,,https://en.wikipedia.org/wiki/2026_FIFA_World_Cup_squads,2026-06-11T04:21:10+00:00
G,New Zealand,19,MF,Ben Old,2002-08-13,23,24,2,Saint-Étienne,France,https://upload.wikimedia.org/wikipedia/en/thumb/2/25/AS_Saint-%C3%89tienne_logo.svg/250px-AS_Saint-%C3%89tienne_logo.svg.png,0,,,,,,,,https://en.wikipedia.org/wiki/2026_FIFA_World_Cup_squads,2026-06-11T04:21:10+00:00
G,New Zealand,20,MF,Callum McCowatt,1999-04-30,27,32,4,Silkeborg,Denmark,https://upload.wikimedia.org/wikipedia/en/thumb/0/05/Silkeborg_IF_logo.svg/250px-Silkeborg_IF_logo.svg.png,0,,,,,,,,https://en.wikipedia.org/wiki/2026_FIFA_World_Cup_squads,2026-06-11T04:21:10+00:00
G,New Zealand,21,FW,Jesse Randall,2002-08-19,23,11,2,Auckland FC,New Zealand,https://upload.wikimedia.org/wikipedia/commons/thumb/a/aa/Auckland_FC_logo.svg/250px-Auckland_FC_logo.svg.png,0,,,,,,,,https://en.wikipedia.org/wiki/2026_FIFA_World_Cup_squads,2026-06-11T04:21:10+00:00
G,New Zealand,22,GK,Michael Woud,1999-01-16,27,6,0,Auckland FC,New Zealand,https://upload.wikimedia.org/wikipedia/commons/thumb/a/aa/Auckland_FC_logo.svg/250px-Auckland_FC_logo.svg.png,0,,,,,,,,https://en.wikipedia.org/wiki/2026_FIFA_World_Cup_squads,2026-06-11T04:21:10+00:00
G,New Zealand,23,MF,Ryan Thomas,1994-12-20,31,25,3,PEC Zwolle,the Netherlands,https://upload.wikimedia.org/wikipedia/en/thumb/f/f3/PEC_Zwolle_logo.svg/250px-PEC_Zwolle_logo.svg.png,0,,,,,,,,https://en.wikipedia.org/wiki/2026_FIFA_World_Cup_squads,2026-06-11T04:21:10+00:00
G,New Zealand,24,DF,Callan Elliot,1999-07-07,26,11,0,Auckland FC,New Zealand,https://upload.wikimedia.org/wikipedia/commons/thumb/a/aa/Auckland_FC_logo.svg/250px-Auckland_FC_logo.svg.png,0,,,,,,,,https://en.wikipedia.org/wiki/2026_FIFA_World_Cup_squads,2026-06-11T04:21:10+00:00
G,New Zealand,25,MF,Lachlan Bayliss,2002-07-24,23,4,0,Newcastle Jets,Australia,https://upload.wikimedia.org/wikipedia/en/thumb/d/d5/Newcastle_United_Jets_Logo.svg/250px-Newcastle_United_Jets_Logo.svg.png,0,,,,,,,,https://en.wikipedia.org/wiki/2026_FIFA_World_Cup_squads,2026-06-11T04:21:10+00:00
G,New Zealand,26,DF,Tommy Smith,1990-03-31,36,56,2,Braintree Town,England,https://upload.wikimedia.org/wikipedia/en/thumb/b/b5/Braintree_Town_FC_crest.svg/250px-Braintree_Town_FC_crest.svg.png,0,,,,,,,,https://en.wikipedia.org/wiki/2026_FIFA_World_Cup_squads,2026-06-11T04:21:10+00:00
H,Cape Verde,1,GK,Vozinha,1986-06-03,40,86,0,Chaves,Portugal,https://upload.wikimedia.org/wikipedia/en/thumb/1/18/G.D._Chaves_logo.svg/250px-G.D._Chaves_logo.svg.png,0,,,,,,,,https://en.wikipedia.org/wiki/2026_FIFA_World_Cup_squads,2026-06-11T04:21:10+00:00
H,Cape Verde,2,DF,Stopira,1988-05-20,38,62,4,Torreense,Portugal,https://upload.wikimedia.org/wikipedia/en/thumb/d/dc/S.C.U._Torreense_logo.svg/250px-S.C.U._Torreense_logo.svg.png,0,,,,,,,,https://en.wikipedia.org/wiki/2026_FIFA_World_Cup_squads,2026-06-11T04:21:10+00:00
H,Cape Verde,3,DF,Diney,1995-01-17,31,30,2,Al Bataeh,the United Arab Emirates,https://upload.wikimedia.org/wikipedia/en/thumb/c/ca/Al_Bataeh_FC.png/250px-Al_Bataeh_FC.png,0,,,,,,,,https://en.wikipedia.org/wiki/2026_FIFA_World_Cup_squads,2026-06-11T04:21:10+00:00
H,Cape Verde,4,DF,Roberto Lopes,1992-06-17,33,45,0,Shamrock Rovers,Ireland,https://upload.wikimedia.org/wikipedia/en/thumb/6/63/Shamrock_Rovers_F.C._crest.svg/250px-Shamrock_Rovers_F.C._crest.svg.png,0,,,,,,,,https://en.wikipedia.org/wiki/2026_FIFA_World_Cup_squads,2026-06-11T04:21:10+00:00
H,Cape Verde,5,DF,Logan Costa,2001-04-01,25,28,0,Villarreal,Spain,https://upload.wikimedia.org/wikipedia/en/thumb/b/b9/Villarreal_CF_logo-en.svg/250px-Villarreal_CF_logo-en.svg.png,0,,,,,,,,https://en.wikipedia.org/wiki/2026_FIFA_World_Cup_squads,2026-06-11T04:21:10+00:00
H,Cape Verde,6,MF,Kevin Pina,1997-01-27,29,31,3,Krasnodar,Russia,https://upload.wikimedia.org/wikipedia/en/thumb/3/30/FC_Krasnodar_logo.svg/250px-FC_Krasnodar_logo.svg.png,0,,,,,,,,https://en.wikipedia.org/wiki/2026_FIFA_World_Cup_squads,2026-06-11T04:21:10+00:00
H,Cape Verde,7,MF,Jovane Cabral,1998-06-14,27,27,2,Estrela Amadora,Portugal,https://upload.wikimedia.org/wikipedia/commons/thumb/0/08/S%C3%ADmbolo_Estrela_da_Amadora.svg/250px-S%C3%ADmbolo_Estrela_da_Amadora.svg.png,0,,,,,,,,https://en.wikipedia.org/wiki/2026_FIFA_World_Cup_squads,2026-06-11T04:21:10+00:00
H,Cape Verde,8,MF,João Paulo,1998-05-26,28,42,1,FCSB,Romania,https://upload.wikimedia.org/wikipedia/commons/thumb/7/78/Fcsb-logo.svg/250px-Fcsb-logo.svg.png,0,,,,,,,,https://en.wikipedia.org/wiki/2026_FIFA_World_Cup_squads,2026-06-11T04:21:10+00:00
H,Cape Verde,9,FW,Gilson Benchimol,2001-12-29,24,22,6,Akron Tolyatti,Russia,https://upload.wikimedia.org/wikipedia/commons/thumb/0/0c/Akron_Togliatti.png/250px-Akron_Togliatti.png,0,,,,,,,,https://en.wikipedia.org/wiki/2026_FIFA_World_Cup_squads,2026-06-11T04:21:10+00:00
H,Cape Verde,10,MF,Jamiro Monteiro,1993-11-23,32,55,5,PEC Zwolle,the Netherlands,https://upload.wikimedia.org/wikipedia/en/thumb/f/f3/PEC_Zwolle_logo.svg/250px-PEC_Zwolle_logo.svg.png,0,,,,,,,,https://en.wikipedia.org/wiki/2026_FIFA_World_Cup_squads,2026-06-11T04:21:10+00:00
H,Cape Verde,11,MF,Garry Rodrigues,1990-11-27,35,60,10,Apollon Limassol,Cyprus,https://upload.wikimedia.org/wikipedia/en/thumb/0/0e/Apollon_Limassol_Logo.png/250px-Apollon_Limassol_Logo.png,0,,,,,,,,https://en.wikipedia.org/wiki/2026_FIFA_World_Cup_squads,2026-06-11T04:21:10+00:00
H,Cape Verde,12,GK,Márcio Rosa,1997-02-23,29,11,0,Montana,Bulgaria,https://upload.wikimedia.org/wikipedia/en/e/ee/PFC_Montana_logo.png,0,,,,,,,,https://en.wikipedia.org/wiki/2026_FIFA_World_Cup_squads,2026-06-11T04:21:10+00:00
H,Cape Verde,13,DF,Sidny Lopes Cabral,2002-09-18,23,9,3,Benfica,Portugal,https://upload.wikimedia.org/wikipedia/en/thumb/a/a2/SL_Benfica_logo.svg/250px-SL_Benfica_logo.svg.png,0,,,,,,,,https://en.wikipedia.org/wiki/2026_FIFA_World_Cup_squads,2026-06-11T04:21:10+00:00
H,Cape Verde,14,MF,Deroy Duarte,1999-07-04,26,30,0,Ludogorets Razgrad,Bulgaria,https://upload.wikimedia.org/wikipedia/en/thumb/e/eb/PFC_Ludogorets_Razgrad_logo.png/250px-PFC_Ludogorets_Razgrad_logo.png,0,,,,,,,,https://en.wikipedia.org/wiki/2026_FIFA_World_Cup_squads,2026-06-11T04:21:10+00:00
H,Cape Verde,15,MF,Laros Duarte,1997-02-28,29,13,1,Puskás Akadémia,Hungary,https://upload.wikimedia.org/wikipedia/en/thumb/4/44/Pusk%C3%A1s_Akad%C3%A9mia_FC_logo.svg/250px-Pusk%C3%A1s_Akad%C3%A9mia_FC_logo.svg.png,0,,,,,,,,https://en.wikipedia.org/wiki/2026_FIFA_World_Cup_squads,2026-06-11T04:21:10+00:00
H,Cape Verde,16,MF,Yannick Semedo,1995-12-29,30,10,1,Farense,Portugal,https://upload.wikimedia.org/wikipedia/en/thumb/b/be/S.C._Farense_logo.svg/250px-S.C._Farense_logo.svg.png,0,,,,,,,,https://en.wikipedia.org/wiki/2026_FIFA_World_Cup_squads,2026-06-11T04:21:10+00:00
H,Cape Verde,17,MF,Willy Semedo,1994-04-27,32,38,3,Omonia,Cyprus,https://upload.wikimedia.org/wikipedia/en/thumb/3/3d/AC_Omonia_logo.svg/250px-AC_Omonia_logo.svg.png,0,,,,,,,,https://en.wikipedia.org/wiki/2026_FIFA_World_Cup_squads,2026-06-11T04:21:10+00:00
H,Cape Verde,18,MF,Telmo Arcanjo,2001-06-21,24,16,1,Vitória de Guimarães,Portugal,https://upload.wikimedia.org/wikipedia/en/thumb/d/d5/Vit%C3%B3ria_Guimar%C3%A3es.svg/250px-Vit%C3%B3ria_Guimar%C3%A3es.svg.png,0,,,,,,,,https://en.wikipedia.org/wiki/2026_FIFA_World_Cup_squads,2026-06-11T04:21:10+00:00
H,Cape Verde,19,FW,Dailon Livramento,2001-05-04,25,22,7,Casa Pia,Portugal,https://upload.wikimedia.org/wikipedia/en/thumb/6/68/Casa_Pia_A.C._logo.svg/250px-Casa_Pia_A.C._logo.svg.png,0,,,,,,,,https://en.wikipedia.org/wiki/2026_FIFA_World_Cup_squads,2026-06-11T04:21:10+00:00
H,Cape Verde,20,FW,Ryan Mendes,1990-01-08,36,98,22,Iğdır,Turkey,https://upload.wikimedia.org/wikipedia/en/6/61/I%C4%9Fd%C4%B1r_F.K._crest.png,0,,,,,,,,https://en.wikipedia.org/wiki/2026_FIFA_World_Cup_squads,2026-06-11T04:21:10+00:00
H,Cape Verde,21,MF,Nuno da Costa,1991-02-10,35,9,2,İstanbul Başakşehir,Turkey,https://upload.wikimedia.org/wikipedia/en/thumb/e/e1/%C4%B0stanbul_Ba%C5%9Fak%C5%9Fehir_logo.svg/250px-%C4%B0stanbul_Ba%C5%9Fak%C5%9Fehir_logo.svg.png,0,,,,,,,,https://en.wikipedia.org/wiki/2026_FIFA_World_Cup_squads,2026-06-11T04:21:10+00:00
H,Cape Verde,22,DF,Steven Moreira,1994-08-13,31,20,0,Columbus Crew,the United States,https://upload.wikimedia.org/wikipedia/commons/thumb/d/dc/Columbus_Crew_logo_2021.svg/250px-Columbus_Crew_logo_2021.svg.png,0,,,,,,,,https://en.wikipedia.org/wiki/2026_FIFA_World_Cup_squads,2026-06-11T04:21:10+00:00
H,Cape Verde,23,GK,CJ dos Santos,2000-08-24,25,1,0,San Diego FC,the United States,https://upload.wikimedia.org/wikipedia/en/thumb/6/6f/San_Diego_FC_logo.svg/250px-San_Diego_FC_logo.svg.png,0,,,,,,,,https://en.wikipedia.org/wiki/2026_FIFA_World_Cup_squads,2026-06-11T04:21:10+00:00
H,Cape Verde,24,DF,Wagner Pina,2002-11-03,23,13,0,Trabzonspor,Turkey,https://upload.wikimedia.org/wikipedia/en/thumb/d/de/Trabzonspor_Amblem.svg/250px-Trabzonspor_Amblem.svg.png,0,,,,,,,,https://en.wikipedia.org/wiki/2026_FIFA_World_Cup_squads,2026-06-11T04:21:10+00:00
H,Cape Verde,25,DF,Kelvin Pires,2000-06-05,26,5,1,SJK,Finland,https://upload.wikimedia.org/wikipedia/en/thumb/b/b2/Seinajoen_Jalkapallokerho_logo.svg/250px-Seinajoen_Jalkapallokerho_logo.svg.png,0,,,,,,,,https://en.wikipedia.org/wiki/2026_FIFA_World_Cup_squads,2026-06-11T04:21:10+00:00
H,Cape Verde,26,MF,Hélio Varela,2002-05-03,24,20,0,Maccabi Tel Aviv,Israel,https://upload.wikimedia.org/wikipedia/en/thumb/e/e9/Maccabi_Tel_Aviv.png/250px-Maccabi_Tel_Aviv.png,0,,,,,,,,https://en.wikipedia.org/wiki/2026_FIFA_World_Cup_squads,2026-06-11T04:21:10+00:00
H,Saudi Arabia,1,GK,Nawaf Al-Aqidi,2000-05-10,26,22,0,Al-Nassr,Saudi Arabia,https://upload.wikimedia.org/wikipedia/en/thumb/3/3f/Nassr_FC_Logo.svg/250px-Nassr_FC_Logo.svg.png,0,,,,,,,,https://en.wikipedia.org/wiki/2026_FIFA_World_Cup_squads,2026-06-11T04:21:10+00:00
H,Saudi Arabia,2,DF,Ali Majrashi,1999-10-02,26,21,0,Al-Ahli,Saudi Arabia,https://upload.wikimedia.org/wikipedia/en/thumb/4/45/Al_Ahli_Saudi_FC_logo.svg/250px-Al_Ahli_Saudi_FC_logo.svg.png,0,,,,,,,,https://en.wikipedia.org/wiki/2026_FIFA_World_Cup_squads,2026-06-11T04:21:10+00:00
H,Saudi Arabia,3,DF,Ali Lajami,1996-04-24,30,22,1,Al-Hilal,Saudi Arabia,https://upload.wikimedia.org/wikipedia/commons/thumb/5/55/Al_Hilal_SFC_Logo.svg/250px-Al_Hilal_SFC_Logo.svg.png,0,,,,,,,,https://en.wikipedia.org/wiki/2026_FIFA_World_Cup_squads,2026-06-11T04:21:10+00:00
H,Saudi Arabia,4,DF,Abdulelah Al-Amri,1997-01-15,29,43,1,Al-Nassr,Saudi Arabia,https://upload.wikimedia.org/wikipedia/en/thumb/3/3f/Nassr_FC_Logo.svg/250px-Nassr_FC_Logo.svg.png,0,,,,,,,,https://en.wikipedia.org/wiki/2026_FIFA_World_Cup_squads,2026-06-11T04:21:10+00:00
H,Saudi Arabia,5,DF,Hassan Al-Tambakti,1999-02-09,27,52,1,Al-Hilal,Saudi Arabia,https://upload.wikimedia.org/wikipedia/commons/thumb/5/55/Al_Hilal_SFC_Logo.svg/250px-Al_Hilal_SFC_Logo.svg.png,0,,,,,,,,https://en.wikipedia.org/wiki/2026_FIFA_World_Cup_squads,2026-06-11T04:21:10+00:00
H,Saudi Arabia,6,MF,Nasser Al-Dawsari,1998-12-19,27,44,0,Al-Hilal,Saudi Arabia,https://upload.wikimedia.org/wikipedia/commons/thumb/5/55/Al_Hilal_SFC_Logo.svg/250px-Al_Hilal_SFC_Logo.svg.png,0,,,,,,,,https://en.wikipedia.org/wiki/2026_FIFA_World_Cup_squads,2026-06-11T04:21:10+00:00
H,Saudi Arabia,7,MF,Musab Al-Juwayr,2003-06-20,22,35,6,Al-Qadsiah,Saudi Arabia,https://upload.wikimedia.org/wikipedia/commons/thumb/6/68/QAD_LOGO.png/250px-QAD_LOGO.png,0,,,,,,,,https://en.wikipedia.org/wiki/2026_FIFA_World_Cup_squads,2026-06-11T04:21:10+00:00
H,Saudi Arabia,8,FW,Ayman Yahya,2001-05-14,25,27,0,Al-Nassr,Saudi Arabia,https://upload.wikimedia.org/wikipedia/en/thumb/3/3f/Nassr_FC_Logo.svg/250px-Nassr_FC_Logo.svg.png,0,,,,,,,,https://en.wikipedia.org/wiki/2026_FIFA_World_Cup_squads,2026-06-11T04:21:10+00:00
H,Saudi Arabia,9,FW,Firas Al-Buraikan,2000-05-14,26,70,15,Al-Ahli,Saudi Arabia,https://upload.wikimedia.org/wikipedia/en/thumb/4/45/Al_Ahli_Saudi_FC_logo.svg/250px-Al_Ahli_Saudi_FC_logo.svg.png,0,,,,,,,,https://en.wikipedia.org/wiki/2026_FIFA_World_Cup_squads,2026-06-11T04:21:10+00:00
H,Saudi Arabia,10,FW,Salem Al-Dawsari,1991-08-19,34,110,27,Al-Hilal,Saudi Arabia,https://upload.wikimedia.org/wikipedia/commons/thumb/5/55/Al_Hilal_SFC_Logo.svg/250px-Al_Hilal_SFC_Logo.svg.png,0,,,,,,,,https://en.wikipedia.org/wiki/2026_FIFA_World_Cup_squads,2026-06-11T04:21:10+00:00
H,Saudi Arabia,11,FW,Saleh Al-Shehri,1993-11-01,32,55,18,Al-Ittihad,Saudi Arabia,https://upload.wikimedia.org/wikipedia/en/thumb/8/87/Al-Ittihad_Club_%28Jeddah%29_logo.svg/250px-Al-Ittihad_Club_%28Jeddah%29_logo.svg.png,0,,,,,,,,https://en.wikipedia.org/wiki/2026_FIFA_World_Cup_squads,2026-06-11T04:21:10+00:00
H,Saudi Arabia,12,DF,Saud Abdulhamid,1999-07-18,26,55,1,Lens,France,https://upload.wikimedia.org/wikipedia/en/thumb/c/cc/RC_Lens_logo.svg/250px-RC_Lens_logo.svg.png,0,,,,,,,,https://en.wikipedia.org/wiki/2026_FIFA_World_Cup_squads,2026-06-11T04:21:10+00:00
H,Saudi Arabia,13,DF,Nawaf Boushal,1999-09-16,26,25,0,Al-Nassr,Saudi Arabia,https://upload.wikimedia.org/wikipedia/en/thumb/3/3f/Nassr_FC_Logo.svg/250px-Nassr_FC_Logo.svg.png,0,,,,,,,,https://en.wikipedia.org/wiki/2026_FIFA_World_Cup_squads,2026-06-11T04:21:10+00:00
H,Saudi Arabia,14,DF,Hassan Kadesh,1992-09-26,33,21,2,Al-Ittihad,Saudi Arabia,https://upload.wikimedia.org/wikipedia/en/thumb/8/87/Al-Ittihad_Club_%28Jeddah%29_logo.svg/250px-Al-Ittihad_Club_%28Jeddah%29_logo.svg.png,0,,,,,,,,https://en.wikipedia.org/wiki/2026_FIFA_World_Cup_squads,2026-06-11T04:21:10+00:00
H,Saudi Arabia,15,MF,Abdullah Al-Khaibari,1996-08-16,29,40,0,Al-Nassr,Saudi Arabia,https://upload.wikimedia.org/wikipedia/en/thumb/3/3f/Nassr_FC_Logo.svg/250px-Nassr_FC_Logo.svg.png,0,,,,,,,,https://en.wikipedia.org/wiki/2026_FIFA_World_Cup_squads,2026-06-11T04:21:10+00:00
H,Saudi Arabia,16,MF,Ziyad Al-Johani,2001-11-11,24,12,0,Al-Ahli,Saudi Arabia,https://upload.wikimedia.org/wikipedia/en/thumb/4/45/Al_Ahli_Saudi_FC_logo.svg/250px-Al_Ahli_Saudi_FC_logo.svg.png,0,,,,,,,,https://en.wikipedia.org/wiki/2026_FIFA_World_Cup_squads,2026-06-11T04:21:10+00:00
H,Saudi Arabia,17,FW,Khalid Al-Ghannam,2000-11-08,25,7,0,Al-Ettifaq,Saudi Arabia,https://upload.wikimedia.org/wikipedia/en/thumb/3/34/Al-Ettifaq_FC_logo.svg/250px-Al-Ettifaq_FC_logo.svg.png,0,,,,,,,,https://en.wikipedia.org/wiki/2026_FIFA_World_Cup_squads,2026-06-11T04:21:10+00:00
H,Saudi Arabia,18,MF,Alaa Al-Hejji,1995-12-03,30,3,0,Neom,Saudi Arabia,https://upload.wikimedia.org/wikipedia/en/thumb/4/4a/Neom_SC_Logo.png/250px-Neom_SC_Logo.png,0,,,,,,,,https://en.wikipedia.org/wiki/2026_FIFA_World_Cup_squads,2026-06-11T04:21:10+00:00
H,Saudi Arabia,19,FW,Abdullah Al-Hamdan,1999-09-13,26,50,12,Al-Nassr,Saudi Arabia,https://upload.wikimedia.org/wikipedia/en/thumb/3/3f/Nassr_FC_Logo.svg/250px-Nassr_FC_Logo.svg.png,0,,,,,,,,https://en.wikipedia.org/wiki/2026_FIFA_World_Cup_squads,2026-06-11T04:21:10+00:00
H,Saudi Arabia,20,FW,Sultan Mandash,1994-10-17,31,7,2,Al-Hilal,Saudi Arabia,https://upload.wikimedia.org/wikipedia/commons/thumb/5/55/Al_Hilal_SFC_Logo.svg/250px-Al_Hilal_SFC_Logo.svg.png,0,,,,,,,,https://en.wikipedia.org/wiki/2026_FIFA_World_Cup_squads,2026-06-11T04:21:10+00:00
H,Saudi Arabia,21,GK,Mohammed Al-Owais,1991-10-10,34,64,0,Al-Ula,Saudi Arabia,https://upload.wikimedia.org/wikipedia/en/thumb/8/87/Al-Ula_FC_Logo.svg/250px-Al-Ula_FC_Logo.svg.png,0,,,,,,,,https://en.wikipedia.org/wiki/2026_FIFA_World_Cup_squads,2026-06-11T04:21:10+00:00
H,Saudi Arabia,22,GK,Ahmed Al-Kassar,1991-05-08,35,9,0,Al-Qadsiah,Saudi Arabia,https://upload.wikimedia.org/wikipedia/commons/thumb/6/68/QAD_LOGO.png/250px-QAD_LOGO.png,0,,,,,,,,https://en.wikipedia.org/wiki/2026_FIFA_World_Cup_squads,2026-06-11T04:21:10+00:00
H,Saudi Arabia,23,MF,Mohamed Kanno,1994-09-22,31,77,8,Al-Hilal,Saudi Arabia,https://upload.wikimedia.org/wikipedia/commons/thumb/5/55/Al_Hilal_SFC_Logo.svg/250px-Al_Hilal_SFC_Logo.svg.png,0,,,,,,,,https://en.wikipedia.org/wiki/2026_FIFA_World_Cup_squads,2026-06-11T04:21:10+00:00
H,Saudi Arabia,24,DF,Moteb Al-Harbi,2000-02-20,26,13,0,Al-Hilal,Saudi Arabia,https://upload.wikimedia.org/wikipedia/commons/thumb/5/55/Al_Hilal_SFC_Logo.svg/250px-Al_Hilal_SFC_Logo.svg.png,0,,,,,,,,https://en.wikipedia.org/wiki/2026_FIFA_World_Cup_squads,2026-06-11T04:21:10+00:00
H,Saudi Arabia,25,DF,Jehad Thakri,2001-07-21,24,8,0,Al-Qadsiah,Saudi Arabia,https://upload.wikimedia.org/wikipedia/commons/thumb/6/68/QAD_LOGO.png/250px-QAD_LOGO.png,0,,,,,,,,https://en.wikipedia.org/wiki/2026_FIFA_World_Cup_squads,2026-06-11T04:21:10+00:00
H,Saudi Arabia,26,DF,Mohammed Abu Al-Shamat,2002-08-11,23,7,0,Al-Qadsiah,Saudi Arabia,https://upload.wikimedia.org/wikipedia/commons/thumb/6/68/QAD_LOGO.png/250px-QAD_LOGO.png,0,,,,,,,,https://en.wikipedia.org/wiki/2026_FIFA_World_Cup_squads,2026-06-11T04:21:10+00:00
H,Spain,1,GK,David Raya,1995-09-15,30,13,0,Arsenal,England,https://upload.wikimedia.org/wikipedia/en/thumb/5/53/Arsenal_FC.svg/250px-Arsenal_FC.svg.png,0,,,,,,,,https://en.wikipedia.org/wiki/2026_FIFA_World_Cup_squads,2026-06-11T04:21:10+00:00
H,Spain,2,DF,Marc Pubill,2003-06-20,22,2,0,Atlético Madrid,Spain,https://upload.wikimedia.org/wikipedia/en/thumb/f/f9/Atletico_Madrid_Logo_2024.svg/250px-Atletico_Madrid_Logo_2024.svg.png,0,,,,,,,,https://en.wikipedia.org/wiki/2026_FIFA_World_Cup_squads,2026-06-11T04:21:10+00:00
H,Spain,3,DF,Álex Grimaldo,1995-09-20,30,14,0,Bayer Leverkusen,Germany,https://upload.wikimedia.org/wikipedia/en/thumb/5/59/Bayer_04_Leverkusen_logo.svg/250px-Bayer_04_Leverkusen_logo.svg.png,0,,,,,,,,https://en.wikipedia.org/wiki/2026_FIFA_World_Cup_squads,2026-06-11T04:21:10+00:00
H,Spain,4,DF,Eric García,2001-01-09,25,21,0,Barcelona,Spain,https://upload.wikimedia.org/wikipedia/en/thumb/4/47/FC_Barcelona_%28crest%29.svg/250px-FC_Barcelona_%28crest%29.svg.png,0,,,,,,,,https://en.wikipedia.org/wiki/2026_FIFA_World_Cup_squads,2026-06-11T04:21:10+00:00
H,Spain,5,DF,Marcos Llorente,1995-01-30,31,24,0,Atlético Madrid,Spain,https://upload.wikimedia.org/wikipedia/en/thumb/f/f9/Atletico_Madrid_Logo_2024.svg/250px-Atletico_Madrid_Logo_2024.svg.png,0,,,,,,,,https://en.wikipedia.org/wiki/2026_FIFA_World_Cup_squads,2026-06-11T04:21:10+00:00
H,Spain,6,MF,Mikel Merino,1996-06-22,29,43,10,Arsenal,England,https://upload.wikimedia.org/wikipedia/en/thumb/5/53/Arsenal_FC.svg/250px-Arsenal_FC.svg.png,0,,,,,,,,https://en.wikipedia.org/wiki/2026_FIFA_World_Cup_squads,2026-06-11T04:21:10+00:00
H,Spain,7,FW,Ferran Torres,2000-02-29,26,57,24,Barcelona,Spain,https://upload.wikimedia.org/wikipedia/en/thumb/4/47/FC_Barcelona_%28crest%29.svg/250px-FC_Barcelona_%28crest%29.svg.png,0,,,,,,,,https://en.wikipedia.org/wiki/2026_FIFA_World_Cup_squads,2026-06-11T04:21:10+00:00
H,Spain,8,MF,Fabián Ruiz,1996-04-03,30,42,6,Paris Saint-Germain,France,https://upload.wikimedia.org/wikipedia/en/thumb/a/a7/Paris_Saint-Germain_F.C..svg/250px-Paris_Saint-Germain_F.C..svg.png,0,,,,,,,,https://en.wikipedia.org/wiki/2026_FIFA_World_Cup_squads,2026-06-11T04:21:10+00:00
H,Spain,9,MF,Gavi,2004-08-05,21,30,5,Barcelona,Spain,https://upload.wikimedia.org/wikipedia/en/thumb/4/47/FC_Barcelona_%28crest%29.svg/250px-FC_Barcelona_%28crest%29.svg.png,0,,,,,,,,https://en.wikipedia.org/wiki/2026_FIFA_World_Cup_squads,2026-06-11T04:21:10+00:00
H,Spain,10,FW,Dani Olmo,1998-05-07,28,50,12,Barcelona,Spain,https://upload.wikimedia.org/wikipedia/en/thumb/4/47/FC_Barcelona_%28crest%29.svg/250px-FC_Barcelona_%28crest%29.svg.png,0,,,,,,,,https://en.wikipedia.org/wiki/2026_FIFA_World_Cup_squads,2026-06-11T04:21:10+00:00
H,Spain,11,FW,Yéremy Pino,2002-10-20,23,23,4,Crystal Palace,England,https://upload.wikimedia.org/wikipedia/en/thumb/a/a2/Crystal_Palace_FC_logo_%282022%29.svg/250px-Crystal_Palace_FC_logo_%282022%29.svg.png,0,,,,,,,,https://en.wikipedia.org/wiki/2026_FIFA_World_Cup_squads,2026-06-11T04:21:10+00:00
H,Spain,12,DF,Pedro Porro,1999-09-13,26,18,0,Tottenham Hotspur,England,https://upload.wikimedia.org/wikipedia/en/thumb/b/b4/Tottenham_Hotspur.svg/250px-Tottenham_Hotspur.svg.png,0,,,,,,,,https://en.wikipedia.org/wiki/2026_FIFA_World_Cup_squads,2026-06-11T04:21:10+00:00
H,Spain,13,GK,Joan Garcia,2001-05-04,25,2,0,Barcelona,Spain,https://upload.wikimedia.org/wikipedia/en/thumb/4/47/FC_Barcelona_%28crest%29.svg/250px-FC_Barcelona_%28crest%29.svg.png,0,,,,,,,,https://en.wikipedia.org/wiki/2026_FIFA_World_Cup_squads,2026-06-11T04:21:10+00:00
H,Spain,14,DF,Aymeric Laporte,1994-05-27,32,46,2,Athletic Bilbao,Spain,https://upload.wikimedia.org/wikipedia/en/thumb/9/98/Club_Athletic_Bilbao_logo.svg/250px-Club_Athletic_Bilbao_logo.svg.png,0,,,,,,,,https://en.wikipedia.org/wiki/2026_FIFA_World_Cup_squads,2026-06-11T04:21:10+00:00
H,Spain,15,MF,Álex Baena,2001-07-20,24,17,2,Atlético Madrid,Spain,https://upload.wikimedia.org/wikipedia/en/thumb/f/f9/Atletico_Madrid_Logo_2024.svg/250px-Atletico_Madrid_Logo_2024.svg.png,0,,,,,,,,https://en.wikipedia.org/wiki/2026_FIFA_World_Cup_squads,2026-06-11T04:21:10+00:00
H,Spain,16,MF,Rodri,1996-06-22,29,62,4,Manchester City,England,https://upload.wikimedia.org/wikipedia/en/thumb/e/eb/Manchester_City_FC_badge.svg/250px-Manchester_City_FC_badge.svg.png,1,2024,https://en.wikipedia.org/wiki/FIFPRO_World_11,,,,,,https://en.wikipedia.org/wiki/2026_FIFA_World_Cup_squads,2026-06-11T04:21:10+00:00
H,Spain,17,FW,Nico Williams,2002-07-12,23,30,6,Athletic Bilbao,Spain,https://upload.wikimedia.org/wikipedia/en/thumb/9/98/Club_Athletic_Bilbao_logo.svg/250px-Club_Athletic_Bilbao_logo.svg.png,0,,,,,,,,https://en.wikipedia.org/wiki/2026_FIFA_World_Cup_squads,2026-06-11T04:21:10+00:00
H,Spain,18,MF,Martín Zubimendi,1999-02-02,27,26,3,Arsenal,England,https://upload.wikimedia.org/wikipedia/en/thumb/5/53/Arsenal_FC.svg/250px-Arsenal_FC.svg.png,0,,,,,,,,https://en.wikipedia.org/wiki/2026_FIFA_World_Cup_squads,2026-06-11T04:21:10+00:00
H,Spain,19,FW,Lamine Yamal,2007-07-13,18,25,6,Barcelona,Spain,https://upload.wikimedia.org/wikipedia/en/thumb/4/47/FC_Barcelona_%28crest%29.svg/250px-FC_Barcelona_%28crest%29.svg.png,1,2025,https://en.wikipedia.org/wiki/FIFPRO_World_11,,,,,,https://en.wikipedia.org/wiki/2026_FIFA_World_Cup_squads,2026-06-11T04:21:10+00:00
H,Spain,20,MF,Pedri,2002-11-25,23,41,6,Barcelona,Spain,https://upload.wikimedia.org/wikipedia/en/thumb/4/47/FC_Barcelona_%28crest%29.svg/250px-FC_Barcelona_%28crest%29.svg.png,1,2025,https://en.wikipedia.org/wiki/FIFPRO_World_11,,,,,,https://en.wikipedia.org/wiki/2026_FIFA_World_Cup_squads,2026-06-11T04:21:10+00:00
H,Spain,21,FW,Mikel Oyarzabal,1997-04-21,29,53,25,Real Sociedad,Spain,https://upload.wikimedia.org/wikipedia/en/thumb/f/f1/Real_Sociedad_logo.svg/250px-Real_Sociedad_logo.svg.png,0,,,,,,,,https://en.wikipedia.org/wiki/2026_FIFA_World_Cup_squads,2026-06-11T04:21:10+00:00
H,Spain,22,DF,Pau Cubarsí,2007-01-22,19,12,0,Barcelona,Spain,https://upload.wikimedia.org/wikipedia/en/thumb/4/47/FC_Barcelona_%28crest%29.svg/250px-FC_Barcelona_%28crest%29.svg.png,0,,,,,,,,https://en.wikipedia.org/wiki/2026_FIFA_World_Cup_squads,2026-06-11T04:21:10+00:00
H,Spain,23,GK,Unai Simón,1997-06-11,29,58,0,Athletic Bilbao,Spain,https://upload.wikimedia.org/wikipedia/en/thumb/9/98/Club_Athletic_Bilbao_logo.svg/250px-Club_Athletic_Bilbao_logo.svg.png,0,,,,,,,,https://en.wikipedia.org/wiki/2026_FIFA_World_Cup_squads,2026-06-11T04:21:10+00:00
H,Spain,24,DF,Marc Cucurella,1998-07-22,27,24,1,Chelsea,England,https://upload.wikimedia.org/wikipedia/en/thumb/c/cc/Chelsea_FC.svg/250px-Chelsea_FC.svg.png,0,,,,,,,,https://en.wikipedia.org/wiki/2026_FIFA_World_Cup_squads,2026-06-11T04:21:10+00:00
H,Spain,25,FW,Víctor Muñoz,2003-07-13,22,2,1,Osasuna,Spain,https://upload.wikimedia.org/wikipedia/en/thumb/3/38/CA_Osasuna_2024_crest.svg/250px-CA_Osasuna_2024_crest.svg.png,0,,,,,,,,https://en.wikipedia.org/wiki/2026_FIFA_World_Cup_squads,2026-06-11T04:21:10+00:00
H,Spain,26,FW,Borja Iglesias,1993-01-17,33,8,0,Celta Vigo,Spain,https://upload.wikimedia.org/wikipedia/en/thumb/1/12/RC_Celta_de_Vigo_logo.svg/250px-RC_Celta_de_Vigo_logo.svg.png,0,,,,,,,,https://en.wikipedia.org/wiki/2026_FIFA_World_Cup_squads,2026-06-11T04:21:10+00:00
H,Uruguay,1,GK,Sergio Rochet,1993-03-23,33,35,0,Internacional,Brazil,https://upload.wikimedia.org/wikipedia/commons/thumb/c/c5/Sport_Club_Internacional_logo.svg/250px-Sport_Club_Internacional_logo.svg.png,0,,,,,,,,https://en.wikipedia.org/wiki/2026_FIFA_World_Cup_squads,2026-06-11T04:21:10+00:00
H,Uruguay,2,DF,José Giménez,1995-01-20,31,99,8,Atlético Madrid,Spain,https://upload.wikimedia.org/wikipedia/en/thumb/f/f9/Atletico_Madrid_Logo_2024.svg/250px-Atletico_Madrid_Logo_2024.svg.png,0,,,,,,,,https://en.wikipedia.org/wiki/2026_FIFA_World_Cup_squads,2026-06-11T04:21:10+00:00
H,Uruguay,3,DF,Sebastián Cáceres,1999-08-18,26,24,0,América,Mexico,https://upload.wikimedia.org/wikipedia/en/thumb/c/c1/Club_Am%C3%A9rica_crest.svg/250px-Club_Am%C3%A9rica_crest.svg.png,0,,,,,,,,https://en.wikipedia.org/wiki/2026_FIFA_World_Cup_squads,2026-06-11T04:21:10+00:00
H,Uruguay,4,DF,Ronald Araújo,1999-03-07,27,27,1,Barcelona,Spain,https://upload.wikimedia.org/wikipedia/en/thumb/4/47/FC_Barcelona_%28crest%29.svg/250px-FC_Barcelona_%28crest%29.svg.png,0,,,,,,,,https://en.wikipedia.org/wiki/2026_FIFA_World_Cup_squads,2026-06-11T04:21:10+00:00
H,Uruguay,5,MF,Manuel Ugarte,2001-04-11,25,36,1,Manchester United,England,https://upload.wikimedia.org/wikipedia/en/thumb/7/7a/Manchester_United_FC_crest.svg/250px-Manchester_United_FC_crest.svg.png,0,,,,,,,,https://en.wikipedia.org/wiki/2026_FIFA_World_Cup_squads,2026-06-11T04:21:10+00:00
H,Uruguay,6,MF,Rodrigo Bentancur,1997-06-25,28,74,3,Tottenham Hotspur,England,https://upload.wikimedia.org/wikipedia/en/thumb/b/b4/Tottenham_Hotspur.svg/250px-Tottenham_Hotspur.svg.png,0,,,,,,,,https://en.wikipedia.org/wiki/2026_FIFA_World_Cup_squads,2026-06-11T04:21:10+00:00
H,Uruguay,7,MF,Nicolás de la Cruz,1997-06-01,29,34,5,Flamengo,Brazil,https://upload.wikimedia.org/wikipedia/commons/thumb/9/96/Clube_de_Regatas_do_Flamengo_logo.svg/250px-Clube_de_Regatas_do_Flamengo_logo.svg.png,0,,,,,,,,https://en.wikipedia.org/wiki/2026_FIFA_World_Cup_squads,2026-06-11T04:21:10+00:00
H,Uruguay,8,MF,Federico Valverde,1998-07-22,27,73,9,Real Madrid,Spain,https://upload.wikimedia.org/wikipedia/en/thumb/5/56/Real_Madrid_CF.svg/250px-Real_Madrid_CF.svg.png,0,,,,,,,,https://en.wikipedia.org/wiki/2026_FIFA_World_Cup_squads,2026-06-11T04:21:10+00:00
H,Uruguay,9,FW,Darwin Núñez,1999-06-24,26,38,13,Al-Hilal,Saudi Arabia,https://upload.wikimedia.org/wikipedia/commons/thumb/5/55/Al_Hilal_SFC_Logo.svg/250px-Al_Hilal_SFC_Logo.svg.png,0,,,,,,,,https://en.wikipedia.org/wiki/2026_FIFA_World_Cup_squads,2026-06-11T04:21:10+00:00
H,Uruguay,10,MF,Giorgian de Arrascaeta,1994-06-01,32,60,13,Flamengo,Brazil,https://upload.wikimedia.org/wikipedia/commons/thumb/9/96/Clube_de_Regatas_do_Flamengo_logo.svg/250px-Clube_de_Regatas_do_Flamengo_logo.svg.png,0,,,,,,,,https://en.wikipedia.org/wiki/2026_FIFA_World_Cup_squads,2026-06-11T04:21:10+00:00
H,Uruguay,11,FW,Facundo Pellistri,2001-12-20,24,39,2,Panathinaikos,Greece,https://upload.wikimedia.org/wikipedia/en/thumb/8/84/Panathinaikos_F.C._logo.svg/250px-Panathinaikos_F.C._logo.svg.png,0,,,,,,,,https://en.wikipedia.org/wiki/2026_FIFA_World_Cup_squads,2026-06-11T04:21:10+00:00
H,Uruguay,12,GK,Santiago Mele,1997-09-06,28,8,0,Monterrey,Mexico,https://upload.wikimedia.org/wikipedia/commons/thumb/1/18/Club_de_F%C3%BAtbol_Monterrey_logo.svg/250px-Club_de_F%C3%BAtbol_Monterrey_logo.svg.png,0,,,,,,,,https://en.wikipedia.org/wiki/2026_FIFA_World_Cup_squads,2026-06-11T04:21:10+00:00
H,Uruguay,13,DF,Guillermo Varela,1993-03-24,33,28,0,Flamengo,Brazil,https://upload.wikimedia.org/wikipedia/commons/thumb/9/96/Clube_de_Regatas_do_Flamengo_logo.svg/250px-Clube_de_Regatas_do_Flamengo_logo.svg.png,0,,,,,,,,https://en.wikipedia.org/wiki/2026_FIFA_World_Cup_squads,2026-06-11T04:21:10+00:00
H,Uruguay,14,MF,Agustín Canobbio,1998-10-01,27,15,1,Fluminense,Brazil,https://upload.wikimedia.org/wikipedia/commons/thumb/1/12/Fluminense_Football_Club.svg/250px-Fluminense_Football_Club.svg.png,0,,,,,,,,https://en.wikipedia.org/wiki/2026_FIFA_World_Cup_squads,2026-06-11T04:21:10+00:00
H,Uruguay,15,MF,Emiliano Martínez,1999-08-17,26,10,0,Palmeiras,Brazil,https://upload.wikimedia.org/wikipedia/commons/thumb/6/60/SE_Palmeiras_2025_crest.png/250px-SE_Palmeiras_2025_crest.png,0,,,,,,,,https://en.wikipedia.org/wiki/2026_FIFA_World_Cup_squads,2026-06-11T04:21:10+00:00
H,Uruguay,16,DF,Mathías Olivera,1997-10-31,28,35,2,Napoli,Italy,https://upload.wikimedia.org/wikipedia/commons/thumb/4/4d/SSC_Napoli_2025_%28white_and_azure%29.svg/250px-SSC_Napoli_2025_%28white_and_azure%29.svg.png,0,,,,,,,,https://en.wikipedia.org/wiki/2026_FIFA_World_Cup_squads,2026-06-11T04:21:10+00:00
H,Uruguay,17,DF,Matías Viña,1997-11-09,28,43,1,River Plate,Argentina,https://upload.wikimedia.org/wikipedia/commons/thumb/4/43/Club_Atl%C3%A9tico_River_Plate_logo.svg/250px-Club_Atl%C3%A9tico_River_Plate_logo.svg.png,0,,,,,,,,https://en.wikipedia.org/wiki/2026_FIFA_World_Cup_squads,2026-06-11T04:21:10+00:00
H,Uruguay,18,FW,Brian Rodríguez,2000-05-20,26,32,4,América,Mexico,https://upload.wikimedia.org/wikipedia/en/thumb/c/c1/Club_Am%C3%A9rica_crest.svg/250px-Club_Am%C3%A9rica_crest.svg.png,0,,,,,,,,https://en.wikipedia.org/wiki/2026_FIFA_World_Cup_squads,2026-06-11T04:21:10+00:00
H,Uruguay,19,FW,Rodrigo Aguirre,1994-10-01,31,10,3,UANL,Mexico,https://upload.wikimedia.org/wikipedia/en/thumb/8/82/Tigres_UANL_logo_%28crest%29.svg/250px-Tigres_UANL_logo_%28crest%29.svg.png,0,,,,,,,,https://en.wikipedia.org/wiki/2026_FIFA_World_Cup_squads,2026-06-11T04:21:10+00:00
H,Uruguay,20,MF,Maximiliano Araújo,2000-02-15,26,28,3,Sporting CP,Portugal,https://upload.wikimedia.org/wikipedia/en/thumb/9/95/Sporting_CP_crest.svg/250px-Sporting_CP_crest.svg.png,0,,,,,,,,https://en.wikipedia.org/wiki/2026_FIFA_World_Cup_squads,2026-06-11T04:21:10+00:00
H,Uruguay,21,FW,Federico Viñas,1998-06-30,27,11,2,Oviedo,Spain,https://upload.wikimedia.org/wikipedia/en/thumb/6/6e/Real_Oviedo_logo.svg/250px-Real_Oviedo_logo.svg.png,0,,,,,,,,https://en.wikipedia.org/wiki/2026_FIFA_World_Cup_squads,2026-06-11T04:21:10+00:00
H,Uruguay,22,MF,Joaquín Piquerez,1998-08-24,27,19,0,Palmeiras,Brazil,https://upload.wikimedia.org/wikipedia/commons/thumb/6/60/SE_Palmeiras_2025_crest.png/250px-SE_Palmeiras_2025_crest.png,0,,,,,,,,https://en.wikipedia.org/wiki/2026_FIFA_World_Cup_squads,2026-06-11T04:21:10+00:00
H,Uruguay,23,GK,Fernando Muslera,1986-06-16,39,134,0,Estudiantes,Argentina,https://upload.wikimedia.org/wikipedia/commons/thumb/1/15/Estudiantes_de_la_Plata_crest_%282025%29_cropped.svg/250px-Estudiantes_de_la_Plata_crest_%282025%29_cropped.svg.png,0,,,,,,,,https://en.wikipedia.org/wiki/2026_FIFA_World_Cup_squads,2026-06-11T04:21:10+00:00
H,Uruguay,24,DF,Santiago Bueno,1998-11-09,27,8,0,Wolverhampton Wanderers,England,https://upload.wikimedia.org/wikipedia/en/thumb/c/c9/Wolverhampton_Wanderers_FC_crest.svg/250px-Wolverhampton_Wanderers_FC_crest.svg.png,0,,,,,,,,https://en.wikipedia.org/wiki/2026_FIFA_World_Cup_squads,2026-06-11T04:21:10+00:00
H,Uruguay,25,MF,Juan Manuel Sanabria,2000-03-29,26,5,1,Real Salt Lake,the United States,https://upload.wikimedia.org/wikipedia/en/thumb/5/54/Real_Salt_Lake_2010.svg/250px-Real_Salt_Lake_2010.svg.png,0,,,,,,,,https://en.wikipedia.org/wiki/2026_FIFA_World_Cup_squads,2026-06-11T04:21:10+00:00
H,Uruguay,26,MF,Rodrigo Zalazar,1999-08-12,26,8,2,Braga,Portugal,https://upload.wikimedia.org/wikipedia/en/thumb/7/79/S.C._Braga_logo.svg/250px-S.C._Braga_logo.svg.png,0,,,,,,,,https://en.wikipedia.org/wiki/2026_FIFA_World_Cup_squads,2026-06-11T04:21:10+00:00
I,France,1,GK,Brice Samba,1994-04-25,32,4,0,Rennes,France,https://upload.wikimedia.org/wikipedia/en/thumb/9/9e/Stade_Rennais_FC.svg/250px-Stade_Rennais_FC.svg.png,0,,,,,,,,https://en.wikipedia.org/wiki/2026_FIFA_World_Cup_squads,2026-06-11T04:21:10+00:00
I,France,2,DF,Malo Gusto,2003-05-19,23,11,0,Chelsea,England,https://upload.wikimedia.org/wikipedia/en/thumb/c/cc/Chelsea_FC.svg/250px-Chelsea_FC.svg.png,0,,,,,,,,https://en.wikipedia.org/wiki/2026_FIFA_World_Cup_squads,2026-06-11T04:21:10+00:00
I,France,3,DF,Lucas Digne,1993-07-20,32,58,0,Aston Villa,England,https://upload.wikimedia.org/wikipedia/en/thumb/9/9a/Aston_Villa_FC_new_crest.svg/250px-Aston_Villa_FC_new_crest.svg.png,0,,,,,,,,https://en.wikipedia.org/wiki/2026_FIFA_World_Cup_squads,2026-06-11T04:21:10+00:00
I,France,4,DF,Dayot Upamecano,1998-10-27,27,38,2,Bayern Munich,Germany,https://upload.wikimedia.org/wikipedia/commons/thumb/8/8d/FC_Bayern_M%C3%BCnchen_logo_%282024%29.svg/250px-FC_Bayern_M%C3%BCnchen_logo_%282024%29.svg.png,0,,,,,,,,https://en.wikipedia.org/wiki/2026_FIFA_World_Cup_squads,2026-06-11T04:21:10+00:00
I,France,5,DF,Jules Koundé,1998-11-12,27,48,0,Barcelona,Spain,https://upload.wikimedia.org/wikipedia/en/thumb/4/47/FC_Barcelona_%28crest%29.svg/250px-FC_Barcelona_%28crest%29.svg.png,0,,,,,,,,https://en.wikipedia.org/wiki/2026_FIFA_World_Cup_squads,2026-06-11T04:21:10+00:00
I,France,6,MF,Manu Koné,2001-05-17,25,14,0,Roma,Italy,https://upload.wikimedia.org/wikipedia/en/thumb/f/f7/AS_Roma_logo_%282017%29.svg/250px-AS_Roma_logo_%282017%29.svg.png,0,,,,,,,,https://en.wikipedia.org/wiki/2026_FIFA_World_Cup_squads,2026-06-11T04:21:10+00:00
I,France,7,FW,Ousmane Dembélé,1997-05-15,29,59,7,Paris Saint-Germain,France,https://upload.wikimedia.org/wikipedia/en/thumb/a/a7/Paris_Saint-Germain_F.C..svg/250px-Paris_Saint-Germain_F.C..svg.png,1,2025,https://en.wikipedia.org/wiki/FIFPRO_World_11,,,,,,https://en.wikipedia.org/wiki/2026_FIFA_World_Cup_squads,2026-06-11T04:21:10+00:00
I,France,8,MF,Aurélien Tchouaméni,2000-01-27,26,46,3,Real Madrid,Spain,https://upload.wikimedia.org/wikipedia/en/thumb/5/56/Real_Madrid_CF.svg/250px-Real_Madrid_CF.svg.png,0,,,,,,,,https://en.wikipedia.org/wiki/2026_FIFA_World_Cup_squads,2026-06-11T04:21:10+00:00
I,France,9,FW,Marcus Thuram,1997-08-06,28,34,3,Inter Milan,Italy,https://upload.wikimedia.org/wikipedia/commons/thumb/0/05/FC_Internazionale_Milano_2021.svg/250px-FC_Internazionale_Milano_2021.svg.png,0,,,,,,,,https://en.wikipedia.org/wiki/2026_FIFA_World_Cup_squads,2026-06-11T04:21:10+00:00
I,France,10,FW,Kylian Mbappé,1998-12-20,27,98,56,Real Madrid,Spain,https://upload.wikimedia.org/wikipedia/en/thumb/5/56/Real_Madrid_CF.svg/250px-Real_Madrid_CF.svg.png,6,"2018, 2019, 2022, 2023, 2024, 2025",https://en.wikipedia.org/wiki/FIFPRO_World_11,,,,,,https://en.wikipedia.org/wiki/2026_FIFA_World_Cup_squads,2026-06-11T04:21:10+00:00
I,France,11,FW,Michael Olise,2001-12-12,24,17,7,Bayern Munich,Germany,https://upload.wikimedia.org/wikipedia/commons/thumb/8/8d/FC_Bayern_M%C3%BCnchen_logo_%282024%29.svg/250px-FC_Bayern_M%C3%BCnchen_logo_%282024%29.svg.png,0,,,,,,,,https://en.wikipedia.org/wiki/2026_FIFA_World_Cup_squads,2026-06-11T04:21:10+00:00
I,France,12,FW,Bradley Barcola,2002-09-02,23,20,3,Paris Saint-Germain,France,https://upload.wikimedia.org/wikipedia/en/thumb/a/a7/Paris_Saint-Germain_F.C..svg/250px-Paris_Saint-Germain_F.C..svg.png,0,,,,,,,,https://en.wikipedia.org/wiki/2026_FIFA_World_Cup_squads,2026-06-11T04:21:10+00:00
I,France,13,MF,N'Golo Kanté,1991-03-29,35,69,2,Fenerbahçe,Turkey,https://upload.wikimedia.org/wikipedia/en/thumb/3/39/Fenerbah%C3%A7e.svg/250px-Fenerbah%C3%A7e.svg.png,2,"2018, 2021",https://en.wikipedia.org/wiki/FIFPRO_World_11,,,,,,https://en.wikipedia.org/wiki/2026_FIFA_World_Cup_squads,2026-06-11T04:21:10+00:00
I,France,14,MF,Adrien Rabiot,1995-04-03,31,59,7,Milan,Italy,https://upload.wikimedia.org/wikipedia/commons/thumb/d/d0/Logo_of_AC_Milan.svg/250px-Logo_of_AC_Milan.svg.png,0,,,,,,,,https://en.wikipedia.org/wiki/2026_FIFA_World_Cup_squads,2026-06-11T04:21:10+00:00
I,France,15,DF,Ibrahima Konaté,1999-05-25,27,28,0,Liverpool,England,https://upload.wikimedia.org/wikipedia/en/thumb/0/0c/Liverpool_FC.svg/250px-Liverpool_FC.svg.png,0,,,,,,,,https://en.wikipedia.org/wiki/2026_FIFA_World_Cup_squads,2026-06-11T04:21:10+00:00
I,France,16,GK,Mike Maignan,1995-07-03,30,40,0,Milan,Italy,https://upload.wikimedia.org/wikipedia/commons/thumb/d/d0/Logo_of_AC_Milan.svg/250px-Logo_of_AC_Milan.svg.png,0,,,,,,,,https://en.wikipedia.org/wiki/2026_FIFA_World_Cup_squads,2026-06-11T04:21:10+00:00
I,France,17,DF,William Saliba,2001-03-24,25,32,0,Arsenal,England,https://upload.wikimedia.org/wikipedia/en/thumb/5/53/Arsenal_FC.svg/250px-Arsenal_FC.svg.png,0,,,,,,,,https://en.wikipedia.org/wiki/2026_FIFA_World_Cup_squads,2026-06-11T04:21:10+00:00
I,France,18,MF,Warren Zaïre-Emery,2006-03-08,20,11,1,Paris Saint-Germain,France,https://upload.wikimedia.org/wikipedia/en/thumb/a/a7/Paris_Saint-Germain_F.C..svg/250px-Paris_Saint-Germain_F.C..svg.png,0,,,,,,,,https://en.wikipedia.org/wiki/2026_FIFA_World_Cup_squads,2026-06-11T04:21:10+00:00
I,France,19,DF,Théo Hernandez,1997-10-06,28,44,2,Al-Hilal,Saudi Arabia,https://upload.wikimedia.org/wikipedia/commons/thumb/5/55/Al_Hilal_SFC_Logo.svg/250px-Al_Hilal_SFC_Logo.svg.png,0,,,,,,,,https://en.wikipedia.org/wiki/2026_FIFA_World_Cup_squads,2026-06-11T04:21:10+00:00
I,France,20,FW,Désiré Doué,2005-06-03,21,7,2,Paris Saint-Germain,France,https://upload.wikimedia.org/wikipedia/en/thumb/a/a7/Paris_Saint-Germain_F.C..svg/250px-Paris_Saint-Germain_F.C..svg.png,0,,,,,,,,https://en.wikipedia.org/wiki/2026_FIFA_World_Cup_squads,2026-06-11T04:21:10+00:00
I,France,21,DF,Lucas Hernandez,1996-02-14,30,42,0,Paris Saint-Germain,France,https://upload.wikimedia.org/wikipedia/en/thumb/a/a7/Paris_Saint-Germain_F.C..svg/250px-Paris_Saint-Germain_F.C..svg.png,0,,,,,,,,https://en.wikipedia.org/wiki/2026_FIFA_World_Cup_squads,2026-06-11T04:21:10+00:00
I,France,22,FW,Jean-Philippe Mateta,1997-06-28,28,4,2,Crystal Palace,England,https://upload.wikimedia.org/wikipedia/en/thumb/a/a2/Crystal_Palace_FC_logo_%282022%29.svg/250px-Crystal_Palace_FC_logo_%282022%29.svg.png,0,,,,,,,,https://en.wikipedia.org/wiki/2026_FIFA_World_Cup_squads,2026-06-11T04:21:10+00:00
I,France,23,GK,Robin Risser,2004-12-02,21,0,0,Lens,France,https://upload.wikimedia.org/wikipedia/en/thumb/c/cc/RC_Lens_logo.svg/250px-RC_Lens_logo.svg.png,0,,,,,,,,https://en.wikipedia.org/wiki/2026_FIFA_World_Cup_squads,2026-06-11T04:21:10+00:00
I,France,24,MF,Rayan Cherki,2003-08-17,22,7,2,Manchester City,England,https://upload.wikimedia.org/wikipedia/en/thumb/e/eb/Manchester_City_FC_badge.svg/250px-Manchester_City_FC_badge.svg.png,0,,,,,,,,https://en.wikipedia.org/wiki/2026_FIFA_World_Cup_squads,2026-06-11T04:21:10+00:00
I,France,25,MF,Maghnes Akliouche,2002-02-25,24,9,1,Monaco,France,https://upload.wikimedia.org/wikipedia/en/thumb/c/cf/LogoASMonacoFC2021.svg/250px-LogoASMonacoFC2021.svg.png,0,,,,,,,,https://en.wikipedia.org/wiki/2026_FIFA_World_Cup_squads,2026-06-11T04:21:10+00:00
I,France,26,DF,Maxence Lacroix,2000-04-06,26,4,0,Crystal Palace,England,https://upload.wikimedia.org/wikipedia/en/thumb/a/a2/Crystal_Palace_FC_logo_%282022%29.svg/250px-Crystal_Palace_FC_logo_%282022%29.svg.png,0,,,,,,,,https://en.wikipedia.org/wiki/2026_FIFA_World_Cup_squads,2026-06-11T04:21:10+00:00
I,Iraq,1,GK,Fahad Talib,1994-10-21,31,21,0,Al-Talaba,Iraq,https://upload.wikimedia.org/wikipedia/en/thumb/3/34/Al-Talaba_SC_logo.svg/250px-Al-Talaba_SC_logo.svg.png,0,,,,,,,,https://en.wikipedia.org/wiki/2026_FIFA_World_Cup_squads,2026-06-11T04:21:10+00:00
I,Iraq,2,DF,Rebin Sulaka,1992-04-12,34,56,1,Port,Thailand,https://upload.wikimedia.org/wikipedia/en/thumb/f/fc/Port_FC_logo.svg/250px-Port_FC_logo.svg.png,0,,,,,,,,https://en.wikipedia.org/wiki/2026_FIFA_World_Cup_squads,2026-06-11T04:21:10+00:00
I,Iraq,3,DF,Hussein Ali,2002-03-01,24,27,1,Pogoń Szczecin,Poland,https://upload.wikimedia.org/wikipedia/en/thumb/5/55/Pogon_Szczecin_logo.svg/250px-Pogon_Szczecin_logo.svg.png,0,,,,,,,,https://en.wikipedia.org/wiki/2026_FIFA_World_Cup_squads,2026-06-11T04:21:10+00:00
I,Iraq,4,DF,Zaid Tahseen,2001-01-29,25,28,1,Pakhtakor,Uzbekistan,https://upload.wikimedia.org/wikipedia/en/thumb/7/78/Pakhtakor_FC_logo.svg/250px-Pakhtakor_FC_logo.svg.png,0,,,,,,,,https://en.wikipedia.org/wiki/2026_FIFA_World_Cup_squads,2026-06-11T04:21:10+00:00
I,Iraq,5,DF,Akam Hashim,1998-08-16,27,14,1,Al-Zawraa,Iraq,https://upload.wikimedia.org/wikipedia/en/thumb/c/c0/Al-Zawraa_SC_logo.svg/250px-Al-Zawraa_SC_logo.svg.png,0,,,,,,,,https://en.wikipedia.org/wiki/2026_FIFA_World_Cup_squads,2026-06-11T04:21:10+00:00
I,Iraq,6,DF,Manaf Younis,1996-11-16,29,34,1,Al-Shorta,Iraq,https://upload.wikimedia.org/wikipedia/en/thumb/0/04/Al-Shorta_Sports_Club_%28Iraq%29_Crest.png/250px-Al-Shorta_Sports_Club_%28Iraq%29_Crest.png,0,,,,,,,,https://en.wikipedia.org/wiki/2026_FIFA_World_Cup_squads,2026-06-11T04:21:10+00:00
I,Iraq,7,MF,Youssef Amyn,2003-08-21,22,27,2,AEK Larnaca,Cyprus,https://upload.wikimedia.org/wikipedia/en/thumb/f/f9/AEK_Larnaca_logo.svg/250px-AEK_Larnaca_logo.svg.png,0,,,,,,,,https://en.wikipedia.org/wiki/2026_FIFA_World_Cup_squads,2026-06-11T04:21:10+00:00
I,Iraq,8,MF,Ibrahim Bayesh,2000-05-01,26,76,8,Al Dhafra,the United Arab Emirates,https://upload.wikimedia.org/wikipedia/en/thumb/6/64/Al_Dhafra_FC_logo.svg/250px-Al_Dhafra_FC_logo.svg.png,0,,,,,,,,https://en.wikipedia.org/wiki/2026_FIFA_World_Cup_squads,2026-06-11T04:21:10+00:00
I,Iraq,9,FW,Ali Al-Hamadi,2002-03-01,24,20,5,Luton Town,England,https://upload.wikimedia.org/wikipedia/en/thumb/9/9d/Luton_Town_logo.svg/250px-Luton_Town_logo.svg.png,0,,,,,,,,https://en.wikipedia.org/wiki/2026_FIFA_World_Cup_squads,2026-06-11T04:21:10+00:00
I,Iraq,10,FW,Mohanad Ali,2000-06-20,25,72,27,Dibba,the United Arab Emirates,https://upload.wikimedia.org/wikipedia/en/b/be/Dibba_club_logo.png,0,,,,,,,,https://en.wikipedia.org/wiki/2026_FIFA_World_Cup_squads,2026-06-11T04:21:10+00:00
I,Iraq,11,FW,Ahmed Qasem,2003-07-12,22,3,0,Nashville SC,the United States,https://upload.wikimedia.org/wikipedia/commons/thumb/b/bc/Nashville_SC_logo%2C_2020.svg/250px-Nashville_SC_logo%2C_2020.svg.png,0,,,,,,,,https://en.wikipedia.org/wiki/2026_FIFA_World_Cup_squads,2026-06-11T04:21:10+00:00
I,Iraq,12,GK,Jalal Hassan,1991-05-18,35,102,0,Al-Zawraa,Iraq,https://upload.wikimedia.org/wikipedia/en/thumb/c/c0/Al-Zawraa_SC_logo.svg/250px-Al-Zawraa_SC_logo.svg.png,0,,,,,,,,https://en.wikipedia.org/wiki/2026_FIFA_World_Cup_squads,2026-06-11T04:21:10+00:00
I,Iraq,13,FW,Ali Yousif,1996-01-19,30,7,1,Al-Talaba,Iraq,https://upload.wikimedia.org/wikipedia/en/thumb/3/34/Al-Talaba_SC_logo.svg/250px-Al-Talaba_SC_logo.svg.png,0,,,,,,,,https://en.wikipedia.org/wiki/2026_FIFA_World_Cup_squads,2026-06-11T04:21:10+00:00
I,Iraq,14,MF,Zidane Iqbal,2003-04-27,23,25,2,Utrecht,the Netherlands,https://upload.wikimedia.org/wikipedia/commons/thumb/5/5d/Logo_FC_Utrecht.svg/250px-Logo_FC_Utrecht.svg.png,0,,,,,,,,https://en.wikipedia.org/wiki/2026_FIFA_World_Cup_squads,2026-06-11T04:21:10+00:00
I,Iraq,15,DF,Ahmed Maknzi,2001-09-24,24,7,0,Al-Karma,Iraq,https://upload.wikimedia.org/wikipedia/en/thumb/d/d0/Al-Karma_SC_logo.png/250px-Al-Karma_SC_logo.png,0,,,,,,,,https://en.wikipedia.org/wiki/2026_FIFA_World_Cup_squads,2026-06-11T04:21:10+00:00
I,Iraq,16,MF,Amir Al-Ammari,1997-07-27,28,51,3,Cracovia,Poland,https://upload.wikimedia.org/wikipedia/en/thumb/b/b9/Cracovia_%28football_club%29_logo.svg/250px-Cracovia_%28football_club%29_logo.svg.png,0,,,,,,,,https://en.wikipedia.org/wiki/2026_FIFA_World_Cup_squads,2026-06-11T04:21:10+00:00
I,Iraq,17,FW,Ali Jasim,2004-01-20,22,36,2,Al-Najma,Saudi Arabia,https://upload.wikimedia.org/wikipedia/commons/thumb/e/eb/Al-Najmah_SC_Logo.svg/250px-Al-Najmah_SC_Logo.svg.png,0,,,,,,,,https://en.wikipedia.org/wiki/2026_FIFA_World_Cup_squads,2026-06-11T04:21:10+00:00
I,Iraq,18,FW,Aymen Hussein,1996-03-22,30,95,33,Al-Karma,Iraq,https://upload.wikimedia.org/wikipedia/en/thumb/d/d0/Al-Karma_SC_logo.png/250px-Al-Karma_SC_logo.png,0,,,,,,,,https://en.wikipedia.org/wiki/2026_FIFA_World_Cup_squads,2026-06-11T04:21:10+00:00
I,Iraq,19,MF,Kevin Yakob,2000-10-10,25,9,0,AGF,Denmark,https://upload.wikimedia.org/wikipedia/en/thumb/a/ac/AGF_Aarhus_logo.svg/250px-AGF_Aarhus_logo.svg.png,0,,,,,,,,https://en.wikipedia.org/wiki/2026_FIFA_World_Cup_squads,2026-06-11T04:21:10+00:00
I,Iraq,20,MF,Aimar Sher,2002-12-20,23,7,0,Sarpsborg 08,Norway,https://upload.wikimedia.org/wikipedia/en/thumb/e/e4/Sarpsborg_08_FF_logo.svg/330px-Sarpsborg_08_FF_logo.svg.png,0,,,,,,,,https://en.wikipedia.org/wiki/2026_FIFA_World_Cup_squads,2026-06-11T04:21:10+00:00
I,Iraq,21,FW,Marko Farji,2004-03-16,22,12,0,Venezia,Italy,https://upload.wikimedia.org/wikipedia/en/thumb/3/39/Venezia_FC_crest.svg/250px-Venezia_FC_crest.svg.png,0,,,,,,,,https://en.wikipedia.org/wiki/2026_FIFA_World_Cup_squads,2026-06-11T04:21:10+00:00
I,Iraq,22,GK,Ahmed Basil,1996-08-19,29,16,0,Al-Shorta,Iraq,https://upload.wikimedia.org/wikipedia/en/thumb/0/04/Al-Shorta_Sports_Club_%28Iraq%29_Crest.png/250px-Al-Shorta_Sports_Club_%28Iraq%29_Crest.png,0,,,,,,,,https://en.wikipedia.org/wiki/2026_FIFA_World_Cup_squads,2026-06-11T04:21:10+00:00
I,Iraq,23,DF,Merchas Doski,1999-12-07,26,31,1,Viktoria Plzeň,the Czech Republic,https://upload.wikimedia.org/wikipedia/en/thumb/e/e3/Viktoria_Plzen_logo.svg/250px-Viktoria_Plzen_logo.svg.png,0,,,,,,,,https://en.wikipedia.org/wiki/2026_FIFA_World_Cup_squads,2026-06-11T04:21:10+00:00
I,Iraq,24,MF,Zaid Ismail,2002-01-03,24,6,0,Al-Talaba,Iraq,https://upload.wikimedia.org/wikipedia/en/thumb/3/34/Al-Talaba_SC_logo.svg/250px-Al-Talaba_SC_logo.svg.png,0,,,,,,,,https://en.wikipedia.org/wiki/2026_FIFA_World_Cup_squads,2026-06-11T04:21:10+00:00
I,Iraq,25,DF,Mustafa Saadoon,2001-05-25,25,17,0,Al-Shorta,Iraq,https://upload.wikimedia.org/wikipedia/en/thumb/0/04/Al-Shorta_Sports_Club_%28Iraq%29_Crest.png/250px-Al-Shorta_Sports_Club_%28Iraq%29_Crest.png,0,,,,,,,,https://en.wikipedia.org/wiki/2026_FIFA_World_Cup_squads,2026-06-11T04:21:10+00:00
I,Iraq,26,DF,Frans Putros,1993-07-14,32,28,0,Persib,Indonesia,https://upload.wikimedia.org/wikipedia/en/thumb/8/85/Persib_Bandung_Football_Logo.png/250px-Persib_Bandung_Football_Logo.png,0,,,,,,,,https://en.wikipedia.org/wiki/2026_FIFA_World_Cup_squads,2026-06-11T04:21:10+00:00
I,Norway,1,GK,Ørjan Nyland,1990-09-10,35,71,0,Sevilla,Spain,https://upload.wikimedia.org/wikipedia/en/thumb/3/3b/Sevilla_FC_logo.svg/250px-Sevilla_FC_logo.svg.png,0,,,,,,,,https://en.wikipedia.org/wiki/2026_FIFA_World_Cup_squads,2026-06-11T04:21:10+00:00
I,Norway,2,MF,Morten Thorsby,1996-05-05,30,31,0,Cremonese,Italy,https://upload.wikimedia.org/wikipedia/en/thumb/e/e1/US_Cremonese_logo.svg/250px-US_Cremonese_logo.svg.png,0,,,,,,,,https://en.wikipedia.org/wiki/2026_FIFA_World_Cup_squads,2026-06-11T04:21:10+00:00
I,Norway,3,DF,Kristoffer Ajer,1998-04-17,28,52,2,Brentford,England,https://upload.wikimedia.org/wikipedia/en/thumb/2/2a/Brentford_FC_crest.svg/250px-Brentford_FC_crest.svg.png,0,,,,,,,,https://en.wikipedia.org/wiki/2026_FIFA_World_Cup_squads,2026-06-11T04:21:10+00:00
I,Norway,4,DF,Leo Østigård,1999-11-28,26,38,1,Genoa,Italy,https://upload.wikimedia.org/wikipedia/en/thumb/2/2c/Genoa_CFC_crest.svg/250px-Genoa_CFC_crest.svg.png,0,,,,,,,,https://en.wikipedia.org/wiki/2026_FIFA_World_Cup_squads,2026-06-11T04:21:10+00:00
I,Norway,5,DF,David Møller Wolfe,2002-04-23,24,22,1,Wolverhampton Wanderers,England,https://upload.wikimedia.org/wikipedia/en/thumb/c/c9/Wolverhampton_Wanderers_FC_crest.svg/250px-Wolverhampton_Wanderers_FC_crest.svg.png,0,,,,,,,,https://en.wikipedia.org/wiki/2026_FIFA_World_Cup_squads,2026-06-11T04:21:10+00:00
I,Norway,6,MF,Patrick Berg,1997-11-24,28,43,0,Bodø/Glimt,Norway,https://upload.wikimedia.org/wikipedia/en/thumb/8/8d/FK_Bodo_Glimt_logo.svg/250px-FK_Bodo_Glimt_logo.svg.png,0,,,,,,,,https://en.wikipedia.org/wiki/2026_FIFA_World_Cup_squads,2026-06-11T04:21:10+00:00
I,Norway,7,FW,Alexander Sørloth,1995-12-05,30,72,26,Atlético Madrid,Spain,https://upload.wikimedia.org/wikipedia/en/thumb/f/f9/Atletico_Madrid_Logo_2024.svg/250px-Atletico_Madrid_Logo_2024.svg.png,0,,,,,,,,https://en.wikipedia.org/wiki/2026_FIFA_World_Cup_squads,2026-06-11T04:21:10+00:00
I,Norway,8,MF,Sander Berge,1998-02-14,28,66,1,Fulham,England,https://upload.wikimedia.org/wikipedia/en/thumb/e/eb/Fulham_FC_%28shield%29.svg/250px-Fulham_FC_%28shield%29.svg.png,0,,,,,,,,https://en.wikipedia.org/wiki/2026_FIFA_World_Cup_squads,2026-06-11T04:21:10+00:00
I,Norway,9,FW,Erling Haaland,2000-07-21,25,50,55,Manchester City,England,https://upload.wikimedia.org/wikipedia/en/thumb/e/eb/Manchester_City_FC_badge.svg/250px-Manchester_City_FC_badge.svg.png,4,"2021, 2022, 2023, 2024",https://en.wikipedia.org/wiki/FIFPRO_World_11,,,,,,https://en.wikipedia.org/wiki/2026_FIFA_World_Cup_squads,2026-06-11T04:21:10+00:00
I,Norway,10,MF,Martin Ødegaard,1998-12-17,27,68,5,Arsenal,England,https://upload.wikimedia.org/wikipedia/en/thumb/5/53/Arsenal_FC.svg/250px-Arsenal_FC.svg.png,0,,,,,,,,https://en.wikipedia.org/wiki/2026_FIFA_World_Cup_squads,2026-06-11T04:21:10+00:00
I,Norway,11,FW,Jørgen Strand Larsen,2000-02-06,26,28,6,Crystal Palace,England,https://upload.wikimedia.org/wikipedia/en/thumb/a/a2/Crystal_Palace_FC_logo_%282022%29.svg/250px-Crystal_Palace_FC_logo_%282022%29.svg.png,0,,,,,,,,https://en.wikipedia.org/wiki/2026_FIFA_World_Cup_squads,2026-06-11T04:21:10+00:00
I,Norway,12,GK,Sander Tangvik,2002-11-29,23,0,0,Hamburger SV,Germany,https://upload.wikimedia.org/wikipedia/commons/thumb/f/f7/Hamburger_SV_logo.svg/250px-Hamburger_SV_logo.svg.png,0,,,,,,,,https://en.wikipedia.org/wiki/2026_FIFA_World_Cup_squads,2026-06-11T04:21:10+00:00
I,Norway,13,GK,Egil Selvik,1997-07-30,28,7,0,Watford,England,https://upload.wikimedia.org/wikipedia/en/thumb/e/e2/Watford.svg/250px-Watford.svg.png,0,,,,,,,,https://en.wikipedia.org/wiki/2026_FIFA_World_Cup_squads,2026-06-11T04:21:10+00:00
I,Norway,14,MF,Fredrik Aursnes,1995-12-10,30,22,1,Benfica,Portugal,https://upload.wikimedia.org/wikipedia/en/thumb/a/a2/SL_Benfica_logo.svg/250px-SL_Benfica_logo.svg.png,0,,,,,,,,https://en.wikipedia.org/wiki/2026_FIFA_World_Cup_squads,2026-06-11T04:21:10+00:00
I,Norway,15,DF,Fredrik André Bjørkan,1998-08-21,27,21,1,Bodø/Glimt,Norway,https://upload.wikimedia.org/wikipedia/en/thumb/8/8d/FK_Bodo_Glimt_logo.svg/250px-FK_Bodo_Glimt_logo.svg.png,0,,,,,,,,https://en.wikipedia.org/wiki/2026_FIFA_World_Cup_squads,2026-06-11T04:21:10+00:00
I,Norway,16,DF,Marcus Holmgren Pedersen,2000-07-16,25,32,0,Torino,Italy,https://upload.wikimedia.org/wikipedia/en/thumb/2/2e/Torino_FC_Logo.svg/250px-Torino_FC_Logo.svg.png,0,,,,,,,,https://en.wikipedia.org/wiki/2026_FIFA_World_Cup_squads,2026-06-11T04:21:10+00:00
I,Norway,17,DF,Torbjørn Heggem,1999-01-12,27,15,0,Bologna,Italy,https://upload.wikimedia.org/wikipedia/commons/thumb/5/5b/Bologna_F.C._1909_logo.svg/250px-Bologna_F.C._1909_logo.svg.png,0,,,,,,,,https://en.wikipedia.org/wiki/2026_FIFA_World_Cup_squads,2026-06-11T04:21:10+00:00
I,Norway,18,MF,Kristian Thorstvedt,1999-03-13,27,37,4,Sassuolo,Italy,https://upload.wikimedia.org/wikipedia/en/thumb/1/1c/US_Sassuolo_Calcio_logo.svg/250px-US_Sassuolo_Calcio_logo.svg.png,0,,,,,,,,https://en.wikipedia.org/wiki/2026_FIFA_World_Cup_squads,2026-06-11T04:21:10+00:00
I,Norway,19,MF,Thelo Aasgaard,2002-05-02,24,8,5,Rangers,Scotland,https://upload.wikimedia.org/wikipedia/en/thumb/4/43/Rangers_FC.svg/250px-Rangers_FC.svg.png,0,,,,,,,,https://en.wikipedia.org/wiki/2026_FIFA_World_Cup_squads,2026-06-11T04:21:10+00:00
I,Norway,20,FW,Antonio Nusa,2005-04-17,21,24,8,RB Leipzig,Germany,https://upload.wikimedia.org/wikipedia/en/thumb/0/04/RB_Leipzig_2014_logo.svg/330px-RB_Leipzig_2014_logo.svg.png,0,,,,,,,,https://en.wikipedia.org/wiki/2026_FIFA_World_Cup_squads,2026-06-11T04:21:10+00:00
I,Norway,21,MF,Andreas Schjelderup,2004-06-01,22,12,1,Benfica,Portugal,https://upload.wikimedia.org/wikipedia/en/thumb/a/a2/SL_Benfica_logo.svg/250px-SL_Benfica_logo.svg.png,0,,,,,,,,https://en.wikipedia.org/wiki/2026_FIFA_World_Cup_squads,2026-06-11T04:21:10+00:00
I,Norway,22,MF,Oscar Bobb,2003-07-12,22,20,2,Fulham,England,https://upload.wikimedia.org/wikipedia/en/thumb/e/eb/Fulham_FC_%28shield%29.svg/250px-Fulham_FC_%28shield%29.svg.png,0,,,,,,,,https://en.wikipedia.org/wiki/2026_FIFA_World_Cup_squads,2026-06-11T04:21:10+00:00
I,Norway,23,MF,Jens Petter Hauge,1999-10-12,26,15,1,Bodø/Glimt,Norway,https://upload.wikimedia.org/wikipedia/en/thumb/8/8d/FK_Bodo_Glimt_logo.svg/250px-FK_Bodo_Glimt_logo.svg.png,0,,,,,,,,https://en.wikipedia.org/wiki/2026_FIFA_World_Cup_squads,2026-06-11T04:21:10+00:00
I,Norway,24,DF,Sondre Langås,2001-02-02,25,3,0,Derby County,England,https://upload.wikimedia.org/wikipedia/en/thumb/4/4a/Derby_County_crest.svg/250px-Derby_County_crest.svg.png,0,,,,,,,,https://en.wikipedia.org/wiki/2026_FIFA_World_Cup_squads,2026-06-11T04:21:10+00:00
I,Norway,25,DF,Henrik Falchener,2003-05-08,23,1,0,Viking,Norway,https://upload.wikimedia.org/wikipedia/en/thumb/1/13/Viking_FK_logo_2020.svg/250px-Viking_FK_logo_2020.svg.png,0,,,,,,,,https://en.wikipedia.org/wiki/2026_FIFA_World_Cup_squads,2026-06-11T04:21:10+00:00
I,Norway,26,FW,Julian Ryerson,1997-11-17,28,43,1,Borussia Dortmund,Germany,https://upload.wikimedia.org/wikipedia/commons/thumb/6/67/Borussia_Dortmund_logo.svg/250px-Borussia_Dortmund_logo.svg.png,0,,,,,,,,https://en.wikipedia.org/wiki/2026_FIFA_World_Cup_squads,2026-06-11T04:21:10+00:00
I,Senegal,1,GK,Yehvann Diouf,1999-11-16,26,2,0,Nice,France,https://upload.wikimedia.org/wikipedia/en/thumb/2/2e/OGC_Nice_logo.svg/250px-OGC_Nice_logo.svg.png,0,,,,,,,,https://en.wikipedia.org/wiki/2026_FIFA_World_Cup_squads,2026-06-11T04:21:10+00:00
I,Senegal,2,DF,Mamadou Sarr,2005-08-29,20,8,0,Chelsea,England,https://upload.wikimedia.org/wikipedia/en/thumb/c/cc/Chelsea_FC.svg/250px-Chelsea_FC.svg.png,0,,,,,,,,https://en.wikipedia.org/wiki/2026_FIFA_World_Cup_squads,2026-06-11T04:21:10+00:00
I,Senegal,3,DF,Kalidou Koulibaly,1991-06-20,34,103,2,Al-Hilal,Saudi Arabia,https://upload.wikimedia.org/wikipedia/commons/thumb/5/55/Al_Hilal_SFC_Logo.svg/250px-Al_Hilal_SFC_Logo.svg.png,0,,,,,,,,https://en.wikipedia.org/wiki/2026_FIFA_World_Cup_squads,2026-06-11T04:21:10+00:00
I,Senegal,4,DF,Abdoulaye Seck,1992-06-04,34,22,4,Maccabi Haifa,Israel,https://upload.wikimedia.org/wikipedia/en/thumb/1/15/Maccabi_Haifa_FC_Logo_2023.png/250px-Maccabi_Haifa_FC_Logo_2023.png,0,,,,,,,,https://en.wikipedia.org/wiki/2026_FIFA_World_Cup_squads,2026-06-11T04:21:10+00:00
I,Senegal,5,MF,Idrissa Gueye,1989-09-26,36,131,7,Everton,England,https://upload.wikimedia.org/wikipedia/en/thumb/7/7c/Everton_FC_logo.svg/250px-Everton_FC_logo.svg.png,0,,,,,,,,https://en.wikipedia.org/wiki/2026_FIFA_World_Cup_squads,2026-06-11T04:21:10+00:00
I,Senegal,6,MF,Pathé Ciss,1994-03-16,32,30,0,Rayo Vallecano,Spain,https://upload.wikimedia.org/wikipedia/en/thumb/d/d8/Rayo_Vallecano_logo.svg/250px-Rayo_Vallecano_logo.svg.png,0,,,,,,,,https://en.wikipedia.org/wiki/2026_FIFA_World_Cup_squads,2026-06-11T04:21:10+00:00
I,Senegal,7,FW,Assane Diao,2005-09-07,20,5,0,Como,Italy,https://upload.wikimedia.org/wikipedia/commons/thumb/9/99/Calcio_Como_-_logo_%28Italy%2C_2019-%29.svg/250px-Calcio_Como_-_logo_%28Italy%2C_2019-%29.svg.png,0,,,,,,,,https://en.wikipedia.org/wiki/2026_FIFA_World_Cup_squads,2026-06-11T04:21:10+00:00
I,Senegal,8,MF,Lamine Camara,2004-01-01,22,33,7,Monaco,France,https://upload.wikimedia.org/wikipedia/en/thumb/c/cf/LogoASMonacoFC2021.svg/250px-LogoASMonacoFC2021.svg.png,0,,,,,,,,https://en.wikipedia.org/wiki/2026_FIFA_World_Cup_squads,2026-06-11T04:21:10+00:00
I,Senegal,9,FW,Bamba Dieng,2000-03-23,26,23,2,Lorient,France,https://upload.wikimedia.org/wikipedia/en/thumb/4/4c/FC_Lorient_logo.svg/250px-FC_Lorient_logo.svg.png,0,,,,,,,,https://en.wikipedia.org/wiki/2026_FIFA_World_Cup_squads,2026-06-11T04:21:10+00:00
I,Senegal,10,FW,Sadio Mané,1992-04-10,34,128,55,Al-Nassr,Saudi Arabia,https://upload.wikimedia.org/wikipedia/en/thumb/3/3f/Nassr_FC_Logo.svg/250px-Nassr_FC_Logo.svg.png,0,,,,,,,,https://en.wikipedia.org/wiki/2026_FIFA_World_Cup_squads,2026-06-11T04:21:10+00:00
I,Senegal,11,FW,Nicolas Jackson,2001-06-20,24,33,8,Bayern Munich,Germany,https://upload.wikimedia.org/wikipedia/commons/thumb/8/8d/FC_Bayern_M%C3%BCnchen_logo_%282024%29.svg/250px-FC_Bayern_M%C3%BCnchen_logo_%282024%29.svg.png,0,,,,,,,,https://en.wikipedia.org/wiki/2026_FIFA_World_Cup_squads,2026-06-11T04:21:10+00:00
I,Senegal,12,FW,Cherif Ndiaye,1996-01-23,30,19,4,Samsunspor,Turkey,https://upload.wikimedia.org/wikipedia/en/thumb/8/83/Samsunspor_crest.svg/250px-Samsunspor_crest.svg.png,0,,,,,,,,https://en.wikipedia.org/wiki/2026_FIFA_World_Cup_squads,2026-06-11T04:21:10+00:00
I,Senegal,13,FW,Iliman Ndiaye,2000-03-06,26,40,4,Everton,England,https://upload.wikimedia.org/wikipedia/en/thumb/7/7c/Everton_FC_logo.svg/250px-Everton_FC_logo.svg.png,0,,,,,,,,https://en.wikipedia.org/wiki/2026_FIFA_World_Cup_squads,2026-06-11T04:21:10+00:00
I,Senegal,14,DF,Ismail Jakobs,1999-08-17,26,30,0,Galatasaray,Turkey,https://upload.wikimedia.org/wikipedia/commons/thumb/0/07/Galatasaray_S.K._Logo_2026_5-stars.svg/250px-Galatasaray_S.K._Logo_2026_5-stars.svg.png,0,,,,,,,,https://en.wikipedia.org/wiki/2026_FIFA_World_Cup_squads,2026-06-11T04:21:10+00:00
I,Senegal,15,DF,Krépin Diatta,1999-02-25,27,61,2,Monaco,France,https://upload.wikimedia.org/wikipedia/en/thumb/c/cf/LogoASMonacoFC2021.svg/250px-LogoASMonacoFC2021.svg.png,0,,,,,,,,https://en.wikipedia.org/wiki/2026_FIFA_World_Cup_squads,2026-06-11T04:21:10+00:00
I,Senegal,16,GK,Édouard Mendy,1992-03-01,34,57,0,Al-Ahli,Saudi Arabia,https://upload.wikimedia.org/wikipedia/en/thumb/4/45/Al_Ahli_Saudi_FC_logo.svg/250px-Al_Ahli_Saudi_FC_logo.svg.png,0,,,,,,,,https://en.wikipedia.org/wiki/2026_FIFA_World_Cup_squads,2026-06-11T04:21:10+00:00
I,Senegal,17,MF,Pape Matar Sarr,2002-09-14,23,40,4,Tottenham Hotspur,England,https://upload.wikimedia.org/wikipedia/en/thumb/b/b4/Tottenham_Hotspur.svg/250px-Tottenham_Hotspur.svg.png,0,,,,,,,,https://en.wikipedia.org/wiki/2026_FIFA_World_Cup_squads,2026-06-11T04:21:10+00:00
I,Senegal,18,FW,Ismaïla Sarr,1998-02-25,28,83,19,Crystal Palace,England,https://upload.wikimedia.org/wikipedia/en/thumb/a/a2/Crystal_Palace_FC_logo_%282022%29.svg/250px-Crystal_Palace_FC_logo_%282022%29.svg.png,0,,,,,,,,https://en.wikipedia.org/wiki/2026_FIFA_World_Cup_squads,2026-06-11T04:21:10+00:00
I,Senegal,19,DF,Moussa Niakhaté,1996-03-08,30,31,0,Lyon,France,https://upload.wikimedia.org/wikipedia/en/thumb/1/1c/Olympique_Lyonnais_logo.svg/250px-Olympique_Lyonnais_logo.svg.png,0,,,,,,,,https://en.wikipedia.org/wiki/2026_FIFA_World_Cup_squads,2026-06-11T04:21:10+00:00
I,Senegal,20,FW,Ibrahim Mbaye,2008-01-24,18,11,3,Paris Saint-Germain,France,https://upload.wikimedia.org/wikipedia/en/thumb/a/a7/Paris_Saint-Germain_F.C..svg/250px-Paris_Saint-Germain_F.C..svg.png,0,,,,,,,,https://en.wikipedia.org/wiki/2026_FIFA_World_Cup_squads,2026-06-11T04:21:10+00:00
I,Senegal,21,MF,Habib Diarra,2004-01-03,22,21,4,Sunderland,England,https://upload.wikimedia.org/wikipedia/en/thumb/7/77/Logo_Sunderland.svg/330px-Logo_Sunderland.svg.png,0,,,,,,,,https://en.wikipedia.org/wiki/2026_FIFA_World_Cup_squads,2026-06-11T04:21:10+00:00
I,Senegal,22,MF,Bara Sapoko Ndiaye,2007-12-31,18,1,0,Bayern Munich,Germany,https://upload.wikimedia.org/wikipedia/commons/thumb/8/8d/FC_Bayern_M%C3%BCnchen_logo_%282024%29.svg/250px-FC_Bayern_M%C3%BCnchen_logo_%282024%29.svg.png,0,,,,,,,,https://en.wikipedia.org/wiki/2026_FIFA_World_Cup_squads,2026-06-11T04:21:10+00:00
I,Senegal,23,GK,Mory Diaw,1993-06-22,32,5,0,Le Havre,France,https://upload.wikimedia.org/wikipedia/en/thumb/f/fc/Le_Havre_AC_logo.svg/250px-Le_Havre_AC_logo.svg.png,0,,,,,,,,https://en.wikipedia.org/wiki/2026_FIFA_World_Cup_squads,2026-06-11T04:21:10+00:00
I,Senegal,24,DF,Antoine Mendy,2004-05-27,22,7,0,Nice,France,https://upload.wikimedia.org/wikipedia/en/thumb/2/2e/OGC_Nice_logo.svg/250px-OGC_Nice_logo.svg.png,0,,,,,,,,https://en.wikipedia.org/wiki/2026_FIFA_World_Cup_squads,2026-06-11T04:21:10+00:00
I,Senegal,25,DF,El Hadji Malick Diouf,2004-12-29,21,20,1,West Ham United,England,https://upload.wikimedia.org/wikipedia/en/thumb/c/c2/West_Ham_United_FC_logo.svg/250px-West_Ham_United_FC_logo.svg.png,0,,,,,,,,https://en.wikipedia.org/wiki/2026_FIFA_World_Cup_squads,2026-06-11T04:21:10+00:00
I,Senegal,26,MF,Pape Gueye,1999-01-24,27,41,5,Villarreal,Spain,https://upload.wikimedia.org/wikipedia/en/thumb/b/b9/Villarreal_CF_logo-en.svg/250px-Villarreal_CF_logo-en.svg.png,0,,,,,,,,https://en.wikipedia.org/wiki/2026_FIFA_World_Cup_squads,2026-06-11T04:21:10+00:00
J,Algeria,1,GK,Melvin Mastil,2000-02-19,26,1,0,Stade Nyonnais,Switzerland,https://upload.wikimedia.org/wikipedia/en/thumb/8/89/FC_Stade_Nyonnais_logo.png/250px-FC_Stade_Nyonnais_logo.png,0,,,,,,,,https://en.wikipedia.org/wiki/2026_FIFA_World_Cup_squads,2026-06-11T04:21:10+00:00
J,Algeria,2,DF,Aïssa Mandi,1991-10-22,34,117,7,Lille,France,https://upload.wikimedia.org/wikipedia/en/thumb/3/3f/Lille_OSC_2018_logo.svg/250px-Lille_OSC_2018_logo.svg.png,0,,,,,,,,https://en.wikipedia.org/wiki/2026_FIFA_World_Cup_squads,2026-06-11T04:21:10+00:00
J,Algeria,3,DF,Achref Abada,1999-06-15,26,7,1,USM Alger,Algeria,https://upload.wikimedia.org/wikipedia/commons/thumb/8/89/Usma3stars.png/250px-Usma3stars.png,0,,,,,,,,https://en.wikipedia.org/wiki/2026_FIFA_World_Cup_squads,2026-06-11T04:21:10+00:00
J,Algeria,4,DF,Mohamed Amine Tougai,2000-01-22,26,29,2,Espérance de Tunis,Tunisia,https://upload.wikimedia.org/wikipedia/en/thumb/f/fb/Esp%C3%A9rance_Sportive_de_Tunis_logo.png/250px-Esp%C3%A9rance_Sportive_de_Tunis_logo.png,0,,,,,,,,https://en.wikipedia.org/wiki/2026_FIFA_World_Cup_squads,2026-06-11T04:21:10+00:00
J,Algeria,5,DF,Zineddine Belaïd,1999-03-20,27,10,1,JS Kabylie,Algeria,https://upload.wikimedia.org/wikipedia/commons/thumb/e/ed/Logo_JS_Kabylie.svg/250px-Logo_JS_Kabylie.svg.png,0,,,,,,,,https://en.wikipedia.org/wiki/2026_FIFA_World_Cup_squads,2026-06-11T04:21:10+00:00
J,Algeria,6,MF,Ramiz Zerrouki,1998-05-26,28,52,3,Twente,the Netherlands,https://upload.wikimedia.org/wikipedia/en/thumb/e/e3/FC_Twente.svg/250px-FC_Twente.svg.png,0,,,,,,,,https://en.wikipedia.org/wiki/2026_FIFA_World_Cup_squads,2026-06-11T04:21:10+00:00
J,Algeria,7,FW,Riyad Mahrez,1991-02-21,35,114,38,Al-Ahli,Saudi Arabia,https://upload.wikimedia.org/wikipedia/en/thumb/4/45/Al_Ahli_Saudi_FC_logo.svg/250px-Al_Ahli_Saudi_FC_logo.svg.png,0,,,,,,,,https://en.wikipedia.org/wiki/2026_FIFA_World_Cup_squads,2026-06-11T04:21:10+00:00
J,Algeria,8,MF,Houssem Aouar,1998-06-30,27,20,6,Al-Ittihad,Saudi Arabia,https://upload.wikimedia.org/wikipedia/en/thumb/8/87/Al-Ittihad_Club_%28Jeddah%29_logo.svg/250px-Al-Ittihad_Club_%28Jeddah%29_logo.svg.png,0,,,,,,,,https://en.wikipedia.org/wiki/2026_FIFA_World_Cup_squads,2026-06-11T04:21:10+00:00
J,Algeria,9,FW,Amine Gouiri,2000-02-16,26,22,8,Marseille,France,https://upload.wikimedia.org/wikipedia/commons/thumb/4/4f/Olympique_de_Marseille_2026_logo.svg/250px-Olympique_de_Marseille_2026_logo.svg.png,0,,,,,,,,https://en.wikipedia.org/wiki/2026_FIFA_World_Cup_squads,2026-06-11T04:21:10+00:00
J,Algeria,10,MF,Farès Chaïbi,2002-11-28,23,29,3,Eintracht Frankfurt,Germany,https://upload.wikimedia.org/wikipedia/en/thumb/7/7e/Eintracht_Frankfurt_crest.svg/250px-Eintracht_Frankfurt_crest.svg.png,0,,,,,,,,https://en.wikipedia.org/wiki/2026_FIFA_World_Cup_squads,2026-06-11T04:21:10+00:00
J,Algeria,11,FW,Anis Hadj Moussa,2002-02-11,24,14,1,Feyenoord,the Netherlands,https://upload.wikimedia.org/wikipedia/commons/thumb/f/f9/Feyenoord_logo_since_2024.svg/250px-Feyenoord_logo_since_2024.svg.png,0,,,,,,,,https://en.wikipedia.org/wiki/2026_FIFA_World_Cup_squads,2026-06-11T04:21:10+00:00
J,Algeria,12,FW,Nadhir Benbouali,2000-04-17,26,3,1,Győri ETO,Hungary,https://upload.wikimedia.org/wikipedia/en/thumb/d/de/ETO_FC_Gy%C5%91r.png/250px-ETO_FC_Gy%C5%91r.png,0,,,,,,,,https://en.wikipedia.org/wiki/2026_FIFA_World_Cup_squads,2026-06-11T04:21:10+00:00
J,Algeria,13,DF,Jaouen Hadjam,2003-03-26,23,17,3,Young Boys,Switzerland,https://upload.wikimedia.org/wikipedia/commons/thumb/c/c2/BSC_Young_Boys.svg/250px-BSC_Young_Boys.svg.png,0,,,,,,,,https://en.wikipedia.org/wiki/2026_FIFA_World_Cup_squads,2026-06-11T04:21:10+00:00
J,Algeria,14,MF,Hicham Boudaoui,1999-09-23,26,32,0,Nice,France,https://upload.wikimedia.org/wikipedia/en/thumb/2/2e/OGC_Nice_logo.svg/250px-OGC_Nice_logo.svg.png,0,,,,,,,,https://en.wikipedia.org/wiki/2026_FIFA_World_Cup_squads,2026-06-11T04:21:10+00:00
J,Algeria,15,DF,Rayan Aït-Nouri,2001-06-06,25,28,0,Manchester City,England,https://upload.wikimedia.org/wikipedia/en/thumb/e/eb/Manchester_City_FC_badge.svg/250px-Manchester_City_FC_badge.svg.png,0,,,,,,,,https://en.wikipedia.org/wiki/2026_FIFA_World_Cup_squads,2026-06-11T04:21:10+00:00
J,Algeria,16,GK,Oussama Benbot,1994-10-11,31,2,0,USM Alger,Algeria,https://upload.wikimedia.org/wikipedia/commons/thumb/8/89/Usma3stars.png/250px-Usma3stars.png,0,,,,,,,,https://en.wikipedia.org/wiki/2026_FIFA_World_Cup_squads,2026-06-11T04:21:10+00:00
J,Algeria,17,DF,Rafik Belghali,2002-06-07,24,12,1,Hellas Verona,Italy,https://upload.wikimedia.org/wikipedia/en/thumb/9/92/Hellas_Verona_FC_logo_%282020%29.svg/250px-Hellas_Verona_FC_logo_%282020%29.svg.png,0,,,,,,,,https://en.wikipedia.org/wiki/2026_FIFA_World_Cup_squads,2026-06-11T04:21:10+00:00
J,Algeria,18,FW,Mohamed Amoura,2000-05-09,26,45,19,VfL Wolfsburg,Germany,https://upload.wikimedia.org/wikipedia/commons/thumb/c/c5/VfL_Wolfsburg_logo_2026.svg/250px-VfL_Wolfsburg_logo_2026.svg.png,0,,,,,,,,https://en.wikipedia.org/wiki/2026_FIFA_World_Cup_squads,2026-06-11T04:21:10+00:00
J,Algeria,19,MF,Nabil Bentaleb,1994-11-24,31,59,6,Lille,France,https://upload.wikimedia.org/wikipedia/en/thumb/3/3f/Lille_OSC_2018_logo.svg/250px-Lille_OSC_2018_logo.svg.png,0,,,,,,,,https://en.wikipedia.org/wiki/2026_FIFA_World_Cup_squads,2026-06-11T04:21:10+00:00
J,Algeria,20,FW,Adil Boulbina,2003-05-02,23,11,6,Al-Duhail,Qatar,https://upload.wikimedia.org/wikipedia/en/thumb/8/81/Al-Duhail_SC_%28logo%29.svg/250px-Al-Duhail_SC_%28logo%29.svg.png,0,,,,,,,,https://en.wikipedia.org/wiki/2026_FIFA_World_Cup_squads,2026-06-11T04:21:10+00:00
J,Algeria,21,DF,Ramy Bensebaini,1995-04-16,31,81,7,Borussia Dortmund,Germany,https://upload.wikimedia.org/wikipedia/commons/thumb/6/67/Borussia_Dortmund_logo.svg/250px-Borussia_Dortmund_logo.svg.png,0,,,,,,,,https://en.wikipedia.org/wiki/2026_FIFA_World_Cup_squads,2026-06-11T04:21:10+00:00
J,Algeria,22,MF,Ibrahim Maza,2005-11-24,20,16,2,Bayer Leverkusen,Germany,https://upload.wikimedia.org/wikipedia/en/thumb/5/59/Bayer_04_Leverkusen_logo.svg/250px-Bayer_04_Leverkusen_logo.svg.png,0,,,,,,,,https://en.wikipedia.org/wiki/2026_FIFA_World_Cup_squads,2026-06-11T04:21:10+00:00
J,Algeria,23,GK,Luca Zidane,1998-05-13,28,7,0,Granada,Spain,https://upload.wikimedia.org/wikipedia/en/thumb/d/d5/Logo_of_Granada_Club_de_F%C3%BAtbol.svg/120px-Logo_of_Granada_Club_de_F%C3%BAtbol.svg.png,0,,,,,,,,https://en.wikipedia.org/wiki/2026_FIFA_World_Cup_squads,2026-06-11T04:21:10+00:00
J,Algeria,24,MF,Yacine Titraoui,2003-08-26,22,5,0,Charleroi,Belgium,https://upload.wikimedia.org/wikipedia/en/thumb/e/e1/Royal_Charleroi_Sporting_Club_logo.svg/250px-Royal_Charleroi_Sporting_Club_logo.svg.png,0,,,,,,,,https://en.wikipedia.org/wiki/2026_FIFA_World_Cup_squads,2026-06-11T04:21:10+00:00
J,Algeria,25,FW,Farès Ghedjemis,2002-09-06,23,1,1,Frosinone,Italy,https://upload.wikimedia.org/wikipedia/en/thumb/0/0b/Frosinone_Calcio_logo.svg/250px-Frosinone_Calcio_logo.svg.png,0,,,,,,,,https://en.wikipedia.org/wiki/2026_FIFA_World_Cup_squads,2026-06-11T04:21:10+00:00
J,Algeria,26,DF,Samir Chergui,1999-02-06,27,4,0,Paris FC,France,https://upload.wikimedia.org/wikipedia/en/thumb/9/9f/Paris_FC_logo.svg/250px-Paris_FC_logo.svg.png,0,,,,,,,,https://en.wikipedia.org/wiki/2026_FIFA_World_Cup_squads,2026-06-11T04:21:10+00:00
J,Argentina,1,GK,Juan Musso,1994-05-06,32,4,0,Atlético Madrid,Spain,https://upload.wikimedia.org/wikipedia/en/thumb/f/f9/Atletico_Madrid_Logo_2024.svg/250px-Atletico_Madrid_Logo_2024.svg.png,0,,,,,,,,https://en.wikipedia.org/wiki/2026_FIFA_World_Cup_squads,2026-06-11T04:21:10+00:00
J,Argentina,3,DF,Nicolás Tagliafico,1992-08-31,33,76,1,Lyon,France,https://upload.wikimedia.org/wikipedia/en/thumb/1/1c/Olympique_Lyonnais_logo.svg/250px-Olympique_Lyonnais_logo.svg.png,0,,,,,,,,https://en.wikipedia.org/wiki/2026_FIFA_World_Cup_squads,2026-06-11T04:21:10+00:00
J,Argentina,4,DF,Gonzalo Montiel,1997-01-01,29,39,2,River Plate,Argentina,https://upload.wikimedia.org/wikipedia/commons/thumb/4/43/Club_Atl%C3%A9tico_River_Plate_logo.svg/250px-Club_Atl%C3%A9tico_River_Plate_logo.svg.png,0,,,,,,,,https://en.wikipedia.org/wiki/2026_FIFA_World_Cup_squads,2026-06-11T04:21:10+00:00
J,Argentina,5,MF,Leandro Paredes,1994-06-29,31,77,5,Boca Juniors,Argentina,https://upload.wikimedia.org/wikipedia/commons/thumb/e/e3/Boca_Juniors_logo18.svg/250px-Boca_Juniors_logo18.svg.png,0,,,,,,,,https://en.wikipedia.org/wiki/2026_FIFA_World_Cup_squads,2026-06-11T04:21:10+00:00
J,Argentina,6,DF,Lisandro Martínez,1998-01-18,28,28,1,Manchester United,England,https://upload.wikimedia.org/wikipedia/en/thumb/7/7a/Manchester_United_FC_crest.svg/250px-Manchester_United_FC_crest.svg.png,0,,,,,,,,https://en.wikipedia.org/wiki/2026_FIFA_World_Cup_squads,2026-06-11T04:21:10+00:00
J,Argentina,7,MF,Rodrigo De Paul,1994-05-24,32,87,2,Inter Miami CF,the United States,https://upload.wikimedia.org/wikipedia/en/thumb/5/5c/Inter_Miami_CF_logo.svg/250px-Inter_Miami_CF_logo.svg.png,0,,,,,,,,https://en.wikipedia.org/wiki/2026_FIFA_World_Cup_squads,2026-06-11T04:21:10+00:00
J,Argentina,8,MF,Valentín Barco,2004-07-23,21,4,2,Strasbourg,France,https://upload.wikimedia.org/wikipedia/en/thumb/8/80/Racing_Club_de_Strasbourg_logo.svg/250px-Racing_Club_de_Strasbourg_logo.svg.png,0,,,,,,,,https://en.wikipedia.org/wiki/2026_FIFA_World_Cup_squads,2026-06-11T04:21:10+00:00
J,Argentina,9,FW,Julián Alvarez,2000-01-31,26,51,14,Atlético Madrid,Spain,https://upload.wikimedia.org/wikipedia/en/thumb/f/f9/Atletico_Madrid_Logo_2024.svg/250px-Atletico_Madrid_Logo_2024.svg.png,0,,,,,,,,https://en.wikipedia.org/wiki/2026_FIFA_World_Cup_squads,2026-06-11T04:21:10+00:00
J,Argentina,10,FW,Lionel Messi,1987-06-24,38,199,117,Inter Miami CF,the United States,https://upload.wikimedia.org/wikipedia/en/thumb/5/5c/Inter_Miami_CF_logo.svg/250px-Inter_Miami_CF_logo.svg.png,17,"2007, 2008, 2009, 2010, 2011, 2012, 2013, 2014, 2015, 2016, 2017, 2018, 2019, 2020, 2021, 2022, 2023",https://en.wikipedia.org/wiki/FIFPRO_World_11,,,,,,https://en.wikipedia.org/wiki/2026_FIFA_World_Cup_squads,2026-06-11T04:21:10+00:00
J,Argentina,11,MF,Giovani Lo Celso,1996-04-09,30,67,4,Real Betis,Spain,https://upload.wikimedia.org/wikipedia/en/thumb/1/13/Real_betis_logo.svg/250px-Real_betis_logo.svg.png,0,,,,,,,,https://en.wikipedia.org/wiki/2026_FIFA_World_Cup_squads,2026-06-11T04:21:10+00:00
J,Argentina,12,GK,Gerónimo Rulli,1992-05-20,34,8,0,Marseille,France,https://upload.wikimedia.org/wikipedia/commons/thumb/4/4f/Olympique_de_Marseille_2026_logo.svg/250px-Olympique_de_Marseille_2026_logo.svg.png,0,,,,,,,,https://en.wikipedia.org/wiki/2026_FIFA_World_Cup_squads,2026-06-11T04:21:10+00:00
J,Argentina,13,DF,Cristian Romero,1998-04-27,28,51,3,Tottenham Hotspur,England,https://upload.wikimedia.org/wikipedia/en/thumb/b/b4/Tottenham_Hotspur.svg/250px-Tottenham_Hotspur.svg.png,0,,,,,,,,https://en.wikipedia.org/wiki/2026_FIFA_World_Cup_squads,2026-06-11T04:21:10+00:00
J,Argentina,14,MF,Exequiel Palacios,1998-10-05,27,40,0,Bayer Leverkusen,Germany,https://upload.wikimedia.org/wikipedia/en/thumb/5/59/Bayer_04_Leverkusen_logo.svg/250px-Bayer_04_Leverkusen_logo.svg.png,0,,,,,,,,https://en.wikipedia.org/wiki/2026_FIFA_World_Cup_squads,2026-06-11T04:21:10+00:00
J,Argentina,15,MF,Nicolás González,1998-04-06,28,51,6,Atlético Madrid,Spain,https://upload.wikimedia.org/wikipedia/en/thumb/f/f9/Atletico_Madrid_Logo_2024.svg/250px-Atletico_Madrid_Logo_2024.svg.png,0,,,,,,,,https://en.wikipedia.org/wiki/2026_FIFA_World_Cup_squads,2026-06-11T04:21:10+00:00
J,Argentina,16,FW,Thiago Almada,2001-04-26,25,16,5,Atlético Madrid,Spain,https://upload.wikimedia.org/wikipedia/en/thumb/f/f9/Atletico_Madrid_Logo_2024.svg/250px-Atletico_Madrid_Logo_2024.svg.png,0,,,,,,,,https://en.wikipedia.org/wiki/2026_FIFA_World_Cup_squads,2026-06-11T04:21:10+00:00
J,Argentina,17,FW,Giuliano Simeone,2002-12-18,23,13,2,Atlético Madrid,Spain,https://upload.wikimedia.org/wikipedia/en/thumb/f/f9/Atletico_Madrid_Logo_2024.svg/250px-Atletico_Madrid_Logo_2024.svg.png,0,,,,,,,,https://en.wikipedia.org/wiki/2026_FIFA_World_Cup_squads,2026-06-11T04:21:10+00:00
J,Argentina,18,FW,Nico Paz,2004-09-08,21,9,1,Como,Italy,https://upload.wikimedia.org/wikipedia/commons/thumb/9/99/Calcio_Como_-_logo_%28Italy%2C_2019-%29.svg/250px-Calcio_Como_-_logo_%28Italy%2C_2019-%29.svg.png,0,,,,,,,,https://en.wikipedia.org/wiki/2026_FIFA_World_Cup_squads,2026-06-11T04:21:10+00:00
J,Argentina,19,DF,Nicolás Otamendi,1988-02-12,38,132,8,Benfica,Portugal,https://upload.wikimedia.org/wikipedia/en/thumb/a/a2/SL_Benfica_logo.svg/250px-SL_Benfica_logo.svg.png,0,,,,,,,,https://en.wikipedia.org/wiki/2026_FIFA_World_Cup_squads,2026-06-11T04:21:10+00:00
J,Argentina,20,MF,Alexis Mac Allister,1998-12-24,27,46,6,Liverpool,England,https://upload.wikimedia.org/wikipedia/en/thumb/0/0c/Liverpool_FC.svg/250px-Liverpool_FC.svg.png,0,,,,,,,,https://en.wikipedia.org/wiki/2026_FIFA_World_Cup_squads,2026-06-11T04:21:10+00:00
J,Argentina,21,FW,José Manuel López,2000-12-06,25,5,0,Palmeiras,Brazil,https://upload.wikimedia.org/wikipedia/commons/thumb/6/60/SE_Palmeiras_2025_crest.png/250px-SE_Palmeiras_2025_crest.png,0,,,,,,,,https://en.wikipedia.org/wiki/2026_FIFA_World_Cup_squads,2026-06-11T04:21:10+00:00
J,Argentina,22,FW,Lautaro Martínez,1997-08-22,28,77,37,Inter Milan,Italy,https://upload.wikimedia.org/wikipedia/commons/thumb/0/05/FC_Internazionale_Milano_2021.svg/250px-FC_Internazionale_Milano_2021.svg.png,0,,,,,,,,https://en.wikipedia.org/wiki/2026_FIFA_World_Cup_squads,2026-06-11T04:21:10+00:00
J,Argentina,23,GK,Emiliano Martínez,1992-09-02,33,59,0,Aston Villa,England,https://upload.wikimedia.org/wikipedia/en/thumb/9/9a/Aston_Villa_FC_new_crest.svg/250px-Aston_Villa_FC_new_crest.svg.png,0,,,,,,,,https://en.wikipedia.org/wiki/2026_FIFA_World_Cup_squads,2026-06-11T04:21:10+00:00
J,Argentina,24,MF,Enzo Fernández,2001-01-17,25,42,6,Chelsea,England,https://upload.wikimedia.org/wikipedia/en/thumb/c/cc/Chelsea_FC.svg/250px-Chelsea_FC.svg.png,0,,,,,,,,https://en.wikipedia.org/wiki/2026_FIFA_World_Cup_squads,2026-06-11T04:21:10+00:00
J,Argentina,25,DF,Facundo Medina,1999-05-28,27,9,0,Marseille,France,https://upload.wikimedia.org/wikipedia/commons/thumb/4/4f/Olympique_de_Marseille_2026_logo.svg/250px-Olympique_de_Marseille_2026_logo.svg.png,0,,,,,,,,https://en.wikipedia.org/wiki/2026_FIFA_World_Cup_squads,2026-06-11T04:21:10+00:00
J,Argentina,26,DF,Nahuel Molina,1998-04-06,28,58,1,Atlético Madrid,Spain,https://upload.wikimedia.org/wikipedia/en/thumb/f/f9/Atletico_Madrid_Logo_2024.svg/250px-Atletico_Madrid_Logo_2024.svg.png,0,,,,,,,,https://en.wikipedia.org/wiki/2026_FIFA_World_Cup_squads,2026-06-11T04:21:10+00:00
J,Austria,1,GK,Alexander Schlager,1996-02-01,30,26,0,Red Bull Salzburg,Austria,https://upload.wikimedia.org/wikipedia/en/thumb/7/77/FC_Red_Bull_Salzburg_logo.svg/250px-FC_Red_Bull_Salzburg_logo.svg.png,0,,,,,,,,https://en.wikipedia.org/wiki/2026_FIFA_World_Cup_squads,2026-06-11T04:21:10+00:00
J,Austria,2,DF,David Affengruber,2001-03-19,25,1,0,Elche,Spain,https://upload.wikimedia.org/wikipedia/en/thumb/a/a7/Elche_CF_logo.svg/250px-Elche_CF_logo.svg.png,0,,,,,,,,https://en.wikipedia.org/wiki/2026_FIFA_World_Cup_squads,2026-06-11T04:21:10+00:00
J,Austria,3,DF,Kevin Danso,1998-09-19,27,32,0,Tottenham Hotspur,England,https://upload.wikimedia.org/wikipedia/en/thumb/b/b4/Tottenham_Hotspur.svg/250px-Tottenham_Hotspur.svg.png,0,,,,,,,,https://en.wikipedia.org/wiki/2026_FIFA_World_Cup_squads,2026-06-11T04:21:10+00:00
J,Austria,4,MF,Xaver Schlager,1997-09-28,28,51,4,RB Leipzig,Germany,https://upload.wikimedia.org/wikipedia/en/thumb/0/04/RB_Leipzig_2014_logo.svg/330px-RB_Leipzig_2014_logo.svg.png,0,,,,,,,,https://en.wikipedia.org/wiki/2026_FIFA_World_Cup_squads,2026-06-11T04:21:10+00:00
J,Austria,5,DF,Stefan Posch,1997-05-14,29,52,5,Mainz 05,Germany,https://upload.wikimedia.org/wikipedia/commons/thumb/1/1b/1._FSV_Mainz_05_logo.svg/250px-1._FSV_Mainz_05_logo.svg.png,0,,,,,,,,https://en.wikipedia.org/wiki/2026_FIFA_World_Cup_squads,2026-06-11T04:21:10+00:00
J,Austria,6,MF,Nicolas Seiwald,2001-05-04,25,47,1,RB Leipzig,Germany,https://upload.wikimedia.org/wikipedia/en/thumb/0/04/RB_Leipzig_2014_logo.svg/330px-RB_Leipzig_2014_logo.svg.png,0,,,,,,,,https://en.wikipedia.org/wiki/2026_FIFA_World_Cup_squads,2026-06-11T04:21:10+00:00
J,Austria,7,FW,Marko Arnautović,1989-04-19,37,133,47,Red Star Belgrade,Serbia,https://upload.wikimedia.org/wikipedia/en/thumb/c/c2/Red_Star_Belgrade_crest.svg/250px-Red_Star_Belgrade_crest.svg.png,0,,,,,,,,https://en.wikipedia.org/wiki/2026_FIFA_World_Cup_squads,2026-06-11T04:21:10+00:00
J,Austria,8,DF,David Alaba,1992-06-24,33,113,15,Real Madrid,Spain,https://upload.wikimedia.org/wikipedia/en/thumb/5/56/Real_Madrid_CF.svg/250px-Real_Madrid_CF.svg.png,1,2021,https://en.wikipedia.org/wiki/FIFPRO_World_11,,,,,,https://en.wikipedia.org/wiki/2026_FIFA_World_Cup_squads,2026-06-11T04:21:10+00:00
J,Austria,9,MF,Marcel Sabitzer,1994-03-17,32,98,26,Borussia Dortmund,Germany,https://upload.wikimedia.org/wikipedia/commons/thumb/6/67/Borussia_Dortmund_logo.svg/250px-Borussia_Dortmund_logo.svg.png,0,,,,,,,,https://en.wikipedia.org/wiki/2026_FIFA_World_Cup_squads,2026-06-11T04:21:10+00:00
J,Austria,10,MF,Florian Grillitsch,1995-08-07,30,58,1,Braga,Portugal,https://upload.wikimedia.org/wikipedia/en/thumb/7/79/S.C._Braga_logo.svg/250px-S.C._Braga_logo.svg.png,0,,,,,,,,https://en.wikipedia.org/wiki/2026_FIFA_World_Cup_squads,2026-06-11T04:21:10+00:00
J,Austria,11,FW,Michael Gregoritsch,1994-04-18,32,75,24,FC Augsburg,Germany,https://upload.wikimedia.org/wikipedia/en/thumb/c/c5/FC_Augsburg_logo.svg/250px-FC_Augsburg_logo.svg.png,0,,,,,,,,https://en.wikipedia.org/wiki/2026_FIFA_World_Cup_squads,2026-06-11T04:21:10+00:00
J,Austria,12,GK,Florian Wiegele,2001-03-21,25,1,0,Viktoria Plzeň,the Czech Republic,https://upload.wikimedia.org/wikipedia/en/thumb/e/e3/Viktoria_Plzen_logo.svg/250px-Viktoria_Plzen_logo.svg.png,0,,,,,,,,https://en.wikipedia.org/wiki/2026_FIFA_World_Cup_squads,2026-06-11T04:21:10+00:00
J,Austria,13,GK,Patrick Pentz,1997-01-02,29,18,0,Brøndby,Denmark,https://upload.wikimedia.org/wikipedia/en/thumb/b/b5/Brondby_IF_logo.svg/250px-Brondby_IF_logo.svg.png,0,,,,,,,,https://en.wikipedia.org/wiki/2026_FIFA_World_Cup_squads,2026-06-11T04:21:10+00:00
J,Austria,14,FW,Saša Kalajdžić,1997-07-07,28,22,4,LASK,Austria,https://upload.wikimedia.org/wikipedia/commons/thumb/a/a2/LASK-Logo_2023.svg/250px-LASK-Logo_2023.svg.png,0,,,,,,,,https://en.wikipedia.org/wiki/2026_FIFA_World_Cup_squads,2026-06-11T04:21:10+00:00
J,Austria,15,DF,Philipp Lienhart,1996-07-11,29,41,3,SC Freiburg,Germany,https://upload.wikimedia.org/wikipedia/en/thumb/6/6d/SC_Freiburg_logo.svg/250px-SC_Freiburg_logo.svg.png,0,,,,,,,,https://en.wikipedia.org/wiki/2026_FIFA_World_Cup_squads,2026-06-11T04:21:10+00:00
J,Austria,16,DF,Phillipp Mwene,1994-01-29,32,30,0,Mainz 05,Germany,https://upload.wikimedia.org/wikipedia/commons/thumb/1/1b/1._FSV_Mainz_05_logo.svg/250px-1._FSV_Mainz_05_logo.svg.png,0,,,,,,,,https://en.wikipedia.org/wiki/2026_FIFA_World_Cup_squads,2026-06-11T04:21:10+00:00
J,Austria,17,MF,Carney Chukwuemeka,2003-10-20,22,3,1,Borussia Dortmund,Germany,https://upload.wikimedia.org/wikipedia/commons/thumb/6/67/Borussia_Dortmund_logo.svg/250px-Borussia_Dortmund_logo.svg.png,0,,,,,,,,https://en.wikipedia.org/wiki/2026_FIFA_World_Cup_squads,2026-06-11T04:21:10+00:00
J,Austria,18,MF,Romano Schmid,2000-01-27,26,34,3,Werder Bremen,Germany,https://upload.wikimedia.org/wikipedia/commons/thumb/b/be/SV-Werder-Bremen-Logo.svg/250px-SV-Werder-Bremen-Logo.svg.png,0,,,,,,,,https://en.wikipedia.org/wiki/2026_FIFA_World_Cup_squads,2026-06-11T04:21:10+00:00
J,Austria,19,MF,Dejan Ljubičić,1997-10-08,28,9,1,Schalke 04,Germany,https://upload.wikimedia.org/wikipedia/commons/thumb/6/6d/FC_Schalke_04_Logo.svg/250px-FC_Schalke_04_Logo.svg.png,0,,,,,,,,https://en.wikipedia.org/wiki/2026_FIFA_World_Cup_squads,2026-06-11T04:21:10+00:00
J,Austria,20,MF,Konrad Laimer,1997-05-27,29,57,7,Bayern Munich,Germany,https://upload.wikimedia.org/wikipedia/commons/thumb/8/8d/FC_Bayern_M%C3%BCnchen_logo_%282024%29.svg/250px-FC_Bayern_M%C3%BCnchen_logo_%282024%29.svg.png,0,,,,,,,,https://en.wikipedia.org/wiki/2026_FIFA_World_Cup_squads,2026-06-11T04:21:10+00:00
J,Austria,21,FW,Patrick Wimmer,2001-05-30,25,30,1,VfL Wolfsburg,Germany,https://upload.wikimedia.org/wikipedia/commons/thumb/c/c5/VfL_Wolfsburg_logo_2026.svg/250px-VfL_Wolfsburg_logo_2026.svg.png,0,,,,,,,,https://en.wikipedia.org/wiki/2026_FIFA_World_Cup_squads,2026-06-11T04:21:10+00:00
J,Austria,22,MF,Alexander Prass,2001-05-26,25,19,0,TSG Hoffenheim,Germany,https://upload.wikimedia.org/wikipedia/commons/thumb/e/e7/Logo_TSG_Hoffenheim.svg/250px-Logo_TSG_Hoffenheim.svg.png,0,,,,,,,,https://en.wikipedia.org/wiki/2026_FIFA_World_Cup_squads,2026-06-11T04:21:10+00:00
J,Austria,23,DF,Marco Friedl,1998-03-16,28,11,0,Werder Bremen,Germany,https://upload.wikimedia.org/wikipedia/commons/thumb/b/be/SV-Werder-Bremen-Logo.svg/250px-SV-Werder-Bremen-Logo.svg.png,0,,,,,,,,https://en.wikipedia.org/wiki/2026_FIFA_World_Cup_squads,2026-06-11T04:21:10+00:00
J,Austria,24,MF,Paul Wanner,2005-12-23,20,3,0,PSV Eindhoven,the Netherlands,https://upload.wikimedia.org/wikipedia/en/thumb/0/05/PSV_Eindhoven.svg/250px-PSV_Eindhoven.svg.png,0,,,,,,,,https://en.wikipedia.org/wiki/2026_FIFA_World_Cup_squads,2026-06-11T04:21:10+00:00
J,Austria,25,DF,Michael Svoboda,1998-10-15,27,4,0,Venezia,Italy,https://upload.wikimedia.org/wikipedia/en/thumb/3/39/Venezia_FC_crest.svg/250px-Venezia_FC_crest.svg.png,0,,,,,,,,https://en.wikipedia.org/wiki/2026_FIFA_World_Cup_squads,2026-06-11T04:21:10+00:00
J,Austria,26,MF,Alessandro Schöpf,1994-02-07,32,35,6,Wolfsberger AC,Austria,https://upload.wikimedia.org/wikipedia/en/thumb/c/cd/Wolfsberger_AC_logo.svg/250px-Wolfsberger_AC_logo.svg.png,0,,,,,,,,https://en.wikipedia.org/wiki/2026_FIFA_World_Cup_squads,2026-06-11T04:21:10+00:00
J,Jordan,1,GK,Yazeed Abulaila,1993-01-08,33,76,0,Al-Hussein,Jordan,https://upload.wikimedia.org/wikipedia/en/thumb/6/6e/Al-Hussein_SC_%28Irbid%29_-_2025_logo.png/250px-Al-Hussein_SC_%28Irbid%29_-_2025_logo.png,0,,,,,,,,https://en.wikipedia.org/wiki/2026_FIFA_World_Cup_squads,2026-06-11T04:21:10+00:00
J,Jordan,2,DF,Mohammad Abu Hashish,1995-05-09,31,56,1,Al-Karma,Iraq,https://upload.wikimedia.org/wikipedia/en/thumb/d/d0/Al-Karma_SC_logo.png/250px-Al-Karma_SC_logo.png,0,,,,,,,,https://en.wikipedia.org/wiki/2026_FIFA_World_Cup_squads,2026-06-11T04:21:10+00:00
J,Jordan,3,DF,Abdallah Nasib,1994-02-25,32,65,3,Al-Zawraa,Iraq,https://upload.wikimedia.org/wikipedia/en/thumb/c/c0/Al-Zawraa_SC_logo.svg/250px-Al-Zawraa_SC_logo.svg.png,0,,,,,,,,https://en.wikipedia.org/wiki/2026_FIFA_World_Cup_squads,2026-06-11T04:21:10+00:00
J,Jordan,4,DF,Husam Abu Dahab,2000-05-13,26,18,0,Al-Faisaly,Jordan,https://upload.wikimedia.org/wikipedia/en/5/5d/Al-Faisaly_SC_%28logo%29.png,0,,,,,,,,https://en.wikipedia.org/wiki/2026_FIFA_World_Cup_squads,2026-06-11T04:21:10+00:00
J,Jordan,5,DF,Yazan Al-Arab,1996-01-31,30,80,3,FC Seoul,South Korea,https://upload.wikimedia.org/wikipedia/en/thumb/9/9e/FC_Seoul_logo.svg/250px-FC_Seoul_logo.svg.png,0,,,,,,,,https://en.wikipedia.org/wiki/2026_FIFA_World_Cup_squads,2026-06-11T04:21:10+00:00
J,Jordan,6,MF,Amer Jamous,2002-07-03,23,19,1,Al-Zawraa,Iraq,https://upload.wikimedia.org/wikipedia/en/thumb/c/c0/Al-Zawraa_SC_logo.svg/250px-Al-Zawraa_SC_logo.svg.png,0,,,,,,,,https://en.wikipedia.org/wiki/2026_FIFA_World_Cup_squads,2026-06-11T04:21:10+00:00
J,Jordan,7,FW,Mohammad Abu Zrayq,1997-12-30,28,41,5,Raja Casablanca,Morocco,https://upload.wikimedia.org/wikipedia/en/thumb/b/bd/Raja_CA_logo.png/250px-Raja_CA_logo.png,0,,,,,,,,https://en.wikipedia.org/wiki/2026_FIFA_World_Cup_squads,2026-06-11T04:21:10+00:00
J,Jordan,8,MF,Noor Al-Rawabdeh,1997-02-24,29,68,3,Selangor,Malaysia,https://upload.wikimedia.org/wikipedia/en/thumb/d/d7/Selangor_FC_logo.svg/250px-Selangor_FC_logo.svg.png,0,,,,,,,,https://en.wikipedia.org/wiki/2026_FIFA_World_Cup_squads,2026-06-11T04:21:10+00:00
J,Jordan,9,FW,Ali Olwan,2000-03-26,26,66,29,Al-Sailiya,Qatar,https://upload.wikimedia.org/wikipedia/en/thumb/b/b1/Al-Sailiya_SC_logo.png/250px-Al-Sailiya_SC_logo.png,0,,,,,,,,https://en.wikipedia.org/wiki/2026_FIFA_World_Cup_squads,2026-06-11T04:21:10+00:00
J,Jordan,10,FW,Musa Al-Taamari,1997-06-10,29,92,24,Rennes,France,https://upload.wikimedia.org/wikipedia/en/thumb/9/9e/Stade_Rennais_FC.svg/250px-Stade_Rennais_FC.svg.png,0,,,,,,,,https://en.wikipedia.org/wiki/2026_FIFA_World_Cup_squads,2026-06-11T04:21:10+00:00
J,Jordan,11,FW,Odeh Al-Fakhouri,2005-11-22,20,10,1,Pyramids,Egypt,https://upload.wikimedia.org/wikipedia/en/thumb/8/87/Pyramids_FC_%282020%29.png/250px-Pyramids_FC_%282020%29.png,0,,,,,,,,https://en.wikipedia.org/wiki/2026_FIFA_World_Cup_squads,2026-06-11T04:21:10+00:00
J,Jordan,12,GK,Nour Bani Attiah,1993-01-25,33,5,0,Al-Faisaly,Jordan,https://upload.wikimedia.org/wikipedia/en/5/5d/Al-Faisaly_SC_%28logo%29.png,0,,,,,,,,https://en.wikipedia.org/wiki/2026_FIFA_World_Cup_squads,2026-06-11T04:21:10+00:00
J,Jordan,13,FW,Mahmoud Al-Mardi,1993-10-06,32,89,9,Al-Hussein,Jordan,https://upload.wikimedia.org/wikipedia/en/thumb/6/6e/Al-Hussein_SC_%28Irbid%29_-_2025_logo.png/250px-Al-Hussein_SC_%28Irbid%29_-_2025_logo.png,0,,,,,,,,https://en.wikipedia.org/wiki/2026_FIFA_World_Cup_squads,2026-06-11T04:21:10+00:00
J,Jordan,14,MF,Rajaei Ayed,1993-07-25,32,72,0,Al-Hussein,Jordan,https://upload.wikimedia.org/wikipedia/en/thumb/6/6e/Al-Hussein_SC_%28Irbid%29_-_2025_logo.png/250px-Al-Hussein_SC_%28Irbid%29_-_2025_logo.png,0,,,,,,,,https://en.wikipedia.org/wiki/2026_FIFA_World_Cup_squads,2026-06-11T04:21:10+00:00
J,Jordan,15,MF,Ibrahim Sadeh,2000-04-27,26,57,3,Al-Karma,Iraq,https://upload.wikimedia.org/wikipedia/en/thumb/d/d0/Al-Karma_SC_logo.png/250px-Al-Karma_SC_logo.png,0,,,,,,,,https://en.wikipedia.org/wiki/2026_FIFA_World_Cup_squads,2026-06-11T04:21:10+00:00
J,Jordan,16,DF,Mo Abualnadi,2001-02-08,25,18,0,Selangor,Malaysia,https://upload.wikimedia.org/wikipedia/en/thumb/d/d7/Selangor_FC_logo.svg/250px-Selangor_FC_logo.svg.png,0,,,,,,,,https://en.wikipedia.org/wiki/2026_FIFA_World_Cup_squads,2026-06-11T04:21:10+00:00
J,Jordan,17,DF,Salim Obaid,1992-01-17,34,11,0,Al-Hussein,Jordan,https://upload.wikimedia.org/wikipedia/en/thumb/6/6e/Al-Hussein_SC_%28Irbid%29_-_2025_logo.png/250px-Al-Hussein_SC_%28Irbid%29_-_2025_logo.png,0,,,,,,,,https://en.wikipedia.org/wiki/2026_FIFA_World_Cup_squads,2026-06-11T04:21:10+00:00
J,Jordan,18,DF,Mohammad Taha,2005-07-13,20,2,0,Al-Hussein,Jordan,https://upload.wikimedia.org/wikipedia/en/thumb/6/6e/Al-Hussein_SC_%28Irbid%29_-_2025_logo.png/250px-Al-Hussein_SC_%28Irbid%29_-_2025_logo.png,0,,,,,,,,https://en.wikipedia.org/wiki/2026_FIFA_World_Cup_squads,2026-06-11T04:21:10+00:00
J,Jordan,19,DF,Saed Al-Rosan,1997-02-01,29,21,2,Al-Hussein,Jordan,https://upload.wikimedia.org/wikipedia/en/thumb/6/6e/Al-Hussein_SC_%28Irbid%29_-_2025_logo.png/250px-Al-Hussein_SC_%28Irbid%29_-_2025_logo.png,0,,,,,,,,https://en.wikipedia.org/wiki/2026_FIFA_World_Cup_squads,2026-06-11T04:21:10+00:00
J,Jordan,20,MF,Mohannad Abu Taha,2003-02-02,23,29,1,Al-Quwa Al-Jawiya,Iraq,https://upload.wikimedia.org/wikipedia/en/thumb/9/93/Al-Quwa_Al-Jawiya_Crest.png/250px-Al-Quwa_Al-Jawiya_Crest.png,0,,,,,,,,https://en.wikipedia.org/wiki/2026_FIFA_World_Cup_squads,2026-06-11T04:21:10+00:00
J,Jordan,21,MF,Nizar Al-Rashdan,1999-03-23,27,47,4,Qatar SC,Qatar,https://upload.wikimedia.org/wikipedia/commons/thumb/8/8b/QSC-Emblem-RGB.svg/250px-QSC-Emblem-RGB.svg.png,0,,,,,,,,https://en.wikipedia.org/wiki/2026_FIFA_World_Cup_squads,2026-06-11T04:21:10+00:00
J,Jordan,22,GK,Abdallah Al-Fakhouri,2000-01-22,26,11,0,Al-Wehdat,Jordan,https://upload.wikimedia.org/wikipedia/en/4/43/Al-Wehdat_SC_%28logo%29.png,0,,,,,,,,https://en.wikipedia.org/wiki/2026_FIFA_World_Cup_squads,2026-06-11T04:21:10+00:00
J,Jordan,23,DF,Ihsan Haddad,1994-02-05,32,92,2,Al-Hussein,Jordan,https://upload.wikimedia.org/wikipedia/en/thumb/6/6e/Al-Hussein_SC_%28Irbid%29_-_2025_logo.png/250px-Al-Hussein_SC_%28Irbid%29_-_2025_logo.png,0,,,,,,,,https://en.wikipedia.org/wiki/2026_FIFA_World_Cup_squads,2026-06-11T04:21:10+00:00
J,Jordan,24,FW,Ali Azaizeh,2004-04-13,22,4,0,Al-Shabab,Saudi Arabia,https://upload.wikimedia.org/wikipedia/en/thumb/2/2d/Al_Shabab_FC_%28Riyadh%29.svg/250px-Al_Shabab_FC_%28Riyadh%29.svg.png,0,,,,,,,,https://en.wikipedia.org/wiki/2026_FIFA_World_Cup_squads,2026-06-11T04:21:10+00:00
J,Jordan,25,MF,Mohammad Al-Dawoud,1992-04-12,34,13,1,Al-Wehdat,Jordan,https://upload.wikimedia.org/wikipedia/en/4/43/Al-Wehdat_SC_%28logo%29.png,0,,,,,,,,https://en.wikipedia.org/wiki/2026_FIFA_World_Cup_squads,2026-06-11T04:21:10+00:00
J,Jordan,26,DF,Anas Badawi,1997-09-13,28,1,0,Al-Faisaly,Jordan,https://upload.wikimedia.org/wikipedia/en/5/5d/Al-Faisaly_SC_%28logo%29.png,0,,,,,,,,https://en.wikipedia.org/wiki/2026_FIFA_World_Cup_squads,2026-06-11T04:21:10+00:00
K,Colombia,1,GK,David Ospina,1988-08-31,37,130,0,Atlético Nacional,Colombia,https://upload.wikimedia.org/wikipedia/commons/thumb/a/ae/Atletico_Nacional_Logo.svg/250px-Atletico_Nacional_Logo.svg.png,0,,,,,,,,https://en.wikipedia.org/wiki/2026_FIFA_World_Cup_squads,2026-06-11T04:21:10+00:00
K,Colombia,2,DF,Daniel Muñoz,1996-05-26,30,46,3,Crystal Palace,England,https://upload.wikimedia.org/wikipedia/en/thumb/a/a2/Crystal_Palace_FC_logo_%282022%29.svg/250px-Crystal_Palace_FC_logo_%282022%29.svg.png,0,,,,,,,,https://en.wikipedia.org/wiki/2026_FIFA_World_Cup_squads,2026-06-11T04:21:10+00:00
K,Colombia,3,DF,Jhon Lucumí,1998-06-26,27,37,1,Bologna,Italy,https://upload.wikimedia.org/wikipedia/commons/thumb/5/5b/Bologna_F.C._1909_logo.svg/250px-Bologna_F.C._1909_logo.svg.png,0,,,,,,,,https://en.wikipedia.org/wiki/2026_FIFA_World_Cup_squads,2026-06-11T04:21:10+00:00
K,Colombia,4,DF,Santiago Arias,1992-01-13,34,68,0,Independiente,Argentina,https://upload.wikimedia.org/wikipedia/commons/thumb/d/db/Escudo_del_Club_Atl%C3%A9tico_Independiente.svg/250px-Escudo_del_Club_Atl%C3%A9tico_Independiente.svg.png,0,,,,,,,,https://en.wikipedia.org/wiki/2026_FIFA_World_Cup_squads,2026-06-11T04:21:10+00:00
K,Colombia,5,MF,Kevin Castaño,2000-09-29,25,25,0,River Plate,Argentina,https://upload.wikimedia.org/wikipedia/commons/thumb/4/43/Club_Atl%C3%A9tico_River_Plate_logo.svg/250px-Club_Atl%C3%A9tico_River_Plate_logo.svg.png,0,,,,,,,,https://en.wikipedia.org/wiki/2026_FIFA_World_Cup_squads,2026-06-11T04:21:10+00:00
K,Colombia,6,MF,Richard Ríos,2000-06-02,26,32,2,Benfica,Portugal,https://upload.wikimedia.org/wikipedia/en/thumb/a/a2/SL_Benfica_logo.svg/250px-SL_Benfica_logo.svg.png,0,,,,,,,,https://en.wikipedia.org/wiki/2026_FIFA_World_Cup_squads,2026-06-11T04:21:10+00:00
K,Colombia,7,FW,Luis Díaz,1997-01-13,29,74,22,Bayern Munich,Germany,https://upload.wikimedia.org/wikipedia/commons/thumb/8/8d/FC_Bayern_M%C3%BCnchen_logo_%282024%29.svg/250px-FC_Bayern_M%C3%BCnchen_logo_%282024%29.svg.png,0,,,,,,,,https://en.wikipedia.org/wiki/2026_FIFA_World_Cup_squads,2026-06-11T04:21:10+00:00
K,Colombia,8,MF,Jorge Carrascal,1998-05-25,28,24,2,Flamengo,Brazil,https://upload.wikimedia.org/wikipedia/commons/thumb/9/96/Clube_de_Regatas_do_Flamengo_logo.svg/250px-Clube_de_Regatas_do_Flamengo_logo.svg.png,0,,,,,,,,https://en.wikipedia.org/wiki/2026_FIFA_World_Cup_squads,2026-06-11T04:21:10+00:00
K,Colombia,9,FW,Jhon Córdoba,1993-05-11,33,21,6,Krasnodar,Russia,https://upload.wikimedia.org/wikipedia/en/thumb/3/30/FC_Krasnodar_logo.svg/250px-FC_Krasnodar_logo.svg.png,0,,,,,,,,https://en.wikipedia.org/wiki/2026_FIFA_World_Cup_squads,2026-06-11T04:21:10+00:00
K,Colombia,10,MF,James Rodríguez,1991-07-12,34,126,31,Minnesota United FC,the United States,https://upload.wikimedia.org/wikipedia/en/thumb/e/e8/Minnesota_United_FC_%28MLS%29_Primary_logo.svg/250px-Minnesota_United_FC_%28MLS%29_Primary_logo.svg.png,0,,,,,,,,https://en.wikipedia.org/wiki/2026_FIFA_World_Cup_squads,2026-06-11T04:21:10+00:00
K,Colombia,11,MF,Jhon Arias,1997-09-21,28,38,6,Palmeiras,Brazil,https://upload.wikimedia.org/wikipedia/commons/thumb/6/60/SE_Palmeiras_2025_crest.png/250px-SE_Palmeiras_2025_crest.png,0,,,,,,,,https://en.wikipedia.org/wiki/2026_FIFA_World_Cup_squads,2026-06-11T04:21:10+00:00
K,Colombia,12,GK,Camilo Vargas,1989-03-09,37,42,0,Atlas,Mexico,https://upload.wikimedia.org/wikipedia/commons/thumb/d/d2/F%C3%BAtbol_Club_Atlas.svg/250px-F%C3%BAtbol_Club_Atlas.svg.png,0,,,,,,,,https://en.wikipedia.org/wiki/2026_FIFA_World_Cup_squads,2026-06-11T04:21:10+00:00
K,Colombia,13,DF,Yerry Mina,1994-09-23,31,54,8,Cagliari,Italy,https://upload.wikimedia.org/wikipedia/en/thumb/6/61/Cagliari_Calcio_1920.svg/250px-Cagliari_Calcio_1920.svg.png,0,,,,,,,,https://en.wikipedia.org/wiki/2026_FIFA_World_Cup_squads,2026-06-11T04:21:10+00:00
K,Colombia,14,DF,Gustavo Puerta,2003-07-23,22,6,1,Racing Santander,Spain,https://upload.wikimedia.org/wikipedia/en/thumb/f/f5/Racing_de_Santander_logo.svg/250px-Racing_de_Santander_logo.svg.png,0,,,,,,,,https://en.wikipedia.org/wiki/2026_FIFA_World_Cup_squads,2026-06-11T04:21:10+00:00
K,Colombia,15,MF,Juan Portilla,1998-09-12,27,10,0,Athletico Paranaense,Brazil,https://upload.wikimedia.org/wikipedia/commons/thumb/4/43/Athletico_Paranaense_%28Logo_2019%29.svg/250px-Athletico_Paranaense_%28Logo_2019%29.svg.png,0,,,,,,,,https://en.wikipedia.org/wiki/2026_FIFA_World_Cup_squads,2026-06-11T04:21:10+00:00
K,Colombia,16,MF,Jefferson Lerma,1994-10-25,31,65,5,Crystal Palace,England,https://upload.wikimedia.org/wikipedia/en/thumb/a/a2/Crystal_Palace_FC_logo_%282022%29.svg/250px-Crystal_Palace_FC_logo_%282022%29.svg.png,0,,,,,,,,https://en.wikipedia.org/wiki/2026_FIFA_World_Cup_squads,2026-06-11T04:21:10+00:00
K,Colombia,17,DF,Johan Mojica,1992-08-21,33,45,1,Mallorca,Spain,https://upload.wikimedia.org/wikipedia/en/thumb/e/e0/Rcd_mallorca.svg/250px-Rcd_mallorca.svg.png,0,,,,,,,,https://en.wikipedia.org/wiki/2026_FIFA_World_Cup_squads,2026-06-11T04:21:10+00:00
K,Colombia,18,DF,Willer Ditta,1998-01-23,28,5,0,Cruz Azul,Mexico,https://upload.wikimedia.org/wikipedia/commons/thumb/1/15/Cruz_Azul_2026.png/250px-Cruz_Azul_2026.png,0,,,,,,,,https://en.wikipedia.org/wiki/2026_FIFA_World_Cup_squads,2026-06-11T04:21:10+00:00
K,Colombia,19,FW,Cucho Hernández,1999-04-20,27,9,2,Real Betis,Spain,https://upload.wikimedia.org/wikipedia/en/thumb/1/13/Real_betis_logo.svg/250px-Real_betis_logo.svg.png,0,,,,,,,,https://en.wikipedia.org/wiki/2026_FIFA_World_Cup_squads,2026-06-11T04:21:10+00:00
K,Colombia,20,MF,Juan Fernando Quintero,1993-01-18,33,49,6,River Plate,Argentina,https://upload.wikimedia.org/wikipedia/commons/thumb/4/43/Club_Atl%C3%A9tico_River_Plate_logo.svg/250px-Club_Atl%C3%A9tico_River_Plate_logo.svg.png,0,,,,,,,,https://en.wikipedia.org/wiki/2026_FIFA_World_Cup_squads,2026-06-11T04:21:10+00:00
K,Colombia,21,FW,Jaminton Campaz,2000-05-24,26,10,1,Rosario Central,Argentina,https://upload.wikimedia.org/wikipedia/en/thumb/c/ce/Rosario_Central_logo.svg/250px-Rosario_Central_logo.svg.png,0,,,,,,,,https://en.wikipedia.org/wiki/2026_FIFA_World_Cup_squads,2026-06-11T04:21:10+00:00
K,Colombia,22,DF,Deiver Machado,1993-09-02,32,15,0,Nantes,France,https://upload.wikimedia.org/wikipedia/commons/thumb/4/45/Logo_FC_Nantes_%28avec_fond%29_-_2019.svg/250px-Logo_FC_Nantes_%28avec_fond%29_-_2019.svg.png,0,,,,,,,,https://en.wikipedia.org/wiki/2026_FIFA_World_Cup_squads,2026-06-11T04:21:10+00:00
K,Colombia,23,DF,Davinson Sánchez,1996-06-12,29,79,4,Galatasaray,Turkey,https://upload.wikimedia.org/wikipedia/commons/thumb/0/07/Galatasaray_S.K._Logo_2026_5-stars.svg/250px-Galatasaray_S.K._Logo_2026_5-stars.svg.png,0,,,,,,,,https://en.wikipedia.org/wiki/2026_FIFA_World_Cup_squads,2026-06-11T04:21:10+00:00
K,Colombia,24,GK,Álvaro Montero,1995-03-29,31,12,0,Vélez Sarsfield,Argentina,https://upload.wikimedia.org/wikipedia/commons/thumb/2/21/Escudo_del_Club_Atl%C3%A9tico_V%C3%A9lez_Sarsfield.svg/250px-Escudo_del_Club_Atl%C3%A9tico_V%C3%A9lez_Sarsfield.svg.png,0,,,,,,,,https://en.wikipedia.org/wiki/2026_FIFA_World_Cup_squads,2026-06-11T04:21:10+00:00
K,Colombia,25,FW,Luis Suárez,1997-12-02,28,12,5,Sporting CP,Portugal,https://upload.wikimedia.org/wikipedia/en/thumb/9/95/Sporting_CP_crest.svg/250px-Sporting_CP_crest.svg.png,0,,,,,,,,https://en.wikipedia.org/wiki/2026_FIFA_World_Cup_squads,2026-06-11T04:21:10+00:00
K,Colombia,26,FW,Andrés Gómez,2002-09-12,23,8,2,Vasco da Gama,Brazil,https://upload.wikimedia.org/wikipedia/en/thumb/a/a5/Club_de_Regatas_Vasco_da_Gama_logo_%282021%29.svg/250px-Club_de_Regatas_Vasco_da_Gama_logo_%282021%29.svg.png,0,,,,,,,,https://en.wikipedia.org/wiki/2026_FIFA_World_Cup_squads,2026-06-11T04:21:10+00:00
K,DR Congo,1,GK,Lionel Mpasi,1994-08-01,31,29,0,Le Havre,France,https://upload.wikimedia.org/wikipedia/en/thumb/f/fc/Le_Havre_AC_logo.svg/250px-Le_Havre_AC_logo.svg.png,0,,,,,,,,https://en.wikipedia.org/wiki/2026_FIFA_World_Cup_squads,2026-06-11T04:21:10+00:00
K,DR Congo,2,DF,Aaron Wan-Bissaka,1997-11-26,28,12,0,West Ham United,England,https://upload.wikimedia.org/wikipedia/en/thumb/c/c2/West_Ham_United_FC_logo.svg/250px-West_Ham_United_FC_logo.svg.png,0,,,,,,,,https://en.wikipedia.org/wiki/2026_FIFA_World_Cup_squads,2026-06-11T04:21:10+00:00
K,DR Congo,3,DF,Steve Kapuadi,1998-04-30,28,4,0,Widzew Łódź,Poland,https://upload.wikimedia.org/wikipedia/en/thumb/6/62/Widzew_Lodz.svg/250px-Widzew_Lodz.svg.png,0,,,,,,,,https://en.wikipedia.org/wiki/2026_FIFA_World_Cup_squads,2026-06-11T04:21:10+00:00
K,DR Congo,4,DF,Axel Tuanzebe,1997-11-14,28,14,1,Burnley,England,https://upload.wikimedia.org/wikipedia/en/thumb/6/6d/Burnley_FC_Logo.svg/250px-Burnley_FC_Logo.svg.png,0,,,,,,,,https://en.wikipedia.org/wiki/2026_FIFA_World_Cup_squads,2026-06-11T04:21:10+00:00
K,DR Congo,5,DF,Dylan Batubinsika,1996-02-15,30,14,1,AEL,Greece,https://upload.wikimedia.org/wikipedia/en/thumb/2/25/Athlitiki_Enosi_Larissa_F.C._logo.svg/250px-Athlitiki_Enosi_Larissa_F.C._logo.svg.png,0,,,,,,,,https://en.wikipedia.org/wiki/2026_FIFA_World_Cup_squads,2026-06-11T04:21:10+00:00
K,DR Congo,6,MF,Ngal'ayel Mukau,2004-11-03,21,14,0,Lille,France,https://upload.wikimedia.org/wikipedia/en/thumb/3/3f/Lille_OSC_2018_logo.svg/250px-Lille_OSC_2018_logo.svg.png,0,,,,,,,,https://en.wikipedia.org/wiki/2026_FIFA_World_Cup_squads,2026-06-11T04:21:10+00:00
K,DR Congo,7,MF,Nathanaël Mbuku,2002-03-16,24,19,2,Montpellier,France,https://upload.wikimedia.org/wikipedia/en/thumb/a/a8/Montpellier_HSC_logo.svg/250px-Montpellier_HSC_logo.svg.png,0,,,,,,,,https://en.wikipedia.org/wiki/2026_FIFA_World_Cup_squads,2026-06-11T04:21:10+00:00
K,DR Congo,8,MF,Samuel Moutoussamy,1996-08-12,29,58,0,Atromitos,Greece,https://upload.wikimedia.org/wikipedia/en/e/e9/Atromitos.png,0,,,,,,,,https://en.wikipedia.org/wiki/2026_FIFA_World_Cup_squads,2026-06-11T04:21:10+00:00
K,DR Congo,9,FW,Brian Cipenga,1998-03-11,28,8,0,Castellón,Spain,https://upload.wikimedia.org/wikipedia/en/thumb/f/f5/Logo_of_CD_Castell%C3%B3n.svg/250px-Logo_of_CD_Castell%C3%B3n.svg.png,0,,,,,,,,https://en.wikipedia.org/wiki/2026_FIFA_World_Cup_squads,2026-06-11T04:21:10+00:00
K,DR Congo,10,MF,Théo Bongonda,1995-11-20,30,38,7,Spartak Moscow,Russia,https://upload.wikimedia.org/wikipedia/en/thumb/9/93/FC_Spartak_Moscow_crest.svg/250px-FC_Spartak_Moscow_crest.svg.png,0,,,,,,,,https://en.wikipedia.org/wiki/2026_FIFA_World_Cup_squads,2026-06-11T04:21:10+00:00
K,DR Congo,11,FW,Gaël Kakuta,1991-06-21,34,31,5,AEL,Greece,https://upload.wikimedia.org/wikipedia/en/thumb/2/25/Athlitiki_Enosi_Larissa_F.C._logo.svg/250px-Athlitiki_Enosi_Larissa_F.C._logo.svg.png,0,,,,,,,,https://en.wikipedia.org/wiki/2026_FIFA_World_Cup_squads,2026-06-11T04:21:10+00:00
K,DR Congo,12,DF,Joris Kayembe,1994-08-08,31,26,1,Genk,Belgium,https://upload.wikimedia.org/wikipedia/commons/thumb/7/77/Logo_KRC_Genk.png/250px-Logo_KRC_Genk.png,0,,,,,,,,https://en.wikipedia.org/wiki/2026_FIFA_World_Cup_squads,2026-06-11T04:21:10+00:00
K,DR Congo,13,FW,Meschak Elia,1997-08-06,28,69,12,Alanyaspor,Turkey,https://upload.wikimedia.org/wikipedia/en/thumb/4/40/Alanyaspor_logo.svg/250px-Alanyaspor_logo.svg.png,0,,,,,,,,https://en.wikipedia.org/wiki/2026_FIFA_World_Cup_squads,2026-06-11T04:21:10+00:00
K,DR Congo,14,MF,Noah Sadiki,2004-12-17,21,20,0,Sunderland,England,https://upload.wikimedia.org/wikipedia/en/thumb/7/77/Logo_Sunderland.svg/330px-Logo_Sunderland.svg.png,0,,,,,,,,https://en.wikipedia.org/wiki/2026_FIFA_World_Cup_squads,2026-06-11T04:21:10+00:00
K,DR Congo,15,MF,Aaron Tshibola,1995-01-02,31,17,1,Kilmarnock,Scotland,https://upload.wikimedia.org/wikipedia/en/thumb/3/38/Kilmarnock_FC_crest.svg/250px-Kilmarnock_FC_crest.svg.png,0,,,,,,,,https://en.wikipedia.org/wiki/2026_FIFA_World_Cup_squads,2026-06-11T04:21:10+00:00
K,DR Congo,16,GK,Timothy Fayulu,1999-07-24,26,3,0,Noah,Armenia,https://upload.wikimedia.org/wikipedia/en/thumb/6/6e/FC_Noah_logo_%282024%29.svg/250px-FC_Noah_logo_%282024%29.svg.png,0,,,,,,,,https://en.wikipedia.org/wiki/2026_FIFA_World_Cup_squads,2026-06-11T04:21:10+00:00
K,DR Congo,17,FW,Cédric Bakambu,1991-04-11,35,70,21,Real Betis,Spain,https://upload.wikimedia.org/wikipedia/en/thumb/1/13/Real_betis_logo.svg/250px-Real_betis_logo.svg.png,0,,,,,,,,https://en.wikipedia.org/wiki/2026_FIFA_World_Cup_squads,2026-06-11T04:21:10+00:00
K,DR Congo,18,MF,Charles Pickel,1997-05-15,29,34,1,Espanyol,Spain,https://upload.wikimedia.org/wikipedia/en/thumb/9/92/RCD_Espanyol_crest.svg/250px-RCD_Espanyol_crest.svg.png,0,,,,,,,,https://en.wikipedia.org/wiki/2026_FIFA_World_Cup_squads,2026-06-11T04:21:10+00:00
K,DR Congo,19,FW,Fiston Mayele,1994-06-24,31,37,6,Pyramids,Egypt,https://upload.wikimedia.org/wikipedia/en/thumb/8/87/Pyramids_FC_%282020%29.png/250px-Pyramids_FC_%282020%29.png,0,,,,,,,,https://en.wikipedia.org/wiki/2026_FIFA_World_Cup_squads,2026-06-11T04:21:10+00:00
K,DR Congo,20,FW,Yoane Wissa,1996-09-03,29,38,9,Newcastle United,England,https://upload.wikimedia.org/wikipedia/en/thumb/5/56/Newcastle_United_Logo.svg/250px-Newcastle_United_Logo.svg.png,0,,,,,,,,https://en.wikipedia.org/wiki/2026_FIFA_World_Cup_squads,2026-06-11T04:21:10+00:00
K,DR Congo,21,GK,Matthieu Epolo,2005-01-15,21,1,0,Standard Liège,Belgium,https://upload.wikimedia.org/wikipedia/en/thumb/7/7e/Standard_Li%C3%A8ge_logo.svg/250px-Standard_Li%C3%A8ge_logo.svg.png,0,,,,,,,,https://en.wikipedia.org/wiki/2026_FIFA_World_Cup_squads,2026-06-11T04:21:10+00:00
K,DR Congo,22,DF,Chancel Mbemba,1994-08-08,31,109,7,Lille,France,https://upload.wikimedia.org/wikipedia/en/thumb/3/3f/Lille_OSC_2018_logo.svg/250px-Lille_OSC_2018_logo.svg.png,0,,,,,,,,https://en.wikipedia.org/wiki/2026_FIFA_World_Cup_squads,2026-06-11T04:21:10+00:00
K,DR Congo,23,FW,Simon Banza,1996-08-13,29,15,2,Al Jazira,the United Arab Emirates,https://upload.wikimedia.org/wikipedia/en/thumb/f/ff/Al_Jazira_Club_logo_en_%282021%29.svg/250px-Al_Jazira_Club_logo_en_%282021%29.svg.png,0,,,,,,,,https://en.wikipedia.org/wiki/2026_FIFA_World_Cup_squads,2026-06-11T04:21:10+00:00
K,DR Congo,24,DF,Gédéon Kalulu,1997-08-29,28,28,0,Aris Limassol,Cyprus,https://upload.wikimedia.org/wikipedia/en/thumb/4/45/Aris_Limassol_FC_logo.svg/250px-Aris_Limassol_FC_logo.svg.png,0,,,,,,,,https://en.wikipedia.org/wiki/2026_FIFA_World_Cup_squads,2026-06-11T04:21:10+00:00
K,DR Congo,25,MF,Edo Kayembe,1998-06-03,28,43,2,Watford,England,https://upload.wikimedia.org/wikipedia/en/thumb/e/e2/Watford.svg/250px-Watford.svg.png,0,,,,,,,,https://en.wikipedia.org/wiki/2026_FIFA_World_Cup_squads,2026-06-11T04:21:10+00:00
K,DR Congo,26,DF,Arthur Masuaku,1993-11-07,32,45,4,Lens,France,https://upload.wikimedia.org/wikipedia/en/thumb/c/cc/RC_Lens_logo.svg/250px-RC_Lens_logo.svg.png,0,,,,,,,,https://en.wikipedia.org/wiki/2026_FIFA_World_Cup_squads,2026-06-11T04:21:10+00:00
K,Portugal,1,GK,Diogo Costa,1999-09-19,26,43,0,Porto,Portugal,https://upload.wikimedia.org/wikipedia/en/thumb/f/f1/FC_Porto.svg/250px-FC_Porto.svg.png,0,,,,,,,,https://en.wikipedia.org/wiki/2026_FIFA_World_Cup_squads,2026-06-11T04:21:10+00:00
K,Portugal,2,DF,Nélson Semedo,1993-11-16,32,50,0,Fenerbahçe,Turkey,https://upload.wikimedia.org/wikipedia/en/thumb/3/39/Fenerbah%C3%A7e.svg/250px-Fenerbah%C3%A7e.svg.png,0,,,,,,,,https://en.wikipedia.org/wiki/2026_FIFA_World_Cup_squads,2026-06-11T04:21:10+00:00
K,Portugal,3,DF,Rúben Dias,1997-05-14,29,76,3,Manchester City,England,https://upload.wikimedia.org/wikipedia/en/thumb/e/eb/Manchester_City_FC_badge.svg/250px-Manchester_City_FC_badge.svg.png,2,"2021, 2023",https://en.wikipedia.org/wiki/FIFPRO_World_11,,,,,,https://en.wikipedia.org/wiki/2026_FIFA_World_Cup_squads,2026-06-11T04:21:10+00:00
K,Portugal,4,DF,Tomás Araújo,2002-05-16,24,5,0,Benfica,Portugal,https://upload.wikimedia.org/wikipedia/en/thumb/a/a2/SL_Benfica_logo.svg/250px-SL_Benfica_logo.svg.png,0,,,,,,,,https://en.wikipedia.org/wiki/2026_FIFA_World_Cup_squads,2026-06-11T04:21:10+00:00
K,Portugal,5,DF,Diogo Dalot,1999-03-18,27,35,3,Manchester United,England,https://upload.wikimedia.org/wikipedia/en/thumb/7/7a/Manchester_United_FC_crest.svg/250px-Manchester_United_FC_crest.svg.png,0,,,,,,,,https://en.wikipedia.org/wiki/2026_FIFA_World_Cup_squads,2026-06-11T04:21:10+00:00
K,Portugal,6,MF,Matheus Nunes,1998-08-27,27,20,2,Manchester City,England,https://upload.wikimedia.org/wikipedia/en/thumb/e/eb/Manchester_City_FC_badge.svg/250px-Manchester_City_FC_badge.svg.png,0,,,,,,,,https://en.wikipedia.org/wiki/2026_FIFA_World_Cup_squads,2026-06-11T04:21:10+00:00
K,Portugal,7,FW,Cristiano Ronaldo,1985-02-05,41,228,143,Al-Nassr,Saudi Arabia,https://upload.wikimedia.org/wikipedia/en/thumb/3/3f/Nassr_FC_Logo.svg/250px-Nassr_FC_Logo.svg.png,15,"2007, 2008, 2009, 2010, 2011, 2012, 2013, 2014, 2015, 2016, 2017, 2018, 2019, 2020, 2021",https://en.wikipedia.org/wiki/FIFPRO_World_11,,,,,,https://en.wikipedia.org/wiki/2026_FIFA_World_Cup_squads,2026-06-11T04:21:10+00:00
K,Portugal,8,MF,Bruno Fernandes,1994-09-08,31,89,29,Manchester United,England,https://upload.wikimedia.org/wikipedia/en/thumb/7/7a/Manchester_United_FC_crest.svg/250px-Manchester_United_FC_crest.svg.png,0,,,,,,,,https://en.wikipedia.org/wiki/2026_FIFA_World_Cup_squads,2026-06-11T04:21:10+00:00
K,Portugal,9,FW,Gonçalo Ramos,2001-06-20,24,25,10,Paris Saint-Germain,France,https://upload.wikimedia.org/wikipedia/en/thumb/a/a7/Paris_Saint-Germain_F.C..svg/250px-Paris_Saint-Germain_F.C..svg.png,0,,,,,,,,https://en.wikipedia.org/wiki/2026_FIFA_World_Cup_squads,2026-06-11T04:21:10+00:00
K,Portugal,10,MF,Bernardo Silva,1994-08-10,31,109,14,Manchester City,England,https://upload.wikimedia.org/wikipedia/en/thumb/e/eb/Manchester_City_FC_badge.svg/250px-Manchester_City_FC_badge.svg.png,1,2023,https://en.wikipedia.org/wiki/FIFPRO_World_11,,,,,,https://en.wikipedia.org/wiki/2026_FIFA_World_Cup_squads,2026-06-11T04:21:10+00:00
K,Portugal,11,FW,João Félix,1999-11-10,26,54,12,Al-Nassr,Saudi Arabia,https://upload.wikimedia.org/wikipedia/en/thumb/3/3f/Nassr_FC_Logo.svg/250px-Nassr_FC_Logo.svg.png,0,,,,,,,,https://en.wikipedia.org/wiki/2026_FIFA_World_Cup_squads,2026-06-11T04:21:10+00:00
K,Portugal,12,GK,José Sá,1993-01-17,33,5,0,Wolverhampton Wanderers,England,https://upload.wikimedia.org/wikipedia/en/thumb/c/c9/Wolverhampton_Wanderers_FC_crest.svg/250px-Wolverhampton_Wanderers_FC_crest.svg.png,0,,,,,,,,https://en.wikipedia.org/wiki/2026_FIFA_World_Cup_squads,2026-06-11T04:21:10+00:00
K,Portugal,13,DF,Renato Veiga,2003-07-29,22,13,1,Villarreal,Spain,https://upload.wikimedia.org/wikipedia/en/thumb/b/b9/Villarreal_CF_logo-en.svg/250px-Villarreal_CF_logo-en.svg.png,0,,,,,,,,https://en.wikipedia.org/wiki/2026_FIFA_World_Cup_squads,2026-06-11T04:21:10+00:00
K,Portugal,14,DF,Gonçalo Inácio,2001-08-25,24,22,2,Sporting CP,Portugal,https://upload.wikimedia.org/wikipedia/en/thumb/9/95/Sporting_CP_crest.svg/250px-Sporting_CP_crest.svg.png,0,,,,,,,,https://en.wikipedia.org/wiki/2026_FIFA_World_Cup_squads,2026-06-11T04:21:10+00:00
K,Portugal,15,MF,João Neves,2004-09-27,21,22,3,Paris Saint-Germain,France,https://upload.wikimedia.org/wikipedia/en/thumb/a/a7/Paris_Saint-Germain_F.C..svg/250px-Paris_Saint-Germain_F.C..svg.png,0,,,,,,,,https://en.wikipedia.org/wiki/2026_FIFA_World_Cup_squads,2026-06-11T04:21:10+00:00
K,Portugal,16,FW,Francisco Trincão,1999-12-29,26,18,3,Sporting CP,Portugal,https://upload.wikimedia.org/wikipedia/en/thumb/9/95/Sporting_CP_crest.svg/250px-Sporting_CP_crest.svg.png,0,,,,,,,,https://en.wikipedia.org/wiki/2026_FIFA_World_Cup_squads,2026-06-11T04:21:10+00:00
K,Portugal,17,FW,Rafael Leão,1999-06-10,27,44,5,Milan,Italy,https://upload.wikimedia.org/wikipedia/commons/thumb/d/d0/Logo_of_AC_Milan.svg/250px-Logo_of_AC_Milan.svg.png,0,,,,,,,,https://en.wikipedia.org/wiki/2026_FIFA_World_Cup_squads,2026-06-11T04:21:10+00:00
K,Portugal,18,FW,Pedro Neto,2000-03-09,26,25,3,Chelsea,England,https://upload.wikimedia.org/wikipedia/en/thumb/c/cc/Chelsea_FC.svg/250px-Chelsea_FC.svg.png,0,,,,,,,,https://en.wikipedia.org/wiki/2026_FIFA_World_Cup_squads,2026-06-11T04:21:10+00:00
K,Portugal,19,FW,Gonçalo Guedes,1996-11-29,29,34,8,Real Sociedad,Spain,https://upload.wikimedia.org/wikipedia/en/thumb/f/f1/Real_Sociedad_logo.svg/250px-Real_Sociedad_logo.svg.png,0,,,,,,,,https://en.wikipedia.org/wiki/2026_FIFA_World_Cup_squads,2026-06-11T04:21:10+00:00
K,Portugal,20,DF,João Cancelo,1994-05-27,32,68,12,Barcelona,Spain,https://upload.wikimedia.org/wikipedia/en/thumb/4/47/FC_Barcelona_%28crest%29.svg/250px-FC_Barcelona_%28crest%29.svg.png,1,2022,https://en.wikipedia.org/wiki/FIFPRO_World_11,,,,,,https://en.wikipedia.org/wiki/2026_FIFA_World_Cup_squads,2026-06-11T04:21:10+00:00
K,Portugal,21,MF,Rúben Neves,1997-03-13,29,67,1,Al-Hilal,Saudi Arabia,https://upload.wikimedia.org/wikipedia/commons/thumb/5/55/Al_Hilal_SFC_Logo.svg/250px-Al_Hilal_SFC_Logo.svg.png,0,,,,,,,,https://en.wikipedia.org/wiki/2026_FIFA_World_Cup_squads,2026-06-11T04:21:10+00:00
K,Portugal,22,GK,Rui Silva,1994-02-07,32,3,0,Sporting CP,Portugal,https://upload.wikimedia.org/wikipedia/en/thumb/9/95/Sporting_CP_crest.svg/250px-Sporting_CP_crest.svg.png,0,,,,,,,,https://en.wikipedia.org/wiki/2026_FIFA_World_Cup_squads,2026-06-11T04:21:10+00:00
K,Portugal,23,MF,Vitinha,2000-02-13,26,38,0,Paris Saint-Germain,France,https://upload.wikimedia.org/wikipedia/en/thumb/a/a7/Paris_Saint-Germain_F.C..svg/250px-Paris_Saint-Germain_F.C..svg.png,1,2025,https://en.wikipedia.org/wiki/FIFPRO_World_11,,,,,,https://en.wikipedia.org/wiki/2026_FIFA_World_Cup_squads,2026-06-11T04:21:10+00:00
K,Portugal,24,DF,Samú Costa,2000-11-27,25,6,0,Mallorca,Spain,https://upload.wikimedia.org/wikipedia/en/thumb/e/e0/Rcd_mallorca.svg/250px-Rcd_mallorca.svg.png,0,,,,,,,,https://en.wikipedia.org/wiki/2026_FIFA_World_Cup_squads,2026-06-11T04:21:10+00:00
K,Portugal,25,DF,Nuno Mendes,2002-06-19,23,44,1,Paris Saint-Germain,France,https://upload.wikimedia.org/wikipedia/en/thumb/a/a7/Paris_Saint-Germain_F.C..svg/250px-Paris_Saint-Germain_F.C..svg.png,1,2025,https://en.wikipedia.org/wiki/FIFPRO_World_11,,,,,,https://en.wikipedia.org/wiki/2026_FIFA_World_Cup_squads,2026-06-11T04:21:10+00:00
K,Portugal,26,FW,Francisco Conceição,2002-12-14,23,17,4,Juventus,Italy,https://upload.wikimedia.org/wikipedia/commons/thumb/e/ed/Juventus_FC_-_logo_black_%28Italy%2C_2020%29.svg/250px-Juventus_FC_-_logo_black_%28Italy%2C_2020%29.svg.png,0,,,,,,,,https://en.wikipedia.org/wiki/2026_FIFA_World_Cup_squads,2026-06-11T04:21:10+00:00
K,Uzbekistan,1,GK,Utkir Yusupov,1991-01-04,35,40,0,Navbahor Namangan,Uzbekistan,https://upload.wikimedia.org/wikipedia/en/thumb/a/ae/PFC_Navbahor_Namangan_logo.png/250px-PFC_Navbahor_Namangan_logo.png,0,,,,,,,,https://en.wikipedia.org/wiki/2026_FIFA_World_Cup_squads,2026-06-11T04:21:10+00:00
K,Uzbekistan,2,DF,Abdukodir Khusanov,2004-02-29,22,27,0,Manchester City,England,https://upload.wikimedia.org/wikipedia/en/thumb/e/eb/Manchester_City_FC_badge.svg/250px-Manchester_City_FC_badge.svg.png,0,,,,,,,,https://en.wikipedia.org/wiki/2026_FIFA_World_Cup_squads,2026-06-11T04:21:10+00:00
K,Uzbekistan,3,DF,Khojiakbar Alijonov,1997-04-19,29,40,2,Pakhtakor,Uzbekistan,https://upload.wikimedia.org/wikipedia/en/thumb/7/78/Pakhtakor_FC_logo.svg/250px-Pakhtakor_FC_logo.svg.png,0,,,,,,,,https://en.wikipedia.org/wiki/2026_FIFA_World_Cup_squads,2026-06-11T04:21:10+00:00
K,Uzbekistan,4,DF,Farrukh Sayfiev,1991-01-17,35,46,1,Neftchi Fergana,Uzbekistan,https://upload.wikimedia.org/wikipedia/en/thumb/7/71/Neftchi-2022-08.png/250px-Neftchi-2022-08.png,0,,,,,,,,https://en.wikipedia.org/wiki/2026_FIFA_World_Cup_squads,2026-06-11T04:21:10+00:00
K,Uzbekistan,5,DF,Rustam Ashurmatov,1996-07-07,29,49,1,Esteghlal,Iran,https://upload.wikimedia.org/wikipedia/en/thumb/5/54/Esteghlal_F.C._Logo.svg/250px-Esteghlal_F.C._Logo.svg.png,0,,,,,,,,https://en.wikipedia.org/wiki/2026_FIFA_World_Cup_squads,2026-06-11T04:21:10+00:00
K,Uzbekistan,6,MF,Akmal Mozgovoy,1999-04-02,27,25,1,Pakhtakor,Uzbekistan,https://upload.wikimedia.org/wikipedia/en/thumb/7/78/Pakhtakor_FC_logo.svg/250px-Pakhtakor_FC_logo.svg.png,0,,,,,,,,https://en.wikipedia.org/wiki/2026_FIFA_World_Cup_squads,2026-06-11T04:21:10+00:00
K,Uzbekistan,7,MF,Otabek Shukurov,1996-06-22,29,84,9,Baniyas,the United Arab Emirates,https://upload.wikimedia.org/wikipedia/en/thumb/a/a5/Baniyas_%282%29.png/250px-Baniyas_%282%29.png,0,,,,,,,,https://en.wikipedia.org/wiki/2026_FIFA_World_Cup_squads,2026-06-11T04:21:10+00:00
K,Uzbekistan,8,MF,Jamshid Iskanderov,1993-10-16,32,38,4,Neftchi Fergana,Uzbekistan,https://upload.wikimedia.org/wikipedia/en/thumb/7/71/Neftchi-2022-08.png/250px-Neftchi-2022-08.png,0,,,,,,,,https://en.wikipedia.org/wiki/2026_FIFA_World_Cup_squads,2026-06-11T04:21:10+00:00
K,Uzbekistan,9,MF,Odiljon Hamrobekov,1996-02-13,30,72,1,Tractor,Iran,https://upload.wikimedia.org/wikipedia/en/thumb/4/41/Tractor_S.C._Logo.svg/250px-Tractor_S.C._Logo.svg.png,0,,,,,,,,https://en.wikipedia.org/wiki/2026_FIFA_World_Cup_squads,2026-06-11T04:21:10+00:00
K,Uzbekistan,10,MF,Jaloliddin Masharipov,1993-09-01,32,74,12,Esteghlal,Iran,https://upload.wikimedia.org/wikipedia/en/thumb/5/54/Esteghlal_F.C._Logo.svg/250px-Esteghlal_F.C._Logo.svg.png,0,,,,,,,,https://en.wikipedia.org/wiki/2026_FIFA_World_Cup_squads,2026-06-11T04:21:10+00:00
K,Uzbekistan,11,MF,Oston Urunov,2000-12-19,25,42,10,Persepolis,Iran,https://upload.wikimedia.org/wikipedia/en/thumb/0/05/FC_Persepolis_Official_Logo.svg/250px-FC_Persepolis_Official_Logo.svg.png,0,,,,,,,,https://en.wikipedia.org/wiki/2026_FIFA_World_Cup_squads,2026-06-11T04:21:10+00:00
K,Uzbekistan,12,GK,Abduvohid Nematov,2001-03-20,25,8,0,Nasaf,Uzbekistan,https://upload.wikimedia.org/wikipedia/en/thumb/b/bd/FC_Nasaf_logo.svg/250px-FC_Nasaf_logo.svg.png,0,,,,,,,,https://en.wikipedia.org/wiki/2026_FIFA_World_Cup_squads,2026-06-11T04:21:10+00:00
K,Uzbekistan,13,DF,Sherzod Nasrullaev,1998-07-23,27,31,2,Nasaf,Uzbekistan,https://upload.wikimedia.org/wikipedia/en/thumb/b/bd/FC_Nasaf_logo.svg/250px-FC_Nasaf_logo.svg.png,0,,,,,,,,https://en.wikipedia.org/wiki/2026_FIFA_World_Cup_squads,2026-06-11T04:21:10+00:00
K,Uzbekistan,14,FW,Eldor Shomurodov,1995-06-29,30,92,44,İstanbul Başakşehir,Turkey,https://upload.wikimedia.org/wikipedia/en/thumb/e/e1/%C4%B0stanbul_Ba%C5%9Fak%C5%9Fehir_logo.svg/250px-%C4%B0stanbul_Ba%C5%9Fak%C5%9Fehir_logo.svg.png,0,,,,,,,,https://en.wikipedia.org/wiki/2026_FIFA_World_Cup_squads,2026-06-11T04:21:10+00:00
K,Uzbekistan,15,DF,Umar Eshmurodov,1992-11-30,33,29,0,Nasaf,Uzbekistan,https://upload.wikimedia.org/wikipedia/en/thumb/b/bd/FC_Nasaf_logo.svg/250px-FC_Nasaf_logo.svg.png,0,,,,,,,,https://en.wikipedia.org/wiki/2026_FIFA_World_Cup_squads,2026-06-11T04:21:10+00:00
K,Uzbekistan,16,GK,Botirali Ergashev,1995-06-23,30,2,0,Neftchi Fergana,Uzbekistan,https://upload.wikimedia.org/wikipedia/en/thumb/7/71/Neftchi-2022-08.png/250px-Neftchi-2022-08.png,0,,,,,,,,https://en.wikipedia.org/wiki/2026_FIFA_World_Cup_squads,2026-06-11T04:21:10+00:00
K,Uzbekistan,17,MF,Dostonbek Khamdamov,1996-07-24,29,34,5,Pakhtakor,Uzbekistan,https://upload.wikimedia.org/wikipedia/en/thumb/7/78/Pakhtakor_FC_logo.svg/250px-Pakhtakor_FC_logo.svg.png,0,,,,,,,,https://en.wikipedia.org/wiki/2026_FIFA_World_Cup_squads,2026-06-11T04:21:10+00:00
K,Uzbekistan,18,DF,Abdulla Abdullaev,1997-09-01,28,17,0,Dibba,the United Arab Emirates,https://upload.wikimedia.org/wikipedia/en/b/be/Dibba_club_logo.png,0,,,,,,,,https://en.wikipedia.org/wiki/2026_FIFA_World_Cup_squads,2026-06-11T04:21:10+00:00
K,Uzbekistan,19,MF,Azizjon Ganiev,1998-02-22,28,19,0,Al Bataeh,the United Arab Emirates,https://upload.wikimedia.org/wikipedia/en/thumb/c/ca/Al_Bataeh_FC.png/250px-Al_Bataeh_FC.png,0,,,,,,,,https://en.wikipedia.org/wiki/2026_FIFA_World_Cup_squads,2026-06-11T04:21:10+00:00
K,Uzbekistan,20,FW,Azizbek Amonov,1997-10-30,28,12,2,Dinamo Samarqand,Uzbekistan,https://upload.wikimedia.org/wikipedia/en/7/7a/FC_Dinamo_Samarqand_Logo.jpg,0,,,,,,,,https://en.wikipedia.org/wiki/2026_FIFA_World_Cup_squads,2026-06-11T04:21:10+00:00
K,Uzbekistan,21,FW,Igor Sergeev,1993-04-30,33,83,25,Persepolis,Iran,https://upload.wikimedia.org/wikipedia/en/thumb/0/05/FC_Persepolis_Official_Logo.svg/250px-FC_Persepolis_Official_Logo.svg.png,0,,,,,,,,https://en.wikipedia.org/wiki/2026_FIFA_World_Cup_squads,2026-06-11T04:21:10+00:00
K,Uzbekistan,22,MF,Abbosbek Fayzullaev,2003-10-03,22,32,8,İstanbul Başakşehir,Turkey,https://upload.wikimedia.org/wikipedia/en/thumb/e/e1/%C4%B0stanbul_Ba%C5%9Fak%C5%9Fehir_logo.svg/250px-%C4%B0stanbul_Ba%C5%9Fak%C5%9Fehir_logo.svg.png,0,,,,,,,,https://en.wikipedia.org/wiki/2026_FIFA_World_Cup_squads,2026-06-11T04:21:10+00:00
K,Uzbekistan,23,MF,Sherzod Esanov,2003-02-01,23,1,0,Bukhara,Uzbekistan,https://upload.wikimedia.org/wikipedia/en/9/97/FC_Bukhara_logo.png,0,,,,,,,,https://en.wikipedia.org/wiki/2026_FIFA_World_Cup_squads,2026-06-11T04:21:10+00:00
K,Uzbekistan,24,DF,Bekhruz Karimov,2007-08-07,18,2,0,Surkhon Termiz,Uzbekistan,https://upload.wikimedia.org/wikipedia/en/c/cf/FC_Surkhon_logo.png,0,,,,,,,,https://en.wikipedia.org/wiki/2026_FIFA_World_Cup_squads,2026-06-11T04:21:10+00:00
K,Uzbekistan,25,DF,Avazbek Ulmasaliev,2000-03-27,26,0,0,AGMK,Uzbekistan,https://upload.wikimedia.org/wikipedia/en/thumb/9/99/FC_AGMK_logo.svg/250px-FC_AGMK_logo.svg.png,0,,,,,,,,https://en.wikipedia.org/wiki/2026_FIFA_World_Cup_squads,2026-06-11T04:21:10+00:00
K,Uzbekistan,26,DF,Jakhongir Urozov,2004-01-18,22,4,0,Dinamo Samarqand,Uzbekistan,https://upload.wikimedia.org/wikipedia/en/7/7a/FC_Dinamo_Samarqand_Logo.jpg,0,,,,,,,,https://en.wikipedia.org/wiki/2026_FIFA_World_Cup_squads,2026-06-11T04:21:10+00:00
L,Croatia,1,GK,Dominik Livaković,1995-01-09,31,75,0,Dinamo Zagreb,Croatia,https://upload.wikimedia.org/wikipedia/commons/thumb/5/56/Logo_GNK_Dinamo_Zagreb_%282019%29.svg/250px-Logo_GNK_Dinamo_Zagreb_%282019%29.svg.png,0,,,,,,,,https://en.wikipedia.org/wiki/2026_FIFA_World_Cup_squads,2026-06-11T04:21:10+00:00
L,Croatia,2,DF,Josip Stanišić,2000-04-02,26,31,0,Bayern Munich,Germany,https://upload.wikimedia.org/wikipedia/commons/thumb/8/8d/FC_Bayern_M%C3%BCnchen_logo_%282024%29.svg/250px-FC_Bayern_M%C3%BCnchen_logo_%282024%29.svg.png,0,,,,,,,,https://en.wikipedia.org/wiki/2026_FIFA_World_Cup_squads,2026-06-11T04:21:10+00:00
L,Croatia,3,DF,Marin Pongračić,1997-09-11,28,20,0,Fiorentina,Italy,https://upload.wikimedia.org/wikipedia/commons/thumb/8/8c/ACF_Fiorentina_-_logo_%28Italy%2C_2022%29.svg/250px-ACF_Fiorentina_-_logo_%28Italy%2C_2022%29.svg.png,0,,,,,,,,https://en.wikipedia.org/wiki/2026_FIFA_World_Cup_squads,2026-06-11T04:21:10+00:00
L,Croatia,4,DF,Joško Gvardiol,2002-01-23,24,48,4,Manchester City,England,https://upload.wikimedia.org/wikipedia/en/thumb/e/eb/Manchester_City_FC_badge.svg/250px-Manchester_City_FC_badge.svg.png,0,,,,,,,,https://en.wikipedia.org/wiki/2026_FIFA_World_Cup_squads,2026-06-11T04:21:10+00:00
L,Croatia,5,DF,Duje Ćaleta-Car,1996-09-17,29,38,1,Real Sociedad,Spain,https://upload.wikimedia.org/wikipedia/en/thumb/f/f1/Real_Sociedad_logo.svg/250px-Real_Sociedad_logo.svg.png,0,,,,,,,,https://en.wikipedia.org/wiki/2026_FIFA_World_Cup_squads,2026-06-11T04:21:10+00:00
L,Croatia,6,DF,Josip Šutalo,2000-02-28,26,33,0,Ajax,the Netherlands,https://upload.wikimedia.org/wikipedia/commons/thumb/0/0d/Logo_AFC_Ajax_%281928-1991%2C_2025-%29.png/250px-Logo_AFC_Ajax_%281928-1991%2C_2025-%29.png,0,,,,,,,,https://en.wikipedia.org/wiki/2026_FIFA_World_Cup_squads,2026-06-11T04:21:10+00:00
L,Croatia,7,MF,Nikola Moro,1998-03-12,28,10,0,Bologna,Italy,https://upload.wikimedia.org/wikipedia/commons/thumb/5/5b/Bologna_F.C._1909_logo.svg/250px-Bologna_F.C._1909_logo.svg.png,0,,,,,,,,https://en.wikipedia.org/wiki/2026_FIFA_World_Cup_squads,2026-06-11T04:21:10+00:00
L,Croatia,8,MF,Mateo Kovačić,1994-05-06,32,113,5,Manchester City,England,https://upload.wikimedia.org/wikipedia/en/thumb/e/eb/Manchester_City_FC_badge.svg/250px-Manchester_City_FC_badge.svg.png,0,,,,,,,,https://en.wikipedia.org/wiki/2026_FIFA_World_Cup_squads,2026-06-11T04:21:10+00:00
L,Croatia,9,FW,Andrej Kramarić,1991-06-19,34,116,36,TSG Hoffenheim,Germany,https://upload.wikimedia.org/wikipedia/commons/thumb/e/e7/Logo_TSG_Hoffenheim.svg/250px-Logo_TSG_Hoffenheim.svg.png,0,,,,,,,,https://en.wikipedia.org/wiki/2026_FIFA_World_Cup_squads,2026-06-11T04:21:10+00:00
L,Croatia,10,MF,Luka Modrić,1985-09-09,40,198,29,Milan,Italy,https://upload.wikimedia.org/wikipedia/commons/thumb/d/d0/Logo_of_AC_Milan.svg/250px-Logo_of_AC_Milan.svg.png,6,"2015, 2016, 2017, 2018, 2019, 2022",https://en.wikipedia.org/wiki/FIFPRO_World_11,,,,,,https://en.wikipedia.org/wiki/2026_FIFA_World_Cup_squads,2026-06-11T04:21:10+00:00
L,Croatia,11,FW,Ante Budimir,1991-07-22,34,38,6,Osasuna,Spain,https://upload.wikimedia.org/wikipedia/en/thumb/3/38/CA_Osasuna_2024_crest.svg/250px-CA_Osasuna_2024_crest.svg.png,0,,,,,,,,https://en.wikipedia.org/wiki/2026_FIFA_World_Cup_squads,2026-06-11T04:21:10+00:00
L,Croatia,12,GK,Ivor Pandur,2000-03-25,26,0,0,Hull City,England,https://upload.wikimedia.org/wikipedia/en/thumb/5/54/Hull_City_A.F.C._logo.svg/250px-Hull_City_A.F.C._logo.svg.png,0,,,,,,,,https://en.wikipedia.org/wiki/2026_FIFA_World_Cup_squads,2026-06-11T04:21:10+00:00
L,Croatia,13,MF,Nikola Vlašić,1997-10-04,28,63,10,Torino,Italy,https://upload.wikimedia.org/wikipedia/en/thumb/2/2e/Torino_FC_Logo.svg/250px-Torino_FC_Logo.svg.png,0,,,,,,,,https://en.wikipedia.org/wiki/2026_FIFA_World_Cup_squads,2026-06-11T04:21:10+00:00
L,Croatia,14,FW,Ivan Perišić,1989-02-02,37,154,38,PSV Eindhoven,the Netherlands,https://upload.wikimedia.org/wikipedia/en/thumb/0/05/PSV_Eindhoven.svg/250px-PSV_Eindhoven.svg.png,0,,,,,,,,https://en.wikipedia.org/wiki/2026_FIFA_World_Cup_squads,2026-06-11T04:21:10+00:00
L,Croatia,15,MF,Mario Pašalić,1995-02-09,31,85,12,Atalanta,Italy,https://upload.wikimedia.org/wikipedia/en/thumb/f/f2/Atalanta_BC_new_logo.svg/250px-Atalanta_BC_new_logo.svg.png,0,,,,,,,,https://en.wikipedia.org/wiki/2026_FIFA_World_Cup_squads,2026-06-11T04:21:10+00:00
L,Croatia,16,MF,Martin Baturina,2003-02-16,23,19,1,Como,Italy,https://upload.wikimedia.org/wikipedia/commons/thumb/9/99/Calcio_Como_-_logo_%28Italy%2C_2019-%29.svg/250px-Calcio_Como_-_logo_%28Italy%2C_2019-%29.svg.png,0,,,,,,,,https://en.wikipedia.org/wiki/2026_FIFA_World_Cup_squads,2026-06-11T04:21:10+00:00
L,Croatia,17,MF,Petar Sučić,2003-10-25,22,17,1,Inter Milan,Italy,https://upload.wikimedia.org/wikipedia/commons/thumb/0/05/FC_Internazionale_Milano_2021.svg/250px-FC_Internazionale_Milano_2021.svg.png,0,,,,,,,,https://en.wikipedia.org/wiki/2026_FIFA_World_Cup_squads,2026-06-11T04:21:10+00:00
L,Croatia,18,DF,Kristijan Jakić,1997-05-14,29,17,2,FC Augsburg,Germany,https://upload.wikimedia.org/wikipedia/en/thumb/c/c5/FC_Augsburg_logo.svg/250px-FC_Augsburg_logo.svg.png,0,,,,,,,,https://en.wikipedia.org/wiki/2026_FIFA_World_Cup_squads,2026-06-11T04:21:10+00:00
L,Croatia,19,MF,Toni Fruk,2001-03-09,25,7,1,Rijeka,Croatia,https://upload.wikimedia.org/wikipedia/commons/thumb/a/ad/HNK_Rijeka.svg/250px-HNK_Rijeka.svg.png,0,,,,,,,,https://en.wikipedia.org/wiki/2026_FIFA_World_Cup_squads,2026-06-11T04:21:10+00:00
L,Croatia,20,FW,Igor Matanović,2003-03-31,23,9,2,SC Freiburg,Germany,https://upload.wikimedia.org/wikipedia/en/thumb/6/6d/SC_Freiburg_logo.svg/250px-SC_Freiburg_logo.svg.png,0,,,,,,,,https://en.wikipedia.org/wiki/2026_FIFA_World_Cup_squads,2026-06-11T04:21:10+00:00
L,Croatia,21,MF,Luka Sučić,2002-09-08,23,21,1,Real Sociedad,Spain,https://upload.wikimedia.org/wikipedia/en/thumb/f/f1/Real_Sociedad_logo.svg/250px-Real_Sociedad_logo.svg.png,0,,,,,,,,https://en.wikipedia.org/wiki/2026_FIFA_World_Cup_squads,2026-06-11T04:21:10+00:00
L,Croatia,22,DF,Luka Vušković,2007-02-24,19,5,1,Hamburger SV,Germany,https://upload.wikimedia.org/wikipedia/commons/thumb/f/f7/Hamburger_SV_logo.svg/250px-Hamburger_SV_logo.svg.png,0,,,,,,,,https://en.wikipedia.org/wiki/2026_FIFA_World_Cup_squads,2026-06-11T04:21:10+00:00
L,Croatia,23,GK,Dominik Kotarski,2000-02-10,26,4,0,Copenhagen,Denmark,https://upload.wikimedia.org/wikipedia/en/thumb/2/26/FC_Copenhagen_logo.svg/250px-FC_Copenhagen_logo.svg.png,0,,,,,,,,https://en.wikipedia.org/wiki/2026_FIFA_World_Cup_squads,2026-06-11T04:21:10+00:00
L,Croatia,24,FW,Marco Pašalić,2000-09-14,25,15,1,Orlando City SC,the United States,https://upload.wikimedia.org/wikipedia/en/thumb/6/6a/Orlando_City_2014.svg/250px-Orlando_City_2014.svg.png,0,,,,,,,,https://en.wikipedia.org/wiki/2026_FIFA_World_Cup_squads,2026-06-11T04:21:10+00:00
L,Croatia,25,DF,Martin Erlić,1998-01-24,28,13,1,Midtjylland,Denmark,https://upload.wikimedia.org/wikipedia/en/thumb/d/dd/FC_Midtjylland_logo.svg/250px-FC_Midtjylland_logo.svg.png,0,,,,,,,,https://en.wikipedia.org/wiki/2026_FIFA_World_Cup_squads,2026-06-11T04:21:10+00:00
L,Croatia,26,FW,Petar Musa,1998-03-04,28,11,1,FC Dallas,the United States,https://upload.wikimedia.org/wikipedia/en/thumb/c/c9/FC_Dallas_logo.svg/250px-FC_Dallas_logo.svg.png,0,,,,,,,,https://en.wikipedia.org/wiki/2026_FIFA_World_Cup_squads,2026-06-11T04:21:10+00:00
L,England,1,GK,Jordan Pickford,1994-03-07,32,84,0,Everton,England,https://upload.wikimedia.org/wikipedia/en/thumb/7/7c/Everton_FC_logo.svg/250px-Everton_FC_logo.svg.png,0,,,,,,,,https://en.wikipedia.org/wiki/2026_FIFA_World_Cup_squads,2026-06-11T04:21:10+00:00
L,England,2,DF,Ezri Konsa,1997-10-23,28,20,1,Aston Villa,England,https://upload.wikimedia.org/wikipedia/en/thumb/9/9a/Aston_Villa_FC_new_crest.svg/250px-Aston_Villa_FC_new_crest.svg.png,0,,,,,,,,https://en.wikipedia.org/wiki/2026_FIFA_World_Cup_squads,2026-06-11T04:21:10+00:00
L,England,3,DF,Nico O'Reilly,2005-03-21,21,5,0,Manchester City,England,https://upload.wikimedia.org/wikipedia/en/thumb/e/eb/Manchester_City_FC_badge.svg/250px-Manchester_City_FC_badge.svg.png,0,,,,,,,,https://en.wikipedia.org/wiki/2026_FIFA_World_Cup_squads,2026-06-11T04:21:10+00:00
L,England,4,MF,Declan Rice,1999-01-14,27,73,7,Arsenal,England,https://upload.wikimedia.org/wikipedia/en/thumb/5/53/Arsenal_FC.svg/250px-Arsenal_FC.svg.png,0,,,,,,,,https://en.wikipedia.org/wiki/2026_FIFA_World_Cup_squads,2026-06-11T04:21:10+00:00
L,England,5,DF,John Stones,1994-05-28,32,89,3,Manchester City,England,https://upload.wikimedia.org/wikipedia/en/thumb/e/eb/Manchester_City_FC_badge.svg/250px-Manchester_City_FC_badge.svg.png,1,2023,https://en.wikipedia.org/wiki/FIFPRO_World_11,,,,,,https://en.wikipedia.org/wiki/2026_FIFA_World_Cup_squads,2026-06-11T04:21:10+00:00
L,England,6,DF,Marc Guéhi,2000-07-13,25,29,1,Manchester City,England,https://upload.wikimedia.org/wikipedia/en/thumb/e/eb/Manchester_City_FC_badge.svg/250px-Manchester_City_FC_badge.svg.png,0,,,,,,,,https://en.wikipedia.org/wiki/2026_FIFA_World_Cup_squads,2026-06-11T04:21:10+00:00
L,England,7,FW,Bukayo Saka,2001-09-05,24,49,14,Arsenal,England,https://upload.wikimedia.org/wikipedia/en/thumb/5/53/Arsenal_FC.svg/250px-Arsenal_FC.svg.png,0,,,,,,,,https://en.wikipedia.org/wiki/2026_FIFA_World_Cup_squads,2026-06-11T04:21:10+00:00
L,England,8,MF,Elliot Anderson,2002-11-06,23,9,0,Nottingham Forest,England,https://upload.wikimedia.org/wikipedia/en/thumb/e/e5/Nottingham_Forest_F.C._logo.svg/120px-Nottingham_Forest_F.C._logo.svg.png,0,,,,,,,,https://en.wikipedia.org/wiki/2026_FIFA_World_Cup_squads,2026-06-11T04:21:10+00:00
L,England,9,FW,Harry Kane,1993-07-28,32,114,79,Bayern Munich,Germany,https://upload.wikimedia.org/wikipedia/commons/thumb/8/8d/FC_Bayern_M%C3%BCnchen_logo_%282024%29.svg/250px-FC_Bayern_M%C3%BCnchen_logo_%282024%29.svg.png,0,,,,,,,,https://en.wikipedia.org/wiki/2026_FIFA_World_Cup_squads,2026-06-11T04:21:10+00:00
L,England,10,MF,Jude Bellingham,2003-06-29,22,48,6,Real Madrid,Spain,https://upload.wikimedia.org/wikipedia/en/thumb/5/56/Real_Madrid_CF.svg/250px-Real_Madrid_CF.svg.png,3,"2023, 2024, 2025",https://en.wikipedia.org/wiki/FIFPRO_World_11,,,,,,https://en.wikipedia.org/wiki/2026_FIFA_World_Cup_squads,2026-06-11T04:21:10+00:00
L,England,11,FW,Marcus Rashford,1997-10-31,28,72,18,Barcelona,Spain,https://upload.wikimedia.org/wikipedia/en/thumb/4/47/FC_Barcelona_%28crest%29.svg/250px-FC_Barcelona_%28crest%29.svg.png,0,,,,,,,,https://en.wikipedia.org/wiki/2026_FIFA_World_Cup_squads,2026-06-11T04:21:10+00:00
L,England,12,DF,Tino Livramento,2002-11-12,23,6,0,Newcastle United,England,https://upload.wikimedia.org/wikipedia/en/thumb/5/56/Newcastle_United_Logo.svg/250px-Newcastle_United_Logo.svg.png,0,,,,,,,,https://en.wikipedia.org/wiki/2026_FIFA_World_Cup_squads,2026-06-11T04:21:10+00:00
L,England,13,GK,Dean Henderson,1997-03-12,29,5,0,Crystal Palace,England,https://upload.wikimedia.org/wikipedia/en/thumb/a/a2/Crystal_Palace_FC_logo_%282022%29.svg/250px-Crystal_Palace_FC_logo_%282022%29.svg.png,0,,,,,,,,https://en.wikipedia.org/wiki/2026_FIFA_World_Cup_squads,2026-06-11T04:21:10+00:00
L,England,14,MF,Jordan Henderson,1990-06-17,35,90,3,Brentford,England,https://upload.wikimedia.org/wikipedia/en/thumb/2/2a/Brentford_FC_crest.svg/250px-Brentford_FC_crest.svg.png,0,,,,,,,,https://en.wikipedia.org/wiki/2026_FIFA_World_Cup_squads,2026-06-11T04:21:10+00:00
L,England,15,DF,Dan Burn,1992-05-09,34,8,0,Newcastle United,England,https://upload.wikimedia.org/wikipedia/en/thumb/5/56/Newcastle_United_Logo.svg/250px-Newcastle_United_Logo.svg.png,0,,,,,,,,https://en.wikipedia.org/wiki/2026_FIFA_World_Cup_squads,2026-06-11T04:21:10+00:00
L,England,16,MF,Kobbie Mainoo,2005-04-19,21,14,0,Manchester United,England,https://upload.wikimedia.org/wikipedia/en/thumb/7/7a/Manchester_United_FC_crest.svg/250px-Manchester_United_FC_crest.svg.png,0,,,,,,,,https://en.wikipedia.org/wiki/2026_FIFA_World_Cup_squads,2026-06-11T04:21:10+00:00
L,England,17,MF,Morgan Rogers,2002-07-26,23,15,1,Aston Villa,England,https://upload.wikimedia.org/wikipedia/en/thumb/9/9a/Aston_Villa_FC_new_crest.svg/250px-Aston_Villa_FC_new_crest.svg.png,0,,,,,,,,https://en.wikipedia.org/wiki/2026_FIFA_World_Cup_squads,2026-06-11T04:21:10+00:00
L,England,18,FW,Anthony Gordon,2001-02-24,25,19,3,Newcastle United,England,https://upload.wikimedia.org/wikipedia/en/thumb/5/56/Newcastle_United_Logo.svg/250px-Newcastle_United_Logo.svg.png,0,,,,,,,,https://en.wikipedia.org/wiki/2026_FIFA_World_Cup_squads,2026-06-11T04:21:10+00:00
L,England,19,FW,Ollie Watkins,1995-12-30,30,22,7,Aston Villa,England,https://upload.wikimedia.org/wikipedia/en/thumb/9/9a/Aston_Villa_FC_new_crest.svg/250px-Aston_Villa_FC_new_crest.svg.png,0,,,,,,,,https://en.wikipedia.org/wiki/2026_FIFA_World_Cup_squads,2026-06-11T04:21:10+00:00
L,England,20,FW,Noni Madueke,2002-03-10,24,11,1,Arsenal,England,https://upload.wikimedia.org/wikipedia/en/thumb/5/53/Arsenal_FC.svg/250px-Arsenal_FC.svg.png,0,,,,,,,,https://en.wikipedia.org/wiki/2026_FIFA_World_Cup_squads,2026-06-11T04:21:10+00:00
L,England,21,MF,Eberechi Eze,1998-06-29,27,17,3,Arsenal,England,https://upload.wikimedia.org/wikipedia/en/thumb/5/53/Arsenal_FC.svg/250px-Arsenal_FC.svg.png,0,,,,,,,,https://en.wikipedia.org/wiki/2026_FIFA_World_Cup_squads,2026-06-11T04:21:10+00:00
L,England,22,FW,Ivan Toney,1996-03-16,30,8,1,Al-Ahli,Saudi Arabia,https://upload.wikimedia.org/wikipedia/en/thumb/4/45/Al_Ahli_Saudi_FC_logo.svg/250px-Al_Ahli_Saudi_FC_logo.svg.png,0,,,,,,,,https://en.wikipedia.org/wiki/2026_FIFA_World_Cup_squads,2026-06-11T04:21:10+00:00
L,England,23,GK,James Trafford,2002-10-10,23,2,0,Manchester City,England,https://upload.wikimedia.org/wikipedia/en/thumb/e/eb/Manchester_City_FC_badge.svg/250px-Manchester_City_FC_badge.svg.png,0,,,,,,,,https://en.wikipedia.org/wiki/2026_FIFA_World_Cup_squads,2026-06-11T04:21:10+00:00
L,England,24,DF,Reece James,1999-12-08,26,24,1,Chelsea,England,https://upload.wikimedia.org/wikipedia/en/thumb/c/cc/Chelsea_FC.svg/250px-Chelsea_FC.svg.png,0,,,,,,,,https://en.wikipedia.org/wiki/2026_FIFA_World_Cup_squads,2026-06-11T04:21:10+00:00
L,England,25,DF,Djed Spence,2000-08-09,25,6,0,Tottenham Hotspur,England,https://upload.wikimedia.org/wikipedia/en/thumb/b/b4/Tottenham_Hotspur.svg/250px-Tottenham_Hotspur.svg.png,0,,,,,,,,https://en.wikipedia.org/wiki/2026_FIFA_World_Cup_squads,2026-06-11T04:21:10+00:00
L,England,26,DF,Jarell Quansah,2003-01-29,23,3,0,Bayer Leverkusen,Germany,https://upload.wikimedia.org/wikipedia/en/thumb/5/59/Bayer_04_Leverkusen_logo.svg/250px-Bayer_04_Leverkusen_logo.svg.png,0,,,,,,,,https://en.wikipedia.org/wiki/2026_FIFA_World_Cup_squads,2026-06-11T04:21:10+00:00
L,Ghana,1,GK,Lawrence Ati-Zigi,1996-11-29,29,29,0,St. Gallen,Switzerland,https://upload.wikimedia.org/wikipedia/commons/thumb/e/e3/FC_St._Gallen_logo.svg/250px-FC_St._Gallen_logo.svg.png,0,,,,,,,,https://en.wikipedia.org/wiki/2026_FIFA_World_Cup_squads,2026-06-11T04:21:10+00:00
L,Ghana,2,DF,Alidu Seidu,2000-06-04,26,24,1,Rennes,France,https://upload.wikimedia.org/wikipedia/en/thumb/9/9e/Stade_Rennais_FC.svg/250px-Stade_Rennais_FC.svg.png,0,,,,,,,,https://en.wikipedia.org/wiki/2026_FIFA_World_Cup_squads,2026-06-11T04:21:10+00:00
L,Ghana,3,MF,Caleb Yirenkyi,2006-01-15,20,11,1,Nordsjælland,Denmark,https://upload.wikimedia.org/wikipedia/en/thumb/2/23/FC_Nordsj%C3%A6lland_logo.svg/250px-FC_Nordsj%C3%A6lland_logo.svg.png,0,,,,,,,,https://en.wikipedia.org/wiki/2026_FIFA_World_Cup_squads,2026-06-11T04:21:10+00:00
L,Ghana,4,DF,Jonas Adjetey,2003-12-13,22,10,0,VfL Wolfsburg,Germany,https://upload.wikimedia.org/wikipedia/commons/thumb/c/c5/VfL_Wolfsburg_logo_2026.svg/250px-VfL_Wolfsburg_logo_2026.svg.png,0,,,,,,,,https://en.wikipedia.org/wiki/2026_FIFA_World_Cup_squads,2026-06-11T04:21:10+00:00
L,Ghana,5,MF,Thomas Partey,1993-06-13,32,57,15,Villarreal,Spain,https://upload.wikimedia.org/wikipedia/en/thumb/b/b9/Villarreal_CF_logo-en.svg/250px-Villarreal_CF_logo-en.svg.png,0,,,,,,,,https://en.wikipedia.org/wiki/2026_FIFA_World_Cup_squads,2026-06-11T04:21:10+00:00
L,Ghana,6,DF,Abdul Mumin,1998-06-06,28,5,0,Rayo Vallecano,Spain,https://upload.wikimedia.org/wikipedia/en/thumb/d/d8/Rayo_Vallecano_logo.svg/250px-Rayo_Vallecano_logo.svg.png,0,,,,,,,,https://en.wikipedia.org/wiki/2026_FIFA_World_Cup_squads,2026-06-11T04:21:10+00:00
L,Ghana,7,FW,Abdul Fatawu,2004-03-08,22,28,3,Leicester City,England,https://upload.wikimedia.org/wikipedia/en/thumb/2/2d/Leicester_City_crest.svg/250px-Leicester_City_crest.svg.png,0,,,,,,,,https://en.wikipedia.org/wiki/2026_FIFA_World_Cup_squads,2026-06-11T04:21:10+00:00
L,Ghana,8,MF,Kwasi Sibo,1998-06-24,27,8,0,Oviedo,Spain,https://upload.wikimedia.org/wikipedia/en/thumb/6/6e/Real_Oviedo_logo.svg/250px-Real_Oviedo_logo.svg.png,0,,,,,,,,https://en.wikipedia.org/wiki/2026_FIFA_World_Cup_squads,2026-06-11T04:21:10+00:00
L,Ghana,9,FW,Jordan Ayew,1991-09-11,34,120,34,Leicester City,England,https://upload.wikimedia.org/wikipedia/en/thumb/2/2d/Leicester_City_crest.svg/250px-Leicester_City_crest.svg.png,0,,,,,,,,https://en.wikipedia.org/wiki/2026_FIFA_World_Cup_squads,2026-06-11T04:21:10+00:00
L,Ghana,10,FW,Brandon Thomas-Asante,1998-12-29,27,8,1,Coventry City,England,https://upload.wikimedia.org/wikipedia/en/thumb/7/7b/Coventry_City_FC_crest.svg/250px-Coventry_City_FC_crest.svg.png,0,,,,,,,,https://en.wikipedia.org/wiki/2026_FIFA_World_Cup_squads,2026-06-11T04:21:10+00:00
L,Ghana,11,MF,Antoine Semenyo,2000-01-07,26,34,3,Manchester City,England,https://upload.wikimedia.org/wikipedia/en/thumb/e/eb/Manchester_City_FC_badge.svg/250px-Manchester_City_FC_badge.svg.png,0,,,,,,,,https://en.wikipedia.org/wiki/2026_FIFA_World_Cup_squads,2026-06-11T04:21:10+00:00
L,Ghana,12,GK,Joseph Anang,2000-06-08,26,1,0,St Patrick's Athletic,Ireland,https://upload.wikimedia.org/wikipedia/en/thumb/b/b6/St._Patrick%27s_Athletic_F.C._crest.svg/250px-St._Patrick%27s_Athletic_F.C._crest.svg.png,0,,,,,,,,https://en.wikipedia.org/wiki/2026_FIFA_World_Cup_squads,2026-06-11T04:21:10+00:00
L,Ghana,13,FW,Christopher Bonsu Baah,2004-12-14,21,9,0,Al-Qadsiah,Saudi Arabia,https://upload.wikimedia.org/wikipedia/commons/thumb/6/68/QAD_LOGO.png/250px-QAD_LOGO.png,0,,,,,,,,https://en.wikipedia.org/wiki/2026_FIFA_World_Cup_squads,2026-06-11T04:21:10+00:00
L,Ghana,14,DF,Gideon Mensah,1998-07-18,27,40,0,Auxerre,France,https://upload.wikimedia.org/wikipedia/en/thumb/5/51/AJAuxerreLogo.svg/250px-AJAuxerreLogo.svg.png,0,,,,,,,,https://en.wikipedia.org/wiki/2026_FIFA_World_Cup_squads,2026-06-11T04:21:10+00:00
L,Ghana,15,MF,Elisha Owusu,1997-11-07,28,20,0,Auxerre,France,https://upload.wikimedia.org/wikipedia/en/thumb/5/51/AJAuxerreLogo.svg/250px-AJAuxerreLogo.svg.png,0,,,,,,,,https://en.wikipedia.org/wiki/2026_FIFA_World_Cup_squads,2026-06-11T04:21:10+00:00
L,Ghana,16,GK,Benjamin Asare,1992-07-13,33,11,0,Hearts of Oak,Ghana,https://upload.wikimedia.org/wikipedia/en/thumb/0/01/Accra_hearts_of_oak_sc.png/250px-Accra_hearts_of_oak_sc.png,0,,,,,,,,https://en.wikipedia.org/wiki/2026_FIFA_World_Cup_squads,2026-06-11T04:21:10+00:00
L,Ghana,17,DF,Abdul Rahman Baba,1994-07-02,31,51,1,PAOK,Greece,https://upload.wikimedia.org/wikipedia/en/thumb/e/e6/PAOK_FC_EMBLEM.png/250px-PAOK_FC_EMBLEM.png,0,,,,,,,,https://en.wikipedia.org/wiki/2026_FIFA_World_Cup_squads,2026-06-11T04:21:10+00:00
L,Ghana,18,DF,Jerome Opoku,1998-10-14,27,11,1,İstanbul Başakşehir,Turkey,https://upload.wikimedia.org/wikipedia/en/thumb/e/e1/%C4%B0stanbul_Ba%C5%9Fak%C5%9Fehir_logo.svg/250px-%C4%B0stanbul_Ba%C5%9Fak%C5%9Fehir_logo.svg.png,0,,,,,,,,https://en.wikipedia.org/wiki/2026_FIFA_World_Cup_squads,2026-06-11T04:21:10+00:00
L,Ghana,19,FW,Iñaki Williams,1994-06-15,31,26,2,Athletic Bilbao,Spain,https://upload.wikimedia.org/wikipedia/en/thumb/9/98/Club_Athletic_Bilbao_logo.svg/250px-Club_Athletic_Bilbao_logo.svg.png,0,,,,,,,,https://en.wikipedia.org/wiki/2026_FIFA_World_Cup_squads,2026-06-11T04:21:10+00:00
L,Ghana,20,MF,Augustine Boakye,2000-11-03,25,0,0,Saint-Étienne,France,https://upload.wikimedia.org/wikipedia/en/thumb/2/25/AS_Saint-%C3%89tienne_logo.svg/250px-AS_Saint-%C3%89tienne_logo.svg.png,0,,,,,,,,https://en.wikipedia.org/wiki/2026_FIFA_World_Cup_squads,2026-06-11T04:21:10+00:00
L,Ghana,21,DF,Kojo Peprah Oppong,2004-06-04,22,4,0,Nice,France,https://upload.wikimedia.org/wikipedia/en/thumb/2/2e/OGC_Nice_logo.svg/250px-OGC_Nice_logo.svg.png,0,,,,,,,,https://en.wikipedia.org/wiki/2026_FIFA_World_Cup_squads,2026-06-11T04:21:10+00:00
L,Ghana,22,FW,Kamaldeen Sulemana,2002-02-15,24,28,1,Atalanta,Italy,https://upload.wikimedia.org/wikipedia/en/thumb/f/f2/Atalanta_BC_new_logo.svg/250px-Atalanta_BC_new_logo.svg.png,0,,,,,,,,https://en.wikipedia.org/wiki/2026_FIFA_World_Cup_squads,2026-06-11T04:21:10+00:00
L,Ghana,23,DF,Derrick Luckassen,1995-07-03,30,1,0,Pafos,Cyprus,https://upload.wikimedia.org/wikipedia/en/thumb/9/9b/Pafos_FC_crest.svg/250px-Pafos_FC_crest.svg.png,0,,,,,,,,https://en.wikipedia.org/wiki/2026_FIFA_World_Cup_squads,2026-06-11T04:21:10+00:00
L,Ghana,24,FW,Ernest Nuamah,2003-11-01,22,18,4,Lyon,France,https://upload.wikimedia.org/wikipedia/en/thumb/1/1c/Olympique_Lyonnais_logo.svg/250px-Olympique_Lyonnais_logo.svg.png,0,,,,,,,,https://en.wikipedia.org/wiki/2026_FIFA_World_Cup_squads,2026-06-11T04:21:10+00:00
L,Ghana,25,FW,Prince Kwabena Adu,2003-09-23,22,5,0,Viktoria Plzeň,the Czech Republic,https://upload.wikimedia.org/wikipedia/en/thumb/e/e3/Viktoria_Plzen_logo.svg/250px-Viktoria_Plzen_logo.svg.png,0,,,,,,,,https://en.wikipedia.org/wiki/2026_FIFA_World_Cup_squads,2026-06-11T04:21:10+00:00
L,Ghana,26,DF,Marvin Senaya,2001-01-28,25,2,0,Auxerre,France,https://upload.wikimedia.org/wikipedia/en/thumb/5/51/AJAuxerreLogo.svg/250px-AJAuxerreLogo.svg.png,0,,,,,,,,https://en.wikipedia.org/wiki/2026_FIFA_World_Cup_squads,2026-06-11T04:21:10+00:00
L,Panama,1,GK,Luis Mejía,1991-03-16,35,56,0,Nacional,Uruguay,https://upload.wikimedia.org/wikipedia/commons/thumb/e/e6/Club_Nacional_de_Football.png/250px-Club_Nacional_de_Football.png,0,,,,,,,,https://en.wikipedia.org/wiki/2026_FIFA_World_Cup_squads,2026-06-11T04:21:10+00:00
L,Panama,2,DF,César Blackman,1998-04-02,28,40,3,Slovan Bratislava,Slovakia,https://upload.wikimedia.org/wikipedia/commons/thumb/0/01/SK_Slovan_Bratislava_logo.svg/250px-SK_Slovan_Bratislava_logo.svg.png,0,,,,,,,,https://en.wikipedia.org/wiki/2026_FIFA_World_Cup_squads,2026-06-11T04:21:10+00:00
L,Panama,3,DF,José Córdoba,2001-06-03,25,32,1,Norwich City,England,https://upload.wikimedia.org/wikipedia/en/thumb/1/17/Norwich_City_FC_logo.svg/250px-Norwich_City_FC_logo.svg.png,0,,,,,,,,https://en.wikipedia.org/wiki/2026_FIFA_World_Cup_squads,2026-06-11T04:21:10+00:00
L,Panama,4,DF,Fidel Escobar,1995-01-09,31,99,4,Saprissa,Costa Rica,https://upload.wikimedia.org/wikipedia/commons/thumb/1/14/Escudo_Saprissa_2012.svg/250px-Escudo_Saprissa_2012.svg.png,0,,,,,,,,https://en.wikipedia.org/wiki/2026_FIFA_World_Cup_squads,2026-06-11T04:21:10+00:00
L,Panama,5,DF,Edgardo Fariña,2001-10-19,24,18,0,Pari Nizhny Novgorod,Russia,https://upload.wikimedia.org/wikipedia/en/thumb/2/24/FC_Nizhny_Novgorod_emblem.svg/250px-FC_Nizhny_Novgorod_emblem.svg.png,0,,,,,,,,https://en.wikipedia.org/wiki/2026_FIFA_World_Cup_squads,2026-06-11T04:21:10+00:00
L,Panama,6,MF,Cristian Martínez,1997-02-06,29,66,2,Ironi Kiryat Shmona,Israel,https://upload.wikimedia.org/wikipedia/en/thumb/d/d1/Hapoel_Ironi_Kiryat_Shmona_badge.png/250px-Hapoel_Ironi_Kiryat_Shmona_badge.png,0,,,,,,,,https://en.wikipedia.org/wiki/2026_FIFA_World_Cup_squads,2026-06-11T04:21:10+00:00
L,Panama,7,MF,José Luis Rodríguez,1998-06-19,27,70,8,Juárez,Mexico,https://upload.wikimedia.org/wikipedia/en/thumb/9/9d/FC_Ju%C3%A1rez_logo.svg/250px-FC_Ju%C3%A1rez_logo.svg.png,0,,,,,,,,https://en.wikipedia.org/wiki/2026_FIFA_World_Cup_squads,2026-06-11T04:21:10+00:00
L,Panama,8,MF,Adalberto Carrasquilla,1998-11-28,27,73,3,UNAM,Mexico,https://upload.wikimedia.org/wikipedia/en/thumb/b/b7/Club_Universidad_Nacional_logo.svg/250px-Club_Universidad_Nacional_logo.svg.png,0,,,,,,,,https://en.wikipedia.org/wiki/2026_FIFA_World_Cup_squads,2026-06-11T04:21:10+00:00
L,Panama,9,FW,Tomás Rodríguez,1999-03-09,27,13,4,Saprissa,Costa Rica,https://upload.wikimedia.org/wikipedia/commons/thumb/1/14/Escudo_Saprissa_2012.svg/250px-Escudo_Saprissa_2012.svg.png,0,,,,,,,,https://en.wikipedia.org/wiki/2026_FIFA_World_Cup_squads,2026-06-11T04:21:10+00:00
L,Panama,10,MF,Ismael Díaz,1997-05-12,29,57,17,León,Mexico,https://upload.wikimedia.org/wikipedia/en/thumb/8/8f/Club_Leon_Logo.svg/250px-Club_Leon_Logo.svg.png,0,,,,,,,,https://en.wikipedia.org/wiki/2026_FIFA_World_Cup_squads,2026-06-11T04:21:10+00:00
L,Panama,11,MF,Yoel Bárcenas,1993-10-23,32,104,10,Mazatlán,Mexico,https://upload.wikimedia.org/wikipedia/en/thumb/d/da/Mazatl%C3%A1n_F.C._logo.svg/250px-Mazatl%C3%A1n_F.C._logo.svg.png,0,,,,,,,,https://en.wikipedia.org/wiki/2026_FIFA_World_Cup_squads,2026-06-11T04:21:10+00:00
L,Panama,12,GK,César Samudio,1994-02-23,32,5,0,Marathón,Honduras,https://upload.wikimedia.org/wikipedia/en/thumb/c/cb/CD_Marathon.svg/250px-CD_Marathon.svg.png,0,,,,,,,,https://en.wikipedia.org/wiki/2026_FIFA_World_Cup_squads,2026-06-11T04:21:10+00:00
L,Panama,13,DF,Jiovany Ramos,1997-01-26,29,23,2,Puerto Cabello,Venezuela,https://upload.wikimedia.org/wikipedia/en/thumb/a/a7/Academia_Puerto_Cabello.png/250px-Academia_Puerto_Cabello.png,0,,,,,,,,https://en.wikipedia.org/wiki/2026_FIFA_World_Cup_squads,2026-06-11T04:21:10+00:00
L,Panama,14,DF,Carlos Harvey,2000-02-03,26,28,3,Minnesota United FC,the United States,https://upload.wikimedia.org/wikipedia/en/thumb/e/e8/Minnesota_United_FC_%28MLS%29_Primary_logo.svg/250px-Minnesota_United_FC_%28MLS%29_Primary_logo.svg.png,0,,,,,,,,https://en.wikipedia.org/wiki/2026_FIFA_World_Cup_squads,2026-06-11T04:21:10+00:00
L,Panama,15,DF,Eric Davis,1991-03-31,35,107,9,Plaza Amador,Panama,https://upload.wikimedia.org/wikipedia/en/thumb/2/20/Cd_plaza_amador_logo.png/120px-Cd_plaza_amador_logo.png,0,,,,,,,,https://en.wikipedia.org/wiki/2026_FIFA_World_Cup_squads,2026-06-11T04:21:10+00:00
L,Panama,16,DF,Andrés Andrade,1998-10-16,27,50,1,LASK,Austria,https://upload.wikimedia.org/wikipedia/commons/thumb/a/a2/LASK-Logo_2023.svg/250px-LASK-Logo_2023.svg.png,0,,,,,,,,https://en.wikipedia.org/wiki/2026_FIFA_World_Cup_squads,2026-06-11T04:21:10+00:00
L,Panama,17,FW,José Fajardo,1993-08-18,32,68,17,Universidad Católica,Ecuador,https://upload.wikimedia.org/wikipedia/commons/thumb/7/73/UCat%C3%B3lica.png/250px-UCat%C3%B3lica.png,0,,,,,,,,https://en.wikipedia.org/wiki/2026_FIFA_World_Cup_squads,2026-06-11T04:21:10+00:00
L,Panama,18,FW,Cecilio Waterman,1991-04-13,35,55,15,Universidad de Concepción,Chile,https://upload.wikimedia.org/wikipedia/en/thumb/e/ec/Universidad_concepcion.png/250px-Universidad_concepcion.png,0,,,,,,,,https://en.wikipedia.org/wiki/2026_FIFA_World_Cup_squads,2026-06-11T04:21:10+00:00
L,Panama,19,MF,Alberto Quintero,1987-12-18,38,141,7,Plaza Amador,Panama,https://upload.wikimedia.org/wikipedia/en/thumb/2/20/Cd_plaza_amador_logo.png/120px-Cd_plaza_amador_logo.png,0,,,,,,,,https://en.wikipedia.org/wiki/2026_FIFA_World_Cup_squads,2026-06-11T04:21:10+00:00
L,Panama,20,MF,Aníbal Godoy,1990-02-10,36,159,4,San Diego FC,the United States,https://upload.wikimedia.org/wikipedia/en/thumb/6/6f/San_Diego_FC_logo.svg/250px-San_Diego_FC_logo.svg.png,0,,,,,,,,https://en.wikipedia.org/wiki/2026_FIFA_World_Cup_squads,2026-06-11T04:21:10+00:00
L,Panama,21,MF,César Yanis,1996-01-28,30,56,5,Cobresal,Chile,https://upload.wikimedia.org/wikipedia/en/thumb/5/54/CD_Cobresal.png/250px-CD_Cobresal.png,0,,,,,,,,https://en.wikipedia.org/wiki/2026_FIFA_World_Cup_squads,2026-06-11T04:21:10+00:00
L,Panama,22,GK,Orlando Mosquera,1994-12-25,31,48,0,Al-Fayha,Saudi Arabia,https://upload.wikimedia.org/wikipedia/en/thumb/0/0f/Al-Fayha_FC.svg/250px-Al-Fayha_FC.svg.png,0,,,,,,,,https://en.wikipedia.org/wiki/2026_FIFA_World_Cup_squads,2026-06-11T04:21:10+00:00
L,Panama,23,DF,Michael Amir Murillo,1996-02-11,30,94,9,Beşiktaş,Turkey,https://upload.wikimedia.org/wikipedia/commons/thumb/d/da/BesiktasJK-Logo.svg/250px-BesiktasJK-Logo.svg.png,0,,,,,,,,https://en.wikipedia.org/wiki/2026_FIFA_World_Cup_squads,2026-06-11T04:21:10+00:00
L,Panama,24,FW,Azarias Londoño,2001-06-21,24,11,0,Universidad Católica,Ecuador,https://upload.wikimedia.org/wikipedia/commons/thumb/7/73/UCat%C3%B3lica.png/250px-UCat%C3%B3lica.png,0,,,,,,,,https://en.wikipedia.org/wiki/2026_FIFA_World_Cup_squads,2026-06-11T04:21:10+00:00
L,Panama,25,DF,Roderick Miller,1992-04-03,34,50,2,Turan Tovuz,Azerbaijan,https://upload.wikimedia.org/wikipedia/en/thumb/b/b3/Turan_Tovuz_logo.png/250px-Turan_Tovuz_logo.png,0,,,,,,,,https://en.wikipedia.org/wiki/2026_FIFA_World_Cup_squads,2026-06-11T04:21:10+00:00
L,Panama,26,DF,Jorge Gutiérrez,1998-09-01,27,18,0,Deportivo La Guaira,Venezuela,https://upload.wikimedia.org/wikipedia/en/f/fa/Deportivo_La_Guaira_logo.png,0,,,,,,,,https://en.wikipedia.org/wiki/2026_FIFA_World_Cup_squads,2026-06-11T04:21:10+00:00
